TIME,H2S PPB Médio,H2S PPB Máximo,H2S PPB Mínimo,H2S uG Médio
2026-03-18 16:58:37,19 ppb,23 ppb,18 ppb,26 ppb
2026-03-18 17:28:43,19 ppb,22 ppb,19 ppb,26 ppb
2026-03-18 17:59:00,19 ppb,22 ppb,19 ppb,26 ppb
2026-03-18 18:29:07,19 ppb,22 ppb,19 ppb,26 ppb
2026-03-18 18:59:13,20 ppb,28 ppb,19 ppb,28 ppb
2026-03-18 19:29:19,22 ppb,29 ppb,19 ppb,31 ppb
2026-03-18 19:59:25,27 ppb,29 ppb,24 ppb,38 ppb
2026-03-18 20:59:38,26 ppb,29 ppb,23 ppb,36 ppb
2026-03-18 21:29:44,27 ppb,30 ppb,25 ppb,37 ppb
2026-03-18 21:59:50,28 ppb,30 ppb,27 ppb,39 ppb
2026-03-18 22:29:56,29 ppb,30 ppb,27 ppb,40 ppb
2026-03-18 23:00:03,29 ppb,31 ppb,27 ppb,40 ppb
2026-03-18 23:30:09,30 ppb,31 ppb,28 ppb,42 ppb
2026-03-19 00:00:15,30 ppb,31 ppb,28 ppb,42 ppb
2026-03-19 00:30:21,30 ppb,31 ppb,29 ppb,42 ppb
2026-03-19 01:00:27,31 ppb,32 ppb,30 ppb,43 ppb
2026-03-19 01:30:34,31 ppb,32 ppb,30 ppb,43 ppb
2026-03-19 02:00:40,31 ppb,32 ppb,30 ppb,43 ppb
2026-03-19 02:30:46,31 ppb,32 ppb,31 ppb,43 ppb
2026-03-19 03:00:52,32 ppb,33 ppb,29 ppb,44 ppb
2026-03-19 03:30:58,32 ppb,33 ppb,31 ppb,44 ppb
2026-03-19 04:01:10,33 ppb,33 ppb,33 ppb,46 ppb
2026-03-19 05:01:22,33 ppb,34 ppb,33 ppb,46 ppb
2026-03-19 05:31:28,33 ppb,34 ppb,32 ppb,46 ppb
2026-03-19 06:01:35,33 ppb,34 ppb,33 ppb,46 ppb
2026-03-19 06:31:41,33 ppb,34 ppb,33 ppb,46 ppb
2026-03-19 07:01:47,34 ppb,34 ppb,34 ppb,47 ppb
2026-03-19 07:31:53,33 ppb,34 ppb,33 ppb,46 ppb
2026-03-19 08:02:00,33 ppb,34 ppb,33 ppb,46 ppb
2026-03-19 08:32:06,33 ppb,34 ppb,32 ppb,46 ppb
2026-03-19 09:02:12,33 ppb,34 ppb,31 ppb,46 ppb
2026-03-19 09:32:18,32 ppb,34 ppb,29 ppb,44 ppb
2026-03-19 10:02:24,31 ppb,33 ppb,28 ppb,43 ppb
2026-03-19 10:32:30,30 ppb,33 ppb,29 ppb,41 ppb
2026-03-19 11:02:37,31 ppb,33 ppb,29 ppb,43 ppb
2026-03-19 11:32:43,31 ppb,33 ppb,29 ppb,43 ppb
2026-03-19 12:02:49,30 ppb,32 ppb,28 ppb,41 ppb
2026-03-19 12:32:55,30 ppb,32 ppb,27 ppb,41 ppb
2026-03-19 13:03:01,30 ppb,32 ppb,29 ppb,41 ppb
2026-03-19 13:33:08,31 ppb,32 ppb,29 ppb,43 ppb
2026-03-19 14:03:25,31 ppb,32 ppb,31 ppb,43 ppb
2026-03-19 14:33:37,32 ppb,32 ppb,32 ppb,44 ppb
2026-03-19 15:03:43,31 ppb,32 ppb,29 ppb,43 ppb
2026-03-19 15:33:49,31 ppb,32 ppb,30 ppb,43 ppb
2026-03-19 16:03:55,32 ppb,32 ppb,32 ppb,44 ppb
2026-03-19 16:34:01,31 ppb,32 ppb,31 ppb,43 ppb
2026-03-19 17:04:08,32 ppb,32 ppb,32 ppb,44 ppb
2026-03-19 17:34:14,32 ppb,33 ppb,32 ppb,44 ppb
2026-03-19 18:04:20,33 ppb,33 ppb,33 ppb,45 ppb
2026-03-19 18:34:26,32 ppb,33 ppb,31 ppb,44 ppb
2026-03-19 19:04:33,32 ppb,33 ppb,32 ppb,44 ppb
2026-03-19 19:34:39,33 ppb,33 ppb,33 ppb,45 ppb
2026-03-19 20:04:45,32 ppb,33 ppb,32 ppb,44 ppb
2026-03-19 20:34:51,32 ppb,33 ppb,31 ppb,44 ppb
2026-03-19 21:04:57,32 ppb,33 ppb,31 ppb,44 ppb
2026-03-19 21:35:04,32 ppb,33 ppb,31 ppb,44 ppb
2026-03-19 22:05:10,32 ppb,33 ppb,30 ppb,44 ppb
2026-03-19 23:05:22,33 ppb,33 ppb,33 ppb,46 ppb
2026-03-19 23:35:34,32 ppb,33 ppb,31 ppb,44 ppb
2026-03-20 00:05:40,32 ppb,33 ppb,31 ppb,44 ppb
2026-03-20 00:35:46,32 ppb,33 ppb,31 ppb,44 ppb
2026-03-20 01:05:53,32 ppb,33 ppb,32 ppb,44 ppb
2026-03-20 01:35:59,32 ppb,33 ppb,32 ppb,44 ppb
2026-03-20 02:06:05,33 ppb,33 ppb,33 ppb,46 ppb
2026-03-20 02:36:11,32 ppb,33 ppb,32 ppb,44 ppb
2026-03-20 03:06:17,32 ppb,33 ppb,32 ppb,44 ppb
2026-03-20 03:36:23,32 ppb,33 ppb,30 ppb,44 ppb
2026-03-20 04:06:30,32 ppb,33 ppb,32 ppb,44 ppb
2026-03-20 04:36:36,32 ppb,33 ppb,32 ppb,44 ppb
2026-03-20 05:06:42,32 ppb,33 ppb,32 ppb,44 ppb
2026-03-20 05:36:49,33 ppb,34 ppb,33 ppb,46 ppb
2026-03-20 06:06:54,34 ppb,34 ppb,34 ppb,47 ppb
2026-03-20 06:37:01,34 ppb,34 ppb,34 ppb,47 ppb
2026-03-20 07:07:07,34 ppb,34 ppb,34 ppb,47 ppb
2026-03-20 07:37:13,34 ppb,35 ppb,34 ppb,47 ppb
2026-03-20 08:07:19,34 ppb,35 ppb,34 ppb,47 ppb
2026-03-20 08:37:26,34 ppb,34 ppb,34 ppb,47 ppb
2026-03-20 09:07:37,33 ppb,34 ppb,33 ppb,46 ppb
2026-03-20 09:37:49,33 ppb,34 ppb,31 ppb,45 ppb
2026-03-20 10:07:55,33 ppb,34 ppb,32 ppb,45 ppb
2026-03-20 10:38:01,33 ppb,34 ppb,32 ppb,45 ppb
2026-03-20 11:08:08,33 ppb,34 ppb,32 ppb,45 ppb
2026-03-20 11:38:14,33 ppb,34 ppb,30 ppb,45 ppb
2026-03-20 12:08:20,31 ppb,33 ppb,29 ppb,43 ppb
2026-03-20 12:38:26,31 ppb,33 ppb,28 ppb,43 ppb
2026-03-20 13:08:32,32 ppb,33 ppb,31 ppb,44 ppb
2026-03-20 13:38:39,31 ppb,32 ppb,30 ppb,43 ppb
2026-03-20 14:08:45,31 ppb,32 ppb,29 ppb,43 ppb
2026-03-20 14:38:56,23 ppb,32 ppb,16 ppb,32 ppb
2026-03-20 15:09:03,16 ppb,17 ppb,15 ppb,22 ppb
2026-03-20 15:39:09,16 ppb,17 ppb,16 ppb,22 ppb
2026-03-20 16:09:15,16 ppb,17 ppb,16 ppb,22 ppb
2026-03-20 16:39:21,16 ppb,17 ppb,16 ppb,22 ppb
2026-03-20 17:09:28,17 ppb,22 ppb,17 ppb,24 ppb
2026-03-20 17:39:34,19 ppb,24 ppb,17 ppb,26 ppb
2026-03-20 18:09:40,22 ppb,26 ppb,19 ppb,30 ppb
2026-03-20 18:39:52,26 ppb,28 ppb,23 ppb,36 ppb
2026-03-20 19:09:58,28 ppb,28 ppb,28 ppb,39 ppb
2026-03-20 19:40:04,28 ppb,29 ppb,28 ppb,39 ppb
2026-03-20 20:10:10,29 ppb,29 ppb,29 ppb,40 ppb
2026-03-20 20:40:16,29 ppb,30 ppb,29 ppb,40 ppb
2026-03-20 21:10:23,30 ppb,30 ppb,30 ppb,41 ppb
2026-03-20 21:40:29,29 ppb,30 ppb,29 ppb,40 ppb
2026-03-20 22:10:35,30 ppb,30 ppb,30 ppb,41 ppb
2026-03-20 23:10:47,30 ppb,31 ppb,30 ppb,41 ppb
2026-03-20 23:40:54,30 ppb,31 ppb,29 ppb,41 ppb
2026-03-21 00:11:00,31 ppb,31 ppb,31 ppb,43 ppb
2026-03-21 00:41:06,31 ppb,31 ppb,31 ppb,43 ppb
2026-03-21 01:11:12,30 ppb,31 ppb,30 ppb,41 ppb
2026-03-21 01:41:18,31 ppb,31 ppb,31 ppb,43 ppb
2026-03-21 02:11:25,31 ppb,32 ppb,31 ppb,43 ppb
2026-03-21 02:41:31,32 ppb,32 ppb,32 ppb,44 ppb
2026-03-21 03:11:37,32 ppb,32 ppb,32 ppb,44 ppb
2026-03-21 03:41:43,32 ppb,32 ppb,32 ppb,44 ppb
2026-03-21 04:11:49,32 ppb,32 ppb,32 ppb,44 ppb
2026-03-21 04:42:01,32 ppb,33 ppb,32 ppb,44 ppb
2026-03-21 05:12:07,33 ppb,33 ppb,33 ppb,45 ppb
2026-03-21 05:42:13,32 ppb,33 ppb,32 ppb,44 ppb
2026-03-21 06:12:20,33 ppb,33 ppb,33 ppb,45 ppb
2026-03-21 06:42:26,33 ppb,34 ppb,33 ppb,45 ppb
2026-03-21 07:12:32,33 ppb,33 ppb,33 ppb,45 ppb
2026-03-21 07:42:38,34 ppb,36 ppb,33 ppb,47 ppb
2026-03-21 08:12:44,34 ppb,35 ppb,34 ppb,47 ppb
2026-03-21 08:42:51,33 ppb,34 ppb,32 ppb,45 ppb
2026-03-21 09:12:57,33 ppb,34 ppb,31 ppb,45 ppb
2026-03-21 09:43:03,31 ppb,34 ppb,22 ppb,43 ppb
2026-03-21 10:13:09,18 ppb,20 ppb,18 ppb,25 ppb
2026-03-21 10:43:16,19 ppb,21 ppb,19 ppb,26 ppb
2026-03-21 11:13:22,25 ppb,30 ppb,20 ppb,34 ppb
2026-03-21 11:43:28,29 ppb,30 ppb,27 ppb,40 ppb
2026-03-21 12:13:34,30 ppb,30 ppb,30 ppb,41 ppb
2026-03-21 12:43:41,22 ppb,31 ppb,18 ppb,30 ppb
2026-03-21 13:55:11,20 ppb,27 ppb,4 ppb,2455 ppb
2026-03-21 14:25:22,27 ppb,28 ppb,25 ppb,3303 ppb
2026-03-21 14:55:34,28 ppb,29 ppb,28 ppb,3418 ppb
2026-03-21 15:25:40,29 ppb,30 ppb,29 ppb,3537 ppb
2026-03-21 15:55:47,30 ppb,30 ppb,30 ppb,3657 ppb
2026-03-21 16:25:53,30 ppb,30 ppb,30 ppb,3654 ppb
2026-03-21 16:55:59,30 ppb,30 ppb,30 ppb,3652 ppb
2026-03-21 17:26:05,30 ppb,31 ppb,30 ppb,3652 ppb
2026-03-21 17:56:11,31 ppb,31 ppb,31 ppb,3775 ppb
2026-03-21 18:26:18,31 ppb,31 ppb,31 ppb,3776 ppb
2026-03-21 18:56:24,31 ppb,31 ppb,31 ppb,3776 ppb
2026-03-21 19:26:30,31 ppb,31 ppb,31 ppb,3776 ppb
2026-03-21 19:56:36,31 ppb,32 ppb,31 ppb,3776 ppb
2026-03-21 20:26:43,32 ppb,32 ppb,32 ppb,3898 ppb
2026-03-21 20:56:49,32 ppb,32 ppb,32 ppb,3898 ppb
2026-03-21 21:26:55,32 ppb,32 ppb,32 ppb,3898 ppb
2026-03-21 21:57:01,32 ppb,32 ppb,32 ppb,3898 ppb
2026-03-21 22:27:08,32 ppb,32 ppb,32 ppb,3898 ppb
2026-03-21 22:57:14,32 ppb,32 ppb,32 ppb,3898 ppb
2026-03-21 23:27:20,32 ppb,32 ppb,32 ppb,3898 ppb
2026-03-21 23:57:26,32 ppb,32 ppb,32 ppb,3898 ppb
2026-03-22 00:27:38,32 ppb,32 ppb,32 ppb,3898 ppb
2026-03-22 00:57:44,32 ppb,32 ppb,32 ppb,3898 ppb
2026-03-22 01:27:50,32 ppb,32 ppb,32 ppb,3898 ppb
2026-03-22 01:57:57,32 ppb,32 ppb,32 ppb,3898 ppb
2026-03-22 02:28:03,32 ppb,33 ppb,32 ppb,3898 ppb
2026-03-22 02:58:09,33 ppb,33 ppb,33 ppb,4020 ppb
2026-03-22 03:28:15,33 ppb,33 ppb,33 ppb,4020 ppb
2026-03-22 03:58:21,33 ppb,33 ppb,33 ppb,4021 ppb
2026-03-22 04:28:27,33 ppb,33 ppb,33 ppb,4021 ppb
2026-03-22 04:58:34,33 ppb,34 ppb,33 ppb,4022 ppb
2026-03-22 05:28:40,34 ppb,34 ppb,34 ppb,4144 ppb
2026-03-22 05:58:46,34 ppb,34 ppb,34 ppb,4145 ppb
2026-03-22 06:28:52,33 ppb,34 ppb,33 ppb,4023 ppb
2026-03-22 06:58:59,33 ppb,34 ppb,33 ppb,4024 ppb
2026-03-22 07:29:05,33 ppb,34 ppb,32 ppb,4024 ppb
2026-03-22 07:59:11,33 ppb,34 ppb,32 ppb,4023 ppb
2026-03-22 08:29:17,34 ppb,34 ppb,34 ppb,4143 ppb
2026-03-22 08:59:23,33 ppb,34 ppb,33 ppb,4020 ppb
2026-03-22 09:29:30,32 ppb,33 ppb,32 ppb,3896 ppb
2026-03-22 09:59:36,32 ppb,33 ppb,31 ppb,3894 ppb
2026-03-22 10:29:42,31 ppb,33 ppb,30 ppb,3770 ppb
2026-03-22 10:59:54,31 ppb,32 ppb,30 ppb,3768 ppb
2026-03-22 11:30:00,31 ppb,32 ppb,31 ppb,3767 ppb
2026-03-22 12:00:06,31 ppb,32 ppb,31 ppb,3765 ppb
2026-03-22 12:30:12,31 ppb,31 ppb,31 ppb,3760 ppb
2026-03-22 13:00:19,31 ppb,31 ppb,31 ppb,3758 ppb
2026-03-22 13:30:25,31 ppb,31 ppb,31 ppb,3757 ppb
2026-03-22 14:00:31,30 ppb,31 ppb,30 ppb,3633 ppb
2026-03-22 14:30:37,30 ppb,30 ppb,30 ppb,3631 ppb
2026-03-22 15:30:55,30 ppb,30 ppb,30 ppb,3630 ppb
2026-03-22 16:31:08,30 ppb,30 ppb,30 ppb,3630 ppb
2026-03-22 17:01:25,30 ppb,30 ppb,30 ppb,3630 ppb
2026-03-22 17:31:38,30 ppb,30 ppb,30 ppb,3631 ppb
2026-03-22 18:01:51,30 ppb,31 ppb,30 ppb,3633 ppb
2026-03-22 18:32:03,31 ppb,31 ppb,31 ppb,3757 ppb
2026-03-22 19:02:17,31 ppb,32 ppb,31 ppb,3760 ppb
2026-03-22 19:32:28,32 ppb,32 ppb,32 ppb,3883 ppb
2026-03-22 20:02:34,32 ppb,32 ppb,32 ppb,3884 ppb
2026-03-22 20:32:41,32 ppb,32 ppb,32 ppb,3885 ppb
2026-03-22 21:02:47,32 ppb,32 ppb,32 ppb,3886 ppb
2026-03-22 21:32:53,32 ppb,32 ppb,32 ppb,3887 ppb
2026-03-22 22:02:59,32 ppb,32 ppb,32 ppb,3888 ppb
2026-03-22 22:33:06,32 ppb,32 ppb,32 ppb,3888 ppb
2026-03-22 23:03:12,31 ppb,32 ppb,31 ppb,3767 ppb
2026-03-22 23:33:18,32 ppb,32 ppb,32 ppb,3889 ppb
2026-03-23 00:33:30,31 ppb,32 ppb,30 ppb,3770 ppb
2026-03-23 01:03:37,31 ppb,32 ppb,29 ppb,3771 ppb
2026-03-23 01:33:43,30 ppb,31 ppb,29 ppb,3650 ppb
2026-03-23 02:03:49,30 ppb,31 ppb,28 ppb,3650 ppb
2026-03-23 02:33:55,30 ppb,31 ppb,28 ppb,3651 ppb
2026-03-23 03:04:02,30 ppb,31 ppb,28 ppb,3652 ppb
2026-03-23 03:34:08,30 ppb,31 ppb,28 ppb,3652 ppb
2026-03-23 04:04:14,29 ppb,31 ppb,27 ppb,3531 ppb
2026-03-23 04:34:21,30 ppb,31 ppb,28 ppb,3654 ppb
2026-03-23 05:04:27,29 ppb,31 ppb,27 ppb,3533 ppb
2026-03-23 05:34:39,29 ppb,31 ppb,27 ppb,3533 ppb
2026-03-23 06:04:45,30 ppb,31 ppb,28 ppb,3656 ppb
2026-03-23 06:34:51,30 ppb,31 ppb,28 ppb,3657 ppb
2026-03-23 07:04:57,30 ppb,31 ppb,29 ppb,3657 ppb
2026-03-23 07:35:04,30 ppb,31 ppb,27 ppb,3657 ppb
2026-03-23 08:05:10,29 ppb,30 ppb,27 ppb,3534 ppb
2026-03-23 08:35:16,28 ppb,30 ppb,26 ppb,3410 ppb
2026-03-23 09:05:22,27 ppb,30 ppb,24 ppb,3287 ppb
2026-03-23 09:35:28,28 ppb,29 ppb,25 ppb,3407 ppb
2026-03-23 10:05:34,28 ppb,29 ppb,26 ppb,3407 ppb
2026-03-23 10:35:41,28 ppb,30 ppb,27 ppb,3406 ppb
2026-03-23 11:05:47,29 ppb,30 ppb,27 ppb,3526 ppb
2026-03-23 11:35:53,29 ppb,30 ppb,28 ppb,3525 ppb
2026-03-23 12:05:59,29 ppb,30 ppb,29 ppb,3523 ppb
2026-03-23 12:36:06,28 ppb,29 ppb,27 ppb,3399 ppb
2026-03-23 13:06:12,28 ppb,29 ppb,28 ppb,3397 ppb
2026-03-23 13:36:18,28 ppb,29 ppb,27 ppb,3396 ppb
2026-03-23 14:06:24,29 ppb,29 ppb,29 ppb,3517 ppb
2026-03-23 14:36:30,29 ppb,29 ppb,29 ppb,3516 ppb
2026-03-23 15:06:48,29 ppb,29 ppb,29 ppb,3515 ppb
2026-03-23 15:36:54,29 ppb,29 ppb,29 ppb,3514 ppb
2026-03-23 16:07:00,29 ppb,29 ppb,29 ppb,3514 ppb
2026-03-23 16:37:06,29 ppb,29 ppb,29 ppb,3513 ppb
2026-03-23 17:37:19,29 ppb,30 ppb,29 ppb,3515 ppb
2026-03-23 18:07:25,30 ppb,30 ppb,30 ppb,3638 ppb
2026-03-23 18:37:31,30 ppb,30 ppb,30 ppb,3640 ppb
2026-03-23 19:07:38,30 ppb,30 ppb,30 ppb,3641 ppb
2026-03-23 19:37:44,30 ppb,31 ppb,30 ppb,3643 ppb
2026-03-23 20:07:50,30 ppb,31 ppb,30 ppb,3644 ppb
2026-03-23 20:37:56,31 ppb,31 ppb,31 ppb,3766 ppb
2026-03-23 21:08:02,31 ppb,31 ppb,31 ppb,3767 ppb
2026-03-23 21:38:09,31 ppb,31 ppb,31 ppb,3767 ppb
2026-03-23 22:08:15,31 ppb,31 ppb,31 ppb,3768 ppb
2026-03-23 22:38:21,31 ppb,31 ppb,31 ppb,3768 ppb
2026-03-23 23:08:27,31 ppb,31 ppb,31 ppb,3768 ppb
2026-03-23 23:38:33,31 ppb,31 ppb,31 ppb,3768 ppb
2026-03-24 00:08:40,31 ppb,32 ppb,31 ppb,3769 ppb
2026-03-24 00:38:46,31 ppb,32 ppb,31 ppb,3770 ppb
2026-03-24 01:08:58,32 ppb,32 ppb,32 ppb,3893 ppb
2026-03-24 01:39:04,32 ppb,32 ppb,32 ppb,3894 ppb
2026-03-24 02:09:10,32 ppb,32 ppb,32 ppb,3897 ppb
2026-03-24 02:39:16,32 ppb,32 ppb,32 ppb,3898 ppb
2026-03-24 03:09:23,32 ppb,32 ppb,32 ppb,3898 ppb
2026-03-24 03:39:29,32 ppb,32 ppb,32 ppb,3899 ppb
2026-03-24 04:09:35,32 ppb,32 ppb,32 ppb,3899 ppb
2026-03-24 04:39:41,32 ppb,32 ppb,32 ppb,3899 ppb
2026-03-24 05:09:47,32 ppb,32 ppb,32 ppb,3900 ppb
2026-03-24 05:39:54,31 ppb,32 ppb,31 ppb,3778 ppb
2026-03-24 06:10:00,31 ppb,32 ppb,30 ppb,3778 ppb
2026-03-24 06:40:06,32 ppb,32 ppb,32 ppb,3900 ppb
2026-03-24 07:10:13,32 ppb,32 ppb,32 ppb,3901 ppb
2026-03-24 07:40:19,32 ppb,32 ppb,32 ppb,3901 ppb
2026-03-24 08:10:25,31 ppb,32 ppb,31 ppb,3777 ppb
2026-03-24 08:40:31,30 ppb,31 ppb,29 ppb,3654 ppb
2026-03-24 09:10:37,29 ppb,31 ppb,26 ppb,3530 ppb
2026-03-24 09:40:43,29 ppb,30 ppb,25 ppb,3528 ppb
2026-03-24 10:10:49,29 ppb,30 ppb,28 ppb,3527 ppb
2026-03-24 10:41:07,29 ppb,30 ppb,29 ppb,3525 ppb
2026-03-24 11:11:13,28 ppb,30 ppb,26 ppb,3402 ppb
2026-03-24 11:41:19,28 ppb,29 ppb,28 ppb,3400 ppb
2026-03-24 12:11:26,28 ppb,29 ppb,27 ppb,3399 ppb
2026-03-24 12:41:32,28 ppb,29 ppb,27 ppb,3398 ppb
2026-03-24 13:11:38,28 ppb,29 ppb,26 ppb,3396 ppb
2026-03-24 13:41:44,28 ppb,29 ppb,28 ppb,3398 ppb
2026-03-24 14:11:51,29 ppb,29 ppb,29 ppb,3520 ppb
2026-03-24 14:41:57,29 ppb,29 ppb,29 ppb,3519 ppb
2026-03-24 15:12:08,29 ppb,29 ppb,29 ppb,3519 ppb
2026-03-24 15:42:15,29 ppb,29 ppb,29 ppb,3519 ppb
2026-03-24 16:12:21,29 ppb,29 ppb,29 ppb,3519 ppb
2026-03-24 16:42:27,29 ppb,29 ppb,29 ppb,3519 ppb
2026-03-24 17:12:34,29 ppb,29 ppb,29 ppb,3519 ppb
2026-03-24 17:42:40,29 ppb,30 ppb,28 ppb,3520 ppb
2026-03-24 18:12:46,30 ppb,30 ppb,30 ppb,3644 ppb
2026-03-24 18:42:52,30 ppb,31 ppb,30 ppb,3645 ppb
2026-03-24 19:12:58,31 ppb,31 ppb,31 ppb,3768 ppb
2026-03-24 19:43:10,31 ppb,31 ppb,31 ppb,3770 ppb
2026-03-24 20:13:16,31 ppb,31 ppb,31 ppb,3771 ppb
2026-03-24 20:43:22,31 ppb,32 ppb,31 ppb,3771 ppb
2026-03-24 21:13:29,31 ppb,32 ppb,31 ppb,3772 ppb
2026-03-24 21:43:35,32 ppb,32 ppb,32 ppb,3894 ppb
2026-03-24 22:13:41,31 ppb,32 ppb,31 ppb,3773 ppb
2026-03-24 22:43:47,32 ppb,32 ppb,32 ppb,3896 ppb
2026-03-24 23:13:54,32 ppb,32 ppb,32 ppb,3897 ppb
2026-03-24 23:44:00,32 ppb,32 ppb,32 ppb,3898 ppb
2026-03-25 00:14:06,31 ppb,32 ppb,31 ppb,3776 ppb
2026-03-25 00:44:12,31 ppb,32 ppb,31 ppb,3777 ppb
2026-03-25 01:14:18,32 ppb,32 ppb,32 ppb,3899 ppb
2026-03-25 01:44:24,32 ppb,32 ppb,32 ppb,3900 ppb
2026-03-25 02:14:31,32 ppb,32 ppb,32 ppb,3900 ppb
2026-03-25 02:44:37,32 ppb,32 ppb,32 ppb,3901 ppb
2026-03-25 03:14:43,32 ppb,32 ppb,32 ppb,3902 ppb
2026-03-25 03:44:49,32 ppb,32 ppb,32 ppb,3902 ppb
2026-03-25 04:14:56,32 ppb,32 ppb,32 ppb,3903 ppb
2026-03-25 04:45:02,32 ppb,32 ppb,32 ppb,3904 ppb
2026-03-25 05:15:13,32 ppb,32 ppb,32 ppb,3904 ppb
2026-03-25 05:45:20,32 ppb,32 ppb,32 ppb,3905 ppb
2026-03-25 06:15:26,32 ppb,33 ppb,32 ppb,3905 ppb
2026-03-25 06:45:32,33 ppb,33 ppb,33 ppb,4028 ppb
2026-03-25 07:15:38,33 ppb,33 ppb,33 ppb,4028 ppb
2026-03-25 07:45:45,33 ppb,33 ppb,33 ppb,4029 ppb
2026-03-25 08:15:51,32 ppb,33 ppb,32 ppb,3906 ppb
2026-03-25 08:45:57,32 ppb,32 ppb,32 ppb,3905 ppb
2026-03-25 09:16:03,31 ppb,33 ppb,30 ppb,3781 ppb
2026-03-25 09:46:10,18 ppb,30 ppb,17 ppb,2201 ppb
2026-03-25 10:16:16,17 ppb,17 ppb,17 ppb,2085 ppb
2026-03-25 10:46:22,17 ppb,17 ppb,17 ppb,2088 ppb
2026-03-25 11:16:28,17 ppb,18 ppb,17 ppb,2090 ppb
2026-03-25 11:38:02,0 ppb,0 ppb,0 ppb,0 ppb
2026-03-25 11:40:07,0 ppb,0 ppb,0 ppb,0 ppb
2026-03-25 11:42:07,0 ppb,0 ppb,0 ppb,0 ppb
2026-03-25 11:49:55,17 ppb,26 ppb,1 ppb,2096 ppb
2026-03-25 11:51:06,20 ppb,21 ppb,20 ppb,2465 ppb
2026-03-25 11:52:12,18 ppb,19 ppb,18 ppb,2219 ppb
2026-03-25 11:53:18,18 ppb,19 ppb,18 ppb,2218 ppb
2026-03-25 11:54:25,18 ppb,18 ppb,18 ppb,2218 ppb
2026-03-25 11:55:31,19 ppb,20 ppb,19 ppb,2341 ppb
2026-03-25 11:56:37,19 ppb,20 ppb,18 ppb,2341 ppb
2026-03-25 11:57:43,18 ppb,18 ppb,18 ppb,2218 ppb
2026-03-25 11:58:49,18 ppb,20 ppb,18 ppb,2217 ppb
2026-03-25 11:59:56,19 ppb,20 ppb,19 ppb,2340 ppb
2026-03-25 12:02:22,13 ppb,25 ppb,1 ppb,1809 ppb
2026-03-25 12:03:33,22 ppb,24 ppb,22 ppb,3061 ppb
2026-03-25 12:05:44,0 ppb,0 ppb,0 ppb,0 ppb
2026-03-25 12:07:45,0 ppb,0 ppb,0 ppb,0 ppb
2026-03-25 12:14:00,19 ppb,25 ppb,1 ppb,26 ppb
2026-03-25 12:15:18,22 ppb,23 ppb,21 ppb,31 ppb
2026-03-25 12:16:24,22 ppb,24 ppb,22 ppb,31 ppb
2026-03-25 12:17:30,21 ppb,23 ppb,21 ppb,29 ppb
2026-03-25 12:18:36,21 ppb,22 ppb,21 ppb,29 ppb
2026-03-25 12:19:43,22 ppb,23 ppb,22 ppb,31 ppb
2026-03-25 12:20:49,21 ppb,22 ppb,21 ppb,29 ppb
2026-03-25 12:21:55,22 ppb,23 ppb,21 ppb,31 ppb
2026-03-25 12:43:21,19 ppb,24 ppb,1 ppb,26 ppb
2026-03-25 12:53:32,21 ppb,25 ppb,19 ppb,29 ppb
2026-03-25 13:03:38,22 ppb,25 ppb,20 ppb,30 ppb
2026-03-25 13:13:45,22 ppb,24 ppb,21 ppb,30 ppb
2026-03-25 13:23:51,24 ppb,27 ppb,22 ppb,33 ppb
2026-03-25 13:33:57,25 ppb,27 ppb,24 ppb,35 ppb
2026-03-25 13:44:04,26 ppb,27 ppb,25 ppb,36 ppb
2026-03-25 13:54:10,27 ppb,28 ppb,27 ppb,37 ppb
2026-03-25 14:04:16,28 ppb,28 ppb,28 ppb,39 ppb
2026-03-25 14:14:28,28 ppb,28 ppb,28 ppb,39 ppb
2026-03-25 14:24:34,28 ppb,28 ppb,28 ppb,39 ppb
2026-03-25 14:34:40,28 ppb,28 ppb,28 ppb,39 ppb
2026-03-25 14:44:47,28 ppb,28 ppb,28 ppb,39 ppb
2026-03-25 14:54:58,27 ppb,28 ppb,27 ppb,37 ppb
2026-03-25 15:05:33,10 ppb,16 ppb,1 ppb,14 ppb
2026-03-25 18:11:02,,,,
2026-03-25 18:41:40,27 ppb,28 ppb,27 ppb,37 ppb
2026-03-25 18:41:40,27 ppb,28 ppb,27 ppb,37 ppb
2026-03-25 19:11:46,28 ppb,28 ppb,28 ppb,39 ppb
2026-03-25 19:11:46,28 ppb,28 ppb,28 ppb,39 ppb
2026-03-25 19:41:52,28 ppb,29 ppb,28 ppb,39 ppb
2026-03-25 19:41:52,28 ppb,29 ppb,28 ppb,39 ppb
2026-03-25 20:11:58,29 ppb,29 ppb,29 ppb,40 ppb
2026-03-25 20:11:58,29 ppb,29 ppb,29 ppb,40 ppb
2026-03-25 20:42:04,29 ppb,29 ppb,29 ppb,40 ppb
2026-03-25 21:12:10,29 ppb,30 ppb,29 ppb,40 ppb
2026-03-25 21:42:17,30 ppb,30 ppb,30 ppb,41 ppb
2026-03-25 21:42:17,30 ppb,30 ppb,30 ppb,41 ppb
2026-03-25 22:12:23,30 ppb,30 ppb,30 ppb,41 ppb
2026-03-25 22:42:29,30 ppb,30 ppb,30 ppb,41 ppb
2026-03-25 22:42:29,30 ppb,30 ppb,30 ppb,41 ppb
2026-03-25 23:12:35,30 ppb,31 ppb,30 ppb,41 ppb
2026-03-25 23:12:35,30 ppb,31 ppb,30 ppb,41 ppb
2026-03-25 23:42:42,31 ppb,31 ppb,31 ppb,43 ppb
2026-03-26 00:12:48,31 ppb,32 ppb,31 ppb,43 ppb
2026-03-26 00:12:48,31 ppb,32 ppb,31 ppb,43 ppb
2026-03-26 00:42:54,32 ppb,32 ppb,32 ppb,44 ppb
2026-03-26 00:42:54,32 ppb,32 ppb,32 ppb,44 ppb
2026-03-26 01:13:00,32 ppb,32 ppb,32 ppb,44 ppb
2026-03-26 01:13:00,32 ppb,32 ppb,32 ppb,44 ppb
2026-03-26 01:43:07,32 ppb,32 ppb,32 ppb,44 ppb
2026-03-26 01:43:07,32 ppb,32 ppb,32 ppb,44 ppb
2026-03-26 02:13:13,32 ppb,32 ppb,32 ppb,44 ppb
2026-03-26 02:43:19,32 ppb,32 ppb,32 ppb,44 ppb
2026-03-26 02:43:19,32 ppb,32 ppb,32 ppb,44 ppb
2026-03-26 03:13:31,32 ppb,32 ppb,32 ppb,44 ppb
2026-03-26 03:43:37,32 ppb,33 ppb,32 ppb,44 ppb
2026-03-26 04:13:43,33 ppb,33 ppb,33 ppb,46 ppb
2026-03-26 04:13:43,33 ppb,33 ppb,33 ppb,46 ppb
2026-03-26 05:13:56,33 ppb,33 ppb,33 ppb,46 ppb
2026-03-26 05:13:56,33 ppb,33 ppb,33 ppb,46 ppb
2026-03-26 05:44:02,33 ppb,33 ppb,33 ppb,46 ppb
2026-03-26 05:44:02,33 ppb,33 ppb,33 ppb,46 ppb
2026-03-26 06:14:08,33 ppb,33 ppb,33 ppb,46 ppb
2026-03-26 06:14:08,33 ppb,33 ppb,33 ppb,46 ppb
2026-03-26 06:44:14,32 ppb,33 ppb,32 ppb,44 ppb
2026-03-26 06:44:14,32 ppb,33 ppb,32 ppb,44 ppb
2026-03-26 07:14:20,33 ppb,33 ppb,33 ppb,46 ppb
2026-03-26 07:14:20,33 ppb,33 ppb,33 ppb,46 ppb
2026-03-26 07:44:27,33 ppb,34 ppb,33 ppb,46 ppb
2026-03-26 08:44:39,33 ppb,34 ppb,33 ppb,46 ppb
2026-03-26 08:44:39,33 ppb,34 ppb,33 ppb,46 ppb
2026-03-26 09:14:57,32 ppb,33 ppb,32 ppb,44 ppb
2026-03-26 09:14:57,32 ppb,33 ppb,32 ppb,44 ppb
2026-03-26 09:45:04,29 ppb,33 ppb,19 ppb,40 ppb
2026-03-26 10:15:17,17 ppb,19 ppb,17 ppb,24 ppb
2026-03-26 10:45:30,17 ppb,18 ppb,17 ppb,24 ppb
2026-03-26 11:15:43,18 ppb,18 ppb,18 ppb,25 ppb
2026-03-26 11:46:01,17 ppb,18 ppb,17 ppb,24 ppb
2026-03-26 12:16:07,17 ppb,17 ppb,17 ppb,24 ppb
2026-03-26 12:46:13,17 ppb,18 ppb,17 ppb,24 ppb
2026-03-26 13:16:20,17 ppb,18 ppb,17 ppb,24 ppb
2026-03-26 14:16:32,21 ppb,25 ppb,19 ppb,29 ppb
2026-03-26 14:46:38,20 ppb,23 ppb,18 ppb,28 ppb
2026-03-26 15:16:44,20 ppb,23 ppb,18 ppb,28 ppb
2026-03-26 15:46:56,17 ppb,20 ppb,17 ppb,24 ppb
2026-03-26 16:17:02,17 ppb,20 ppb,17 ppb,24 ppb
2026-03-26 16:47:09,29 ppb,32 ppb,18 ppb,40 ppb
2026-03-26 16:47:09,29 ppb,32 ppb,18 ppb,40 ppb
2026-03-26 17:17:15,32 ppb,32 ppb,32 ppb,44 ppb
2026-03-26 17:47:21,28 ppb,32 ppb,21 ppb,39 ppb
2026-03-26 18:17:27,30 ppb,32 ppb,23 ppb,42 ppb
2026-03-26 18:17:27,30 ppb,32 ppb,23 ppb,42 ppb
2026-03-26 18:47:34,30 ppb,33 ppb,23 ppb,42 ppb
2026-03-26 19:17:40,31 ppb,33 ppb,23 ppb,43 ppb
2026-03-26 19:17:40,31 ppb,33 ppb,23 ppb,43 ppb
2026-03-26 19:47:46,28 ppb,31 ppb,25 ppb,39 ppb
2026-03-26 20:17:52,28 ppb,31 ppb,27 ppb,39 ppb
2026-03-26 21:18:04,30 ppb,32 ppb,28 ppb,42 ppb
2026-03-26 21:18:04,30 ppb,32 ppb,28 ppb,42 ppb
2026-03-26 21:48:11,31 ppb,32 ppb,30 ppb,43 ppb
2026-03-26 21:48:11,31 ppb,32 ppb,30 ppb,43 ppb
2026-03-26 22:18:17,31 ppb,32 ppb,31 ppb,43 ppb
2026-03-26 22:18:17,31 ppb,32 ppb,31 ppb,43 ppb
2026-03-26 22:48:23,32 ppb,32 ppb,32 ppb,44 ppb
2026-03-26 22:48:23,32 ppb,32 ppb,32 ppb,44 ppb
2026-03-26 23:18:29,32 ppb,32 ppb,32 ppb,44 ppb
2026-03-26 23:48:36,32 ppb,32 ppb,32 ppb,44 ppb
2026-03-27 00:18:42,31 ppb,32 ppb,31 ppb,43 ppb
2026-03-27 00:48:48,32 ppb,32 ppb,32 ppb,44 ppb
2026-03-27 01:18:54,32 ppb,32 ppb,32 ppb,44 ppb
2026-03-27 01:49:12,32 ppb,32 ppb,32 ppb,44 ppb
2026-03-27 17:52:42,30 ppb,31 ppb,30 ppb,41 ppb
2026-03-27 17:52:42,30 ppb,31 ppb,30 ppb,41 ppb
2026-03-27 18:22:48,31 ppb,31 ppb,31 ppb,43 ppb
2026-03-27 18:52:54,31 ppb,31 ppb,31 ppb,43 ppb
2026-03-27 18:52:54,31 ppb,31 ppb,31 ppb,43 ppb
2026-03-27 18:52:54,31 ppb,31 ppb,31 ppb,43 ppb
2026-03-27 19:23:00,31 ppb,31 ppb,31 ppb,43 ppb
2026-03-27 19:23:00,31 ppb,31 ppb,31 ppb,43 ppb
2026-03-27 19:23:00,31 ppb,31 ppb,31 ppb,43 ppb
2026-03-27 19:53:06,30 ppb,31 ppb,30 ppb,41 ppb
2026-03-27 20:23:13,31 ppb,32 ppb,31 ppb,43 ppb
2026-03-27 20:53:19,32 ppb,32 ppb,32 ppb,44 ppb
2026-03-27 21:23:25,31 ppb,32 ppb,30 ppb,43 ppb
2026-03-27 21:23:25,31 ppb,32 ppb,30 ppb,43 ppb
2026-03-27 21:53:31,31 ppb,32 ppb,31 ppb,43 ppb
2026-03-27 21:53:31,31 ppb,32 ppb,31 ppb,43 ppb
2026-03-27 22:23:37,31 ppb,32 ppb,31 ppb,43 ppb
2026-03-27 22:23:37,31 ppb,32 ppb,31 ppb,43 ppb
2026-03-27 22:23:37,31 ppb,32 ppb,31 ppb,43 ppb
2026-03-27 22:53:44,31 ppb,32 ppb,31 ppb,43 ppb
2026-03-27 23:23:50,31 ppb,32 ppb,29 ppb,43 ppb
2026-03-27 23:23:50,31 ppb,32 ppb,29 ppb,43 ppb
2026-03-27 23:53:56,31 ppb,32 ppb,28 ppb,43 ppb
2026-03-27 23:53:56,31 ppb,32 ppb,28 ppb,43 ppb
2026-03-28 00:24:02,31 ppb,32 ppb,30 ppb,43 ppb
2026-03-28 00:54:08,31 ppb,32 ppb,31 ppb,43 ppb
2026-03-28 00:54:08,31 ppb,32 ppb,31 ppb,43 ppb
2026-03-28 00:54:08,31 ppb,32 ppb,31 ppb,43 ppb
2026-03-28 01:24:14,31 ppb,32 ppb,30 ppb,43 ppb
2026-03-28 01:24:14,31 ppb,32 ppb,30 ppb,43 ppb
2026-03-28 01:24:14,31 ppb,32 ppb,30 ppb,43 ppb
2026-03-28 01:54:21,31 ppb,32 ppb,30 ppb,43 ppb
2026-03-28 01:54:21,31 ppb,32 ppb,30 ppb,43 ppb
2026-03-28 02:24:27,32 ppb,32 ppb,32 ppb,44 ppb
2026-03-28 02:54:34,32 ppb,32 ppb,32 ppb,44 ppb
2026-03-28 02:54:34,32 ppb,32 ppb,32 ppb,44 ppb
2026-03-28 02:54:34,32 ppb,32 ppb,32 ppb,44 ppb
2026-03-28 03:24:39,31 ppb,32 ppb,29 ppb,43 ppb
2026-03-28 03:24:39,31 ppb,32 ppb,29 ppb,43 ppb
2026-03-28 03:54:46,31 ppb,32 ppb,31 ppb,43 ppb
2026-03-28 03:54:46,31 ppb,32 ppb,31 ppb,43 ppb
2026-03-28 04:24:52,32 ppb,32 ppb,32 ppb,44 ppb
2026-03-28 04:24:52,32 ppb,32 ppb,32 ppb,44 ppb
2026-03-28 04:54:58,31 ppb,32 ppb,31 ppb,43 ppb
2026-03-28 04:54:58,31 ppb,32 ppb,31 ppb,43 ppb
2026-03-28 05:25:04,31 ppb,32 ppb,31 ppb,43 ppb
2026-03-28 05:25:04,31 ppb,32 ppb,31 ppb,43 ppb
2026-03-28 05:25:04,31 ppb,32 ppb,31 ppb,43 ppb
2026-03-28 05:55:11,31 ppb,32 ppb,31 ppb,43 ppb
2026-03-28 05:55:11,31 ppb,32 ppb,31 ppb,43 ppb
2026-03-28 06:25:17,32 ppb,33 ppb,32 ppb,44 ppb
2026-03-28 06:25:17,32 ppb,33 ppb,32 ppb,44 ppb
2026-03-28 06:55:23,33 ppb,33 ppb,33 ppb,46 ppb
2026-03-28 07:25:29,32 ppb,33 ppb,32 ppb,44 ppb
2026-03-28 07:55:36,33 ppb,34 ppb,32 ppb,46 ppb
2026-03-28 08:25:42,33 ppb,33 ppb,33 ppb,46 ppb
2026-03-28 08:55:48,32 ppb,33 ppb,30 ppb,44 ppb
2026-03-28 09:25:54,30 ppb,33 ppb,29 ppb,42 ppb
2026-03-28 09:25:54,30 ppb,33 ppb,29 ppb,42 ppb
2026-03-28 09:25:54,30 ppb,33 ppb,29 ppb,42 ppb
2026-03-28 09:56:00,30 ppb,32 ppb,28 ppb,42 ppb
2026-03-28 10:26:18,30 ppb,32 ppb,28 ppb,42 ppb
2026-03-28 10:56:24,30 ppb,32 ppb,29 ppb,42 ppb
2026-03-28 11:26:31,30 ppb,32 ppb,29 ppb,42 ppb
2026-03-28 11:56:37,30 ppb,32 ppb,28 ppb,42 ppb
2026-03-28 11:56:37,30 ppb,32 ppb,28 ppb,42 ppb
2026-03-28 12:26:43,30 ppb,31 ppb,29 ppb,42 ppb
2026-03-28 12:56:49,30 ppb,31 ppb,28 ppb,41 ppb
2026-03-28 12:56:49,30 ppb,31 ppb,28 ppb,41 ppb
2026-03-28 13:26:56,30 ppb,31 ppb,29 ppb,41 ppb
2026-03-28 13:57:01,29 ppb,31 ppb,28 ppb,40 ppb
2026-03-28 14:27:08,28 ppb,30 ppb,26 ppb,39 ppb
2026-03-28 14:27:08,28 ppb,30 ppb,26 ppb,39 ppb
2026-03-28 15:27:20,29 ppb,30 ppb,27 ppb,40 ppb
2026-03-28 15:57:32,29 ppb,30 ppb,28 ppb,40 ppb
2026-03-28 15:57:32,29 ppb,30 ppb,28 ppb,40 ppb
2026-03-28 16:27:38,29 ppb,30 ppb,29 ppb,40 ppb
2026-03-28 16:27:38,29 ppb,30 ppb,29 ppb,40 ppb
2026-03-28 16:57:44,30 ppb,30 ppb,30 ppb,41 ppb
2026-03-28 16:57:44,30 ppb,30 ppb,30 ppb,41 ppb
2026-03-28 17:27:51,29 ppb,30 ppb,29 ppb,40 ppb
2026-03-28 17:57:57,30 ppb,30 ppb,30 ppb,41 ppb
2026-03-28 18:28:03,30 ppb,30 ppb,30 ppb,41 ppb
2026-03-28 18:28:03,30 ppb,30 ppb,30 ppb,41 ppb
2026-03-28 19:28:15,31 ppb,31 ppb,31 ppb,43 ppb
2026-03-28 19:58:21,30 ppb,31 ppb,30 ppb,41 ppb
2026-03-28 20:28:33,31 ppb,31 ppb,31 ppb,43 ppb
2026-03-28 20:28:33,31 ppb,31 ppb,31 ppb,43 ppb
2026-03-28 20:58:40,31 ppb,31 ppb,31 ppb,43 ppb
2026-03-28 21:28:46,31 ppb,31 ppb,31 ppb,43 ppb
2026-03-28 21:58:52,31 ppb,31 ppb,31 ppb,43 ppb
2026-03-28 21:58:52,31 ppb,31 ppb,31 ppb,43 ppb
2026-03-28 21:58:52,31 ppb,31 ppb,31 ppb,43 ppb
2026-03-28 22:28:58,31 ppb,31 ppb,31 ppb,43 ppb
2026-03-28 22:59:04,31 ppb,31 ppb,31 ppb,43 ppb
2026-03-28 22:59:04,31 ppb,31 ppb,31 ppb,43 ppb
2026-03-28 22:59:04,31 ppb,31 ppb,31 ppb,43 ppb
2026-03-28 23:29:11,31 ppb,31 ppb,31 ppb,43 ppb
2026-03-28 23:59:17,31 ppb,31 ppb,31 ppb,43 ppb
2026-03-29 00:29:23,31 ppb,31 ppb,31 ppb,43 ppb
2026-03-29 00:59:29,31 ppb,31 ppb,31 ppb,43 ppb
2026-03-29 01:29:36,31 ppb,31 ppb,31 ppb,43 ppb
2026-03-29 01:29:36,31 ppb,31 ppb,31 ppb,43 ppb
2026-03-29 01:29:36,31 ppb,31 ppb,31 ppb,43 ppb
2026-03-29 01:59:42,30 ppb,31 ppb,30 ppb,41 ppb
2026-03-29 02:29:48,30 ppb,30 ppb,30 ppb,41 ppb
2026-03-29 02:59:54,30 ppb,30 ppb,30 ppb,41 ppb
2026-03-29 02:59:54,30 ppb,30 ppb,30 ppb,41 ppb
2026-03-29 03:30:00,30 ppb,30 ppb,30 ppb,41 ppb
2026-03-29 04:00:07,30 ppb,31 ppb,30 ppb,41 ppb
2026-03-29 04:30:13,30 ppb,31 ppb,30 ppb,41 ppb
2026-03-29 04:30:13,30 ppb,31 ppb,30 ppb,41 ppb
2026-03-29 05:00:19,30 ppb,31 ppb,30 ppb,41 ppb
2026-03-29 05:30:25,31 ppb,31 ppb,31 ppb,43 ppb
2026-03-29 06:00:37,30 ppb,31 ppb,30 ppb,41 ppb
2026-03-29 06:00:37,30 ppb,31 ppb,30 ppb,41 ppb
2026-03-29 06:30:43,30 ppb,31 ppb,30 ppb,41 ppb
2026-03-29 07:00:49,30 ppb,30 ppb,30 ppb,41 ppb
2026-03-29 07:30:56,29 ppb,30 ppb,29 ppb,40 ppb
2026-03-29 08:01:02,29 ppb,30 ppb,27 ppb,40 ppb
2026-03-29 08:31:08,28 ppb,29 ppb,27 ppb,39 ppb
2026-03-29 09:01:14,28 ppb,29 ppb,26 ppb,39 ppb
2026-03-29 09:31:20,27 ppb,29 ppb,26 ppb,37 ppb
2026-03-29 10:01:27,28 ppb,29 ppb,26 ppb,39 ppb
2026-03-29 10:31:33,27 ppb,29 ppb,26 ppb,37 ppb
2026-03-29 10:31:33,27 ppb,29 ppb,26 ppb,37 ppb
2026-03-29 11:01:39,27 ppb,28 ppb,27 ppb,37 ppb
2026-03-29 11:01:39,27 ppb,28 ppb,27 ppb,37 ppb
2026-03-29 11:31:45,27 ppb,28 ppb,26 ppb,37 ppb
2026-03-29 12:01:51,27 ppb,28 ppb,26 ppb,37 ppb
2026-03-29 12:31:58,27 ppb,28 ppb,26 ppb,37 ppb
2026-03-29 13:32:10,27 ppb,28 ppb,26 ppb,37 ppb
2026-03-29 14:02:16,27 ppb,28 ppb,27 ppb,37 ppb
2026-03-29 14:02:16,27 ppb,28 ppb,27 ppb,37 ppb
2026-03-29 14:32:23,27 ppb,28 ppb,27 ppb,37 ppb
2026-03-29 15:02:29,27 ppb,28 ppb,26 ppb,37 ppb
2026-03-29 15:32:35,28 ppb,28 ppb,28 ppb,38 ppb
2026-03-29 15:32:35,28 ppb,28 ppb,28 ppb,38 ppb
2026-03-29 15:32:35,28 ppb,28 ppb,28 ppb,38 ppb
2026-03-29 16:02:52,28 ppb,28 ppb,28 ppb,38 ppb
2026-03-29 16:32:58,27 ppb,28 ppb,27 ppb,37 ppb
2026-03-29 17:33:11,28 ppb,28 ppb,28 ppb,38 ppb
2026-03-29 18:03:17,28 ppb,28 ppb,28 ppb,38 ppb
2026-03-29 18:03:17,28 ppb,28 ppb,28 ppb,38 ppb
2026-03-29 18:33:23,28 ppb,28 ppb,28 ppb,38 ppb
2026-03-29 19:03:30,28 ppb,29 ppb,28 ppb,38 ppb
2026-03-29 19:33:36,29 ppb,29 ppb,29 ppb,40 ppb
2026-03-29 19:33:36,29 ppb,29 ppb,29 ppb,40 ppb
2026-03-29 20:03:42,29 ppb,29 ppb,29 ppb,40 ppb
2026-03-29 20:33:48,29 ppb,29 ppb,29 ppb,40 ppb
2026-03-29 21:03:54,29 ppb,29 ppb,29 ppb,40 ppb
2026-03-29 21:34:01,29 ppb,29 ppb,29 ppb,40 ppb
2026-03-29 22:04:07,29 ppb,29 ppb,29 ppb,40 ppb
2026-03-29 22:34:13,29 ppb,29 ppb,29 ppb,40 ppb
2026-03-29 23:04:19,29 ppb,29 ppb,29 ppb,40 ppb
2026-03-29 23:34:26,29 ppb,29 ppb,29 ppb,40 ppb
2026-03-29 23:34:26,29 ppb,29 ppb,29 ppb,40 ppb
2026-03-30 00:34:38,30 ppb,30 ppb,30 ppb,41 ppb
2026-03-30 01:04:50,30 ppb,30 ppb,30 ppb,41 ppb
2026-03-30 01:35:03,30 ppb,30 ppb,30 ppb,41 ppb
2026-03-30 02:05:16,30 ppb,30 ppb,30 ppb,41 ppb
2026-03-30 02:05:16,30 ppb,30 ppb,30 ppb,41 ppb
2026-03-30 02:35:28,30 ppb,30 ppb,30 ppb,41 ppb
2026-03-30 02:35:28,30 ppb,30 ppb,30 ppb,41 ppb
2026-03-30 03:05:48,30 ppb,30 ppb,30 ppb,41 ppb
2026-03-30 03:36:00,30 ppb,30 ppb,30 ppb,41 ppb
2026-03-30 04:36:12,30 ppb,30 ppb,30 ppb,41 ppb
2026-03-30 05:06:18,30 ppb,30 ppb,30 ppb,41 ppb
2026-03-30 05:36:25,30 ppb,30 ppb,30 ppb,41 ppb
2026-03-30 06:06:31,30 ppb,30 ppb,30 ppb,41 ppb
2026-03-30 06:06:31,30 ppb,30 ppb,30 ppb,41 ppb
2026-03-30 06:36:37,30 ppb,30 ppb,30 ppb,41 ppb
2026-03-30 07:06:43,30 ppb,30 ppb,30 ppb,41 ppb
2026-03-30 07:36:49,30 ppb,30 ppb,30 ppb,41 ppb
2026-03-30 07:36:49,30 ppb,30 ppb,30 ppb,41 ppb
2026-03-30 08:06:56,29 ppb,30 ppb,29 ppb,40 ppb
2026-03-30 08:37:02,28 ppb,29 ppb,28 ppb,39 ppb
2026-03-30 08:37:02,28 ppb,29 ppb,28 ppb,39 ppb
2026-03-30 09:07:08,28 ppb,29 ppb,28 ppb,39 ppb
2026-03-30 09:37:14,29 ppb,29 ppb,29 ppb,40 ppb
2026-03-30 09:37:14,29 ppb,29 ppb,29 ppb,40 ppb
2026-03-30 09:37:14,29 ppb,29 ppb,29 ppb,40 ppb
2026-03-30 10:07:21,28 ppb,29 ppb,28 ppb,39 ppb
2026-03-30 11:07:33,27 ppb,28 ppb,26 ppb,37 ppb
2026-03-30 11:37:45,27 ppb,28 ppb,27 ppb,37 ppb
2026-03-30 12:07:58,27 ppb,28 ppb,25 ppb,37 ppb
2026-03-30 12:38:11,27 ppb,28 ppb,26 ppb,37 ppb
2026-03-30 13:08:23,27 ppb,28 ppb,27 ppb,37 ppb
2026-03-30 13:38:36,26 ppb,28 ppb,26 ppb,36 ppb
2026-03-30 13:38:36,26 ppb,28 ppb,26 ppb,36 ppb
2026-03-30 14:08:48,26 ppb,27 ppb,23 ppb,36 ppb
2026-03-30 15:09:01,25 ppb,27 ppb,24 ppb,34 ppb
2026-03-30 16:09:13,23 ppb,26 ppb,21 ppb,31 ppb
2026-03-30 16:09:13,23 ppb,26 ppb,21 ppb,31 ppb
2026-03-30 16:39:25,23 ppb,26 ppb,21 ppb,31 ppb
2026-03-30 17:09:31,24 ppb,26 ppb,23 ppb,33 ppb
2026-03-30 17:09:31,24 ppb,26 ppb,23 ppb,33 ppb
2026-03-30 17:09:31,24 ppb,26 ppb,23 ppb,33 ppb
2026-03-30 17:39:37,25 ppb,26 ppb,25 ppb,34 ppb
2026-03-30 17:39:37,25 ppb,26 ppb,25 ppb,34 ppb
2026-03-30 17:39:37,25 ppb,26 ppb,25 ppb,34 ppb
2026-03-30 18:09:43,26 ppb,26 ppb,26 ppb,36 ppb
2026-03-30 18:39:50,26 ppb,26 ppb,26 ppb,36 ppb
2026-03-30 19:10:01,26 ppb,27 ppb,26 ppb,36 ppb
2026-03-30 19:40:14,27 ppb,27 ppb,27 ppb,37 ppb
2026-03-30 20:10:27,27 ppb,27 ppb,27 ppb,37 ppb
2026-03-30 20:40:40,27 ppb,27 ppb,27 ppb,37 ppb
2026-03-30 21:10:53,26 ppb,27 ppb,26 ppb,36 ppb
2026-03-30 21:10:53,26 ppb,27 ppb,26 ppb,36 ppb
2026-03-30 21:41:05,27 ppb,27 ppb,27 ppb,37 ppb
2026-03-30 22:11:16,27 ppb,27 ppb,27 ppb,37 ppb
2026-03-30 22:41:36,27 ppb,27 ppb,27 ppb,37 ppb
2026-03-30 23:11:56,27 ppb,27 ppb,27 ppb,37 ppb
2026-03-30 23:42:15,27 ppb,27 ppb,27 ppb,37 ppb
2026-03-31 00:12:34,27 ppb,27 ppb,27 ppb,37 ppb
2026-03-31 00:12:34,27 ppb,27 ppb,27 ppb,37 ppb
2026-03-31 11:47:20,26 ppb,27 ppb,25 ppb,36 ppb
2026-03-31 12:47:33,26 ppb,27 ppb,25 ppb,36 ppb
2026-03-31 12:47:33,26 ppb,27 ppb,25 ppb,36 ppb
2026-03-31 12:47:33,26 ppb,27 ppb,25 ppb,36 ppb
2026-03-31 13:17:39,27 ppb,27 ppb,27 ppb,37 ppb
2026-03-31 13:17:39,27 ppb,27 ppb,27 ppb,37 ppb
2026-03-31 13:17:39,27 ppb,27 ppb,27 ppb,37 ppb
2026-03-31 13:47:45,26 ppb,27 ppb,26 ppb,35 ppb
2026-03-31 13:47:45,26 ppb,27 ppb,26 ppb,35 ppb
2026-03-31 14:17:51,26 ppb,27 ppb,25 ppb,35 ppb
2026-03-31 14:17:51,26 ppb,27 ppb,25 ppb,35 ppb
2026-03-31 14:47:57,26 ppb,27 ppb,25 ppb,35 ppb
2026-03-31 14:47:57,26 ppb,27 ppb,25 ppb,35 ppb
2026-03-31 15:18:04,27 ppb,27 ppb,27 ppb,37 ppb
2026-03-31 15:18:04,27 ppb,27 ppb,27 ppb,37 ppb
2026-03-31 15:18:04,27 ppb,27 ppb,27 ppb,37 ppb
2026-03-31 15:48:10,27 ppb,29 ppb,27 ppb,37 ppb
2026-03-31 15:48:10,27 ppb,29 ppb,27 ppb,37 ppb
2026-03-31 16:18:16,29 ppb,29 ppb,29 ppb,40 ppb
2026-03-31 16:18:16,29 ppb,29 ppb,29 ppb,40 ppb
2026-03-31 16:48:28,29 ppb,29 ppb,29 ppb,40 ppb
2026-03-31 16:48:28,29 ppb,29 ppb,29 ppb,40 ppb
2026-03-31 16:48:28,29 ppb,29 ppb,29 ppb,40 ppb
2026-03-31 17:18:34,29 ppb,29 ppb,29 ppb,40 ppb
2026-03-31 18:18:47,27 ppb,28 ppb,27 ppb,37 ppb
2026-03-31 18:18:47,27 ppb,28 ppb,27 ppb,37 ppb
2026-03-31 18:48:53,27 ppb,28 ppb,27 ppb,37 ppb
2026-03-31 18:48:53,27 ppb,28 ppb,27 ppb,37 ppb
2026-03-31 19:19:04,28 ppb,29 ppb,28 ppb,38 ppb
2026-03-31 19:19:04,28 ppb,29 ppb,28 ppb,38 ppb
2026-03-31 19:49:11,29 ppb,29 ppb,29 ppb,40 ppb
2026-03-31 19:49:11,29 ppb,29 ppb,29 ppb,40 ppb
2026-03-31 19:49:11,29 ppb,29 ppb,29 ppb,40 ppb
2026-03-31 20:19:17,29 ppb,29 ppb,29 ppb,40 ppb
2026-03-31 20:19:17,29 ppb,29 ppb,29 ppb,40 ppb
2026-03-31 20:49:23,29 ppb,29 ppb,29 ppb,40 ppb
2026-03-31 20:49:23,29 ppb,29 ppb,29 ppb,40 ppb
2026-03-31 21:19:29,29 ppb,29 ppb,29 ppb,40 ppb
2026-03-31 21:19:29,29 ppb,29 ppb,29 ppb,40 ppb
2026-03-31 22:49:48,28 ppb,29 ppb,26 ppb,38 ppb
2026-03-31 23:19:54,27 ppb,29 ppb,25 ppb,37 ppb
2026-03-31 23:50:00,28 ppb,29 ppb,28 ppb,38 ppb
2026-03-31 23:50:00,28 ppb,29 ppb,28 ppb,38 ppb
2026-03-31 23:50:00,28 ppb,29 ppb,28 ppb,38 ppb
2026-04-01 00:20:07,28 ppb,29 ppb,27 ppb,38 ppb
2026-04-01 00:20:07,28 ppb,29 ppb,27 ppb,38 ppb
2026-04-01 00:50:25,28 ppb,29 ppb,28 ppb,38 ppb
2026-04-01 00:50:25,28 ppb,29 ppb,28 ppb,38 ppb
2026-04-01 01:20:31,28 ppb,29 ppb,28 ppb,38 ppb
2026-04-01 01:20:31,28 ppb,29 ppb,28 ppb,38 ppb
2026-04-01 01:50:44,28 ppb,29 ppb,28 ppb,39 ppb
2026-04-01 01:50:44,28 ppb,29 ppb,28 ppb,39 ppb
2026-04-01 02:21:04,29 ppb,30 ppb,29 ppb,40 ppb
2026-04-01 02:21:04,29 ppb,30 ppb,29 ppb,40 ppb
2026-04-01 02:51:10,29 ppb,30 ppb,29 ppb,40 ppb
2026-04-01 02:51:10,29 ppb,30 ppb,29 ppb,40 ppb
2026-04-01 03:21:23,29 ppb,30 ppb,28 ppb,40 ppb
2026-04-01 04:21:46,29 ppb,30 ppb,28 ppb,40 ppb
2026-04-01 04:51:52,29 ppb,30 ppb,27 ppb,40 ppb
2026-04-01 05:21:59,29 ppb,30 ppb,28 ppb,40 ppb
2026-04-01 05:21:59,29 ppb,30 ppb,28 ppb,40 ppb
2026-04-01 05:52:05,29 ppb,30 ppb,27 ppb,40 ppb
2026-04-01 06:22:11,29 ppb,30 ppb,26 ppb,40 ppb
2026-04-01 06:22:11,29 ppb,30 ppb,26 ppb,40 ppb
2026-04-01 07:22:24,28 ppb,30 ppb,26 ppb,39 ppb
2026-04-01 07:52:30,29 ppb,30 ppb,27 ppb,40 ppb
2026-04-01 07:52:30,29 ppb,30 ppb,27 ppb,40 ppb
2026-04-01 08:22:36,28 ppb,30 ppb,25 ppb,39 ppb
2026-04-01 09:22:48,28 ppb,30 ppb,26 ppb,39 ppb
2026-04-01 09:53:00,28 ppb,30 ppb,25 ppb,39 ppb
2026-04-01 10:23:13,29 ppb,30 ppb,28 ppb,40 ppb
2026-04-01 10:53:26,29 ppb,30 ppb,27 ppb,40 ppb
2026-04-01 11:23:39,29 ppb,30 ppb,27 ppb,40 ppb
2026-04-01 11:23:39,29 ppb,30 ppb,27 ppb,40 ppb
2026-04-01 11:23:39,29 ppb,30 ppb,27 ppb,40 ppb
2026-04-01 11:53:52,27 ppb,30 ppb,26 ppb,37 ppb
2026-04-01 12:24:03,26 ppb,29 ppb,23 ppb,36 ppb
2026-04-01 12:54:10,27 ppb,29 ppb,24 ppb,37 ppb
2026-04-01 12:54:10,27 ppb,29 ppb,24 ppb,37 ppb
2026-04-01 13:24:16,27 ppb,30 ppb,25 ppb,37 ppb
2026-04-01 13:54:22,28 ppb,30 ppb,25 ppb,39 ppb
2026-04-01 13:54:22,28 ppb,30 ppb,25 ppb,39 ppb
2026-04-01 13:54:22,28 ppb,30 ppb,25 ppb,39 ppb
2026-04-01 14:24:28,29 ppb,30 ppb,27 ppb,40 ppb
2026-04-01 14:54:35,25 ppb,30 ppb,16 ppb,34 ppb
2026-04-01 14:54:35,25 ppb,30 ppb,16 ppb,34 ppb
2026-04-01 15:24:41,16 ppb,16 ppb,16 ppb,22 ppb
2026-04-01 15:24:41,16 ppb,16 ppb,16 ppb,22 ppb
2026-04-01 15:24:41,16 ppb,16 ppb,16 ppb,22 ppb
2026-04-01 15:54:47,16 ppb,16 ppb,16 ppb,22 ppb
2026-04-01 16:24:53,16 ppb,20 ppb,16 ppb,22 ppb
2026-04-01 16:55:05,20 ppb,23 ppb,17 ppb,28 ppb
2026-04-01 17:25:11,23 ppb,26 ppb,20 ppb,32 ppb
2026-04-01 17:55:17,25 ppb,27 ppb,22 ppb,34 ppb
2026-04-01 18:25:23,26 ppb,27 ppb,23 ppb,36 ppb
2026-04-01 18:55:30,27 ppb,28 ppb,24 ppb,37 ppb
2026-04-01 19:25:36,28 ppb,28 ppb,28 ppb,39 ppb
2026-04-01 19:55:42,28 ppb,29 ppb,28 ppb,39 ppb
2026-04-01 20:25:49,28 ppb,29 ppb,28 ppb,39 ppb
2026-04-01 20:55:55,28 ppb,29 ppb,27 ppb,39 ppb
2026-04-01 21:26:07,28 ppb,29 ppb,27 ppb,39 ppb
2026-04-01 21:56:13,28 ppb,30 ppb,28 ppb,39 ppb
2026-04-01 21:56:13,28 ppb,30 ppb,28 ppb,39 ppb
2026-04-01 22:26:19,29 ppb,30 ppb,28 ppb,40 ppb
2026-04-01 23:26:31,29 ppb,30 ppb,27 ppb,40 ppb
2026-04-01 23:56:38,29 ppb,30 ppb,27 ppb,40 ppb
2026-04-02 00:26:44,30 ppb,31 ppb,29 ppb,41 ppb
2026-04-02 00:26:44,30 ppb,31 ppb,29 ppb,41 ppb
2026-04-02 00:56:50,30 ppb,31 ppb,30 ppb,42 ppb
2026-04-02 01:26:56,30 ppb,31 ppb,29 ppb,42 ppb
2026-04-02 01:26:56,30 ppb,31 ppb,29 ppb,42 ppb
2026-04-02 01:57:03,31 ppb,32 ppb,31 ppb,43 ppb
2026-04-02 01:57:03,31 ppb,32 ppb,31 ppb,43 ppb
2026-04-02 02:27:09,31 ppb,32 ppb,29 ppb,43 ppb
2026-04-02 02:27:09,31 ppb,32 ppb,29 ppb,43 ppb
2026-04-02 02:57:15,31 ppb,32 ppb,30 ppb,43 ppb
2026-04-02 03:27:21,31 ppb,32 ppb,30 ppb,43 ppb
2026-04-02 03:57:27,31 ppb,32 ppb,30 ppb,43 ppb
2026-04-02 03:57:27,31 ppb,32 ppb,30 ppb,43 ppb
2026-04-02 04:27:34,31 ppb,32 ppb,30 ppb,43 ppb
2026-04-02 04:57:40,31 ppb,32 ppb,30 ppb,43 ppb
2026-04-02 05:27:46,32 ppb,33 ppb,30 ppb,44 ppb
2026-04-02 05:57:52,32 ppb,33 ppb,31 ppb,44 ppb
2026-04-02 05:57:52,32 ppb,33 ppb,31 ppb,44 ppb
2026-04-02 06:27:59,32 ppb,33 ppb,31 ppb,44 ppb
2026-04-02 06:58:05,32 ppb,33 ppb,31 ppb,44 ppb
2026-04-02 07:28:22,32 ppb,34 ppb,28 ppb,44 ppb
2026-04-02 07:58:29,34 ppb,34 ppb,34 ppb,47 ppb
2026-04-02 07:58:29,34 ppb,34 ppb,34 ppb,47 ppb
2026-04-02 08:28:35,33 ppb,34 ppb,33 ppb,46 ppb
2026-04-02 08:58:41,33 ppb,34 ppb,33 ppb,46 ppb
2026-04-02 09:28:47,34 ppb,34 ppb,34 ppb,47 ppb
2026-04-02 10:28:59,31 ppb,34 ppb,29 ppb,43 ppb
2026-04-02 10:28:59,31 ppb,34 ppb,29 ppb,43 ppb
2026-04-02 10:59:06,29 ppb,33 ppb,27 ppb,40 ppb
2026-04-02 10:59:06,29 ppb,33 ppb,27 ppb,40 ppb
2026-04-02 11:29:12,29 ppb,32 ppb,28 ppb,40 ppb
2026-04-02 11:29:12,29 ppb,32 ppb,28 ppb,40 ppb
2026-04-02 11:59:18,28 ppb,31 ppb,26 ppb,39 ppb
2026-04-02 12:29:24,27 ppb,30 ppb,24 ppb,37 ppb
2026-04-02 12:59:30,29 ppb,32 ppb,27 ppb,40 ppb
2026-04-02 12:59:30,29 ppb,32 ppb,27 ppb,40 ppb
2026-04-02 13:29:37,29 ppb,32 ppb,27 ppb,40 ppb
2026-04-02 13:59:43,28 ppb,31 ppb,27 ppb,39 ppb
2026-04-02 14:29:49,28 ppb,31 ppb,27 ppb,39 ppb
2026-04-02 14:29:49,28 ppb,31 ppb,27 ppb,39 ppb
2026-04-02 14:59:55,28 ppb,31 ppb,26 ppb,39 ppb
2026-04-02 15:30:02,29 ppb,31 ppb,27 ppb,40 ppb
2026-04-02 16:00:08,28 ppb,30 ppb,27 ppb,39 ppb
2026-04-02 16:30:14,29 ppb,32 ppb,28 ppb,40 ppb
2026-04-02 17:00:31,30 ppb,32 ppb,28 ppb,41 ppb
2026-04-02 17:30:38,30 ppb,32 ppb,28 ppb,41 ppb
2026-04-02 18:00:44,30 ppb,32 ppb,29 ppb,41 ppb
2026-04-02 18:00:44,30 ppb,32 ppb,29 ppb,41 ppb
2026-04-02 18:30:50,31 ppb,32 ppb,30 ppb,43 ppb
2026-04-02 19:00:56,31 ppb,33 ppb,31 ppb,43 ppb
2026-04-02 19:31:02,32 ppb,33 ppb,32 ppb,44 ppb
2026-04-02 20:01:08,32 ppb,33 ppb,31 ppb,44 ppb
2026-04-02 20:31:15,32 ppb,33 ppb,30 ppb,44 ppb
2026-04-02 20:31:15,32 ppb,33 ppb,30 ppb,44 ppb
2026-04-02 20:31:15,32 ppb,33 ppb,30 ppb,44 ppb
2026-04-02 21:01:21,32 ppb,33 ppb,32 ppb,44 ppb
2026-04-02 21:31:27,32 ppb,33 ppb,30 ppb,44 ppb
2026-04-02 21:31:27,32 ppb,33 ppb,30 ppb,44 ppb
2026-04-02 22:31:40,32 ppb,33 ppb,30 ppb,44 ppb
2026-04-02 23:01:46,32 ppb,33 ppb,30 ppb,44 ppb
2026-04-02 23:01:46,32 ppb,33 ppb,30 ppb,44 ppb
2026-04-02 23:31:52,32 ppb,33 ppb,31 ppb,44 ppb
2026-04-03 00:01:58,32 ppb,33 ppb,31 ppb,44 ppb
2026-04-03 00:32:04,32 ppb,33 ppb,32 ppb,44 ppb
2026-04-03 01:02:11,32 ppb,33 ppb,32 ppb,44 ppb
2026-04-03 01:02:11,32 ppb,33 ppb,32 ppb,44 ppb
2026-04-03 01:32:17,32 ppb,33 ppb,31 ppb,44 ppb
2026-04-03 01:32:17,32 ppb,33 ppb,31 ppb,44 ppb
2026-04-03 01:32:17,32 ppb,33 ppb,31 ppb,44 ppb
2026-04-03 02:02:23,32 ppb,33 ppb,32 ppb,44 ppb
2026-04-03 02:32:29,32 ppb,33 ppb,31 ppb,44 ppb
2026-04-03 02:32:29,32 ppb,33 ppb,31 ppb,44 ppb
2026-04-03 03:02:46,32 ppb,33 ppb,31 ppb,44 ppb
2026-04-03 03:32:53,32 ppb,33 ppb,32 ppb,44 ppb
2026-04-03 03:32:53,32 ppb,33 ppb,32 ppb,44 ppb
2026-04-03 04:02:59,32 ppb,33 ppb,31 ppb,44 ppb
2026-04-03 04:33:05,32 ppb,34 ppb,32 ppb,44 ppb
2026-04-03 05:03:11,33 ppb,34 ppb,32 ppb,46 ppb
2026-04-03 05:33:18,33 ppb,34 ppb,32 ppb,46 ppb
2026-04-03 06:03:24,33 ppb,34 ppb,33 ppb,46 ppb
2026-04-03 06:03:24,33 ppb,34 ppb,33 ppb,46 ppb
2026-04-03 06:33:30,33 ppb,34 ppb,32 ppb,46 ppb
2026-04-03 07:03:36,33 ppb,34 ppb,30 ppb,46 ppb
2026-04-03 07:33:42,33 ppb,34 ppb,31 ppb,46 ppb
2026-04-03 07:33:42,33 ppb,34 ppb,31 ppb,46 ppb
2026-04-03 08:03:49,33 ppb,34 ppb,31 ppb,46 ppb
2026-04-03 08:33:55,33 ppb,34 ppb,31 ppb,46 ppb
2026-04-03 09:04:01,32 ppb,34 ppb,30 ppb,44 ppb
2026-04-03 09:04:01,32 ppb,34 ppb,30 ppb,44 ppb
2026-04-03 09:34:07,32 ppb,34 ppb,31 ppb,44 ppb
2026-04-03 10:04:14,32 ppb,33 ppb,30 ppb,44 ppb
2026-04-03 11:04:26,30 ppb,33 ppb,29 ppb,42 ppb
2026-04-03 11:04:26,30 ppb,33 ppb,29 ppb,42 ppb
2026-04-03 11:04:26,30 ppb,33 ppb,29 ppb,42 ppb
2026-04-03 11:34:32,31 ppb,33 ppb,29 ppb,43 ppb
2026-04-03 12:04:39,31 ppb,33 ppb,29 ppb,43 ppb
2026-04-03 12:34:45,30 ppb,32 ppb,29 ppb,42 ppb
2026-04-03 13:04:57,30 ppb,32 ppb,28 ppb,42 ppb
2026-04-03 13:04:57,30 ppb,32 ppb,28 ppb,42 ppb
2026-04-03 13:35:03,30 ppb,32 ppb,28 ppb,42 ppb
2026-04-03 14:05:09,30 ppb,32 ppb,28 ppb,41 ppb
2026-04-03 14:35:15,29 ppb,31 ppb,28 ppb,40 ppb
2026-04-03 14:35:15,29 ppb,31 ppb,28 ppb,40 ppb
2026-04-03 15:35:28,30 ppb,31 ppb,29 ppb,41 ppb
2026-04-03 16:05:34,30 ppb,31 ppb,28 ppb,41 ppb
2026-04-03 16:05:34,30 ppb,31 ppb,28 ppb,41 ppb
2026-04-03 16:35:40,30 ppb,31 ppb,28 ppb,41 ppb
2026-04-03 17:05:52,30 ppb,31 ppb,30 ppb,41 ppb
2026-04-03 17:35:58,30 ppb,31 ppb,29 ppb,41 ppb
2026-04-03 18:06:05,31 ppb,32 ppb,31 ppb,43 ppb
2026-04-03 18:06:05,31 ppb,32 ppb,31 ppb,43 ppb
2026-04-03 18:36:11,31 ppb,32 ppb,31 ppb,43 ppb
2026-04-03 19:06:17,32 ppb,32 ppb,32 ppb,44 ppb
2026-04-03 19:36:24,32 ppb,32 ppb,32 ppb,44 ppb
2026-04-03 20:06:29,32 ppb,32 ppb,32 ppb,44 ppb
2026-04-03 20:06:29,32 ppb,32 ppb,32 ppb,44 ppb
2026-04-03 20:36:36,32 ppb,32 ppb,32 ppb,44 ppb
2026-04-03 21:06:42,32 ppb,33 ppb,32 ppb,44 ppb
2026-04-03 21:06:42,32 ppb,33 ppb,32 ppb,44 ppb
2026-04-03 22:06:54,32 ppb,33 ppb,31 ppb,44 ppb
2026-04-03 22:37:01,32 ppb,33 ppb,32 ppb,44 ppb
2026-04-03 22:37:01,32 ppb,33 ppb,32 ppb,44 ppb
2026-04-03 23:07:18,32 ppb,33 ppb,32 ppb,44 ppb
2026-04-03 23:37:24,32 ppb,33 ppb,32 ppb,44 ppb
2026-04-03 23:37:24,32 ppb,33 ppb,32 ppb,44 ppb
2026-04-04 00:07:30,33 ppb,33 ppb,33 ppb,46 ppb
2026-04-04 00:37:36,33 ppb,33 ppb,33 ppb,46 ppb
2026-04-04 00:37:36,33 ppb,33 ppb,33 ppb,46 ppb
2026-04-04 01:07:43,33 ppb,33 ppb,33 ppb,46 ppb
2026-04-04 01:37:49,33 ppb,33 ppb,33 ppb,46 ppb
2026-04-04 02:07:55,33 ppb,33 ppb,33 ppb,46 ppb
2026-04-04 02:38:01,32 ppb,33 ppb,32 ppb,44 ppb
2026-04-04 03:08:08,32 ppb,33 ppb,32 ppb,44 ppb
2026-04-04 03:08:08,32 ppb,33 ppb,32 ppb,44 ppb
2026-04-04 03:38:14,32 ppb,33 ppb,32 ppb,44 ppb
2026-04-04 04:08:20,32 ppb,33 ppb,32 ppb,44 ppb
2026-04-04 04:38:27,33 ppb,33 ppb,33 ppb,46 ppb
2026-04-04 05:08:33,33 ppb,33 ppb,33 ppb,46 ppb
2026-04-04 05:08:33,33 ppb,33 ppb,33 ppb,46 ppb
2026-04-04 05:38:39,32 ppb,33 ppb,31 ppb,44 ppb
2026-04-04 06:08:45,33 ppb,33 ppb,33 ppb,46 ppb
2026-04-04 06:38:51,33 ppb,33 ppb,33 ppb,46 ppb
2026-04-04 06:38:51,33 ppb,33 ppb,33 ppb,46 ppb
2026-04-04 07:08:58,33 ppb,33 ppb,33 ppb,46 ppb
2026-04-04 07:08:58,33 ppb,33 ppb,33 ppb,46 ppb
2026-04-04 07:39:03,32 ppb,33 ppb,32 ppb,44 ppb
2026-04-04 08:09:10,32 ppb,33 ppb,32 ppb,44 ppb
2026-04-04 08:39:22,32 ppb,33 ppb,31 ppb,44 ppb
2026-04-04 09:09:28,32 ppb,33 ppb,31 ppb,44 ppb
2026-04-04 09:09:28,32 ppb,33 ppb,31 ppb,44 ppb
2026-04-04 10:09:41,31 ppb,32 ppb,30 ppb,43 ppb
2026-04-04 11:09:53,31 ppb,32 ppb,30 ppb,43 ppb
2026-04-04 11:39:59,31 ppb,32 ppb,30 ppb,43 ppb
2026-04-04 12:10:05,30 ppb,31 ppb,30 ppb,41 ppb
2026-04-04 12:10:05,30 ppb,31 ppb,30 ppb,41 ppb
2026-04-04 12:10:05,30 ppb,31 ppb,30 ppb,41 ppb
2026-04-04 12:40:11,30 ppb,31 ppb,30 ppb,41 ppb
2026-04-04 12:40:11,30 ppb,31 ppb,30 ppb,41 ppb
2026-04-04 13:10:17,30 ppb,31 ppb,29 ppb,41 ppb
2026-04-04 13:10:17,30 ppb,31 ppb,29 ppb,41 ppb
2026-04-04 13:40:24,30 ppb,31 ppb,29 ppb,41 ppb
2026-04-04 14:10:35,30 ppb,31 ppb,30 ppb,41 ppb
2026-04-04 14:10:36,30 ppb,31 ppb,30 ppb,41 ppb
2026-04-04 14:40:48,29 ppb,30 ppb,28 ppb,40 ppb
2026-04-04 15:11:01,30 ppb,30 ppb,30 ppb,41 ppb
2026-04-04 15:41:14,29 ppb,30 ppb,29 ppb,40 ppb
2026-04-04 15:41:14,29 ppb,30 ppb,29 ppb,40 ppb
2026-04-04 15:41:14,29 ppb,30 ppb,29 ppb,40 ppb
2026-04-04 16:11:27,29 ppb,30 ppb,29 ppb,40 ppb
2026-04-04 16:11:27,29 ppb,30 ppb,29 ppb,40 ppb
2026-04-04 16:41:46,30 ppb,30 ppb,30 ppb,41 ppb
2026-04-04 17:11:57,30 ppb,30 ppb,30 ppb,41 ppb
2026-04-04 17:11:57,30 ppb,30 ppb,30 ppb,41 ppb
2026-04-04 17:42:04,30 ppb,30 ppb,30 ppb,41 ppb
2026-04-04 17:42:04,30 ppb,30 ppb,30 ppb,41 ppb
2026-04-04 18:12:10,30 ppb,31 ppb,30 ppb,41 ppb
2026-04-04 18:42:16,31 ppb,31 ppb,31 ppb,43 ppb
2026-04-04 19:12:22,31 ppb,31 ppb,31 ppb,43 ppb
2026-04-04 19:42:28,31 ppb,31 ppb,31 ppb,43 ppb
2026-04-04 19:42:28,31 ppb,31 ppb,31 ppb,43 ppb
2026-04-04 19:42:28,31 ppb,31 ppb,31 ppb,43 ppb
2026-04-04 20:12:34,31 ppb,31 ppb,31 ppb,43 ppb
2026-04-04 20:42:41,31 ppb,31 ppb,31 ppb,43 ppb
2026-04-04 21:12:47,31 ppb,31 ppb,31 ppb,43 ppb
2026-04-04 21:12:47,31 ppb,31 ppb,31 ppb,43 ppb
2026-04-04 21:12:47,31 ppb,31 ppb,31 ppb,43 ppb
2026-04-04 21:42:53,31 ppb,31 ppb,31 ppb,43 ppb
2026-04-04 21:42:53,31 ppb,31 ppb,31 ppb,43 ppb
2026-04-04 21:42:53,31 ppb,31 ppb,31 ppb,43 ppb
2026-04-04 22:13:00,31 ppb,31 ppb,31 ppb,43 ppb
2026-04-04 22:43:06,31 ppb,31 ppb,31 ppb,43 ppb
2026-04-04 23:13:12,31 ppb,31 ppb,31 ppb,43 ppb
2026-04-04 23:13:12,31 ppb,31 ppb,31 ppb,43 ppb
2026-04-04 23:43:18,31 ppb,31 ppb,31 ppb,43 ppb
2026-04-04 23:43:18,31 ppb,31 ppb,31 ppb,43 ppb
2026-04-04 23:43:18,31 ppb,31 ppb,31 ppb,43 ppb
2026-04-05 00:13:24,31 ppb,32 ppb,31 ppb,43 ppb
2026-04-05 00:13:24,31 ppb,32 ppb,31 ppb,43 ppb
2026-04-05 00:43:30,32 ppb,32 ppb,32 ppb,44 ppb
2026-04-05 01:13:37,32 ppb,32 ppb,32 ppb,44 ppb
2026-04-05 01:43:43,32 ppb,32 ppb,32 ppb,44 ppb
2026-04-05 01:43:43,32 ppb,32 ppb,32 ppb,44 ppb
2026-04-05 01:43:43,32 ppb,32 ppb,32 ppb,44 ppb
2026-04-05 02:13:49,32 ppb,32 ppb,32 ppb,44 ppb
2026-04-05 02:43:55,32 ppb,32 ppb,32 ppb,44 ppb
2026-04-05 03:14:07,31 ppb,32 ppb,31 ppb,43 ppb
2026-04-05 04:14:20,32 ppb,32 ppb,32 ppb,44 ppb
2026-04-05 04:14:20,32 ppb,32 ppb,32 ppb,44 ppb
2026-04-05 05:14:32,32 ppb,32 ppb,32 ppb,44 ppb
2026-04-05 05:14:32,32 ppb,32 ppb,32 ppb,44 ppb
2026-04-05 05:44:38,32 ppb,32 ppb,32 ppb,44 ppb
2026-04-05 06:14:44,32 ppb,32 ppb,32 ppb,44 ppb
2026-04-05 06:44:51,32 ppb,32 ppb,32 ppb,44 ppb
2026-04-05 06:44:51,32 ppb,32 ppb,32 ppb,44 ppb
2026-04-05 06:44:51,32 ppb,32 ppb,32 ppb,44 ppb
2026-04-05 07:14:57,32 ppb,32 ppb,32 ppb,44 ppb
2026-04-05 07:45:03,32 ppb,32 ppb,32 ppb,44 ppb
2026-04-05 07:45:03,32 ppb,32 ppb,32 ppb,44 ppb
2026-04-05 08:15:09,31 ppb,32 ppb,31 ppb,43 ppb
2026-04-05 08:45:27,31 ppb,32 ppb,31 ppb,43 ppb
2026-04-05 09:15:39,30 ppb,31 ppb,29 ppb,41 ppb
2026-04-05 09:45:53,30 ppb,31 ppb,28 ppb,41 ppb
2026-04-05 10:16:05,30 ppb,31 ppb,28 ppb,41 ppb
2026-04-05 10:46:18,29 ppb,30 ppb,28 ppb,40 ppb
2026-04-05 11:16:36,29 ppb,30 ppb,29 ppb,40 ppb
2026-04-05 11:16:36,29 ppb,30 ppb,29 ppb,40 ppb
2026-04-05 11:46:43,29 ppb,30 ppb,29 ppb,40 ppb
2026-04-05 12:16:49,29 ppb,30 ppb,28 ppb,40 ppb
2026-04-05 12:46:55,29 ppb,30 ppb,29 ppb,40 ppb
2026-04-05 13:17:01,29 ppb,30 ppb,29 ppb,40 ppb
2026-04-05 13:47:08,29 ppb,29 ppb,29 ppb,40 ppb
2026-04-05 14:17:14,28 ppb,29 ppb,28 ppb,38 ppb
2026-04-05 14:47:20,27 ppb,29 ppb,26 ppb,37 ppb
2026-04-05 14:47:20,27 ppb,29 ppb,26 ppb,37 ppb
2026-04-05 15:17:26,27 ppb,28 ppb,27 ppb,37 ppb
2026-04-05 15:17:26,27 ppb,28 ppb,27 ppb,37 ppb
2026-04-05 15:47:33,27 ppb,28 ppb,27 ppb,37 ppb
2026-04-05 16:17:39,28 ppb,28 ppb,28 ppb,38 ppb
2026-04-05 16:47:45,28 ppb,28 ppb,28 ppb,38 ppb
2026-04-05 17:17:57,28 ppb,28 ppb,28 ppb,38 ppb
2026-04-05 17:17:57,28 ppb,28 ppb,28 ppb,38 ppb
2026-04-05 17:48:03,28 ppb,28 ppb,28 ppb,38 ppb
2026-04-05 17:48:03,28 ppb,28 ppb,28 ppb,38 ppb
2026-04-05 18:18:09,28 ppb,29 ppb,28 ppb,38 ppb
2026-04-05 18:48:15,29 ppb,29 ppb,29 ppb,40 ppb
2026-04-05 18:48:15,29 ppb,29 ppb,29 ppb,40 ppb
2026-04-05 19:18:22,29 ppb,29 ppb,29 ppb,40 ppb
2026-04-05 19:48:28,29 ppb,29 ppb,29 ppb,40 ppb
2026-04-05 19:48:28,29 ppb,29 ppb,29 ppb,40 ppb
2026-04-05 20:18:39,29 ppb,29 ppb,29 ppb,40 ppb
2026-04-05 20:48:46,29 ppb,29 ppb,29 ppb,40 ppb
2026-04-05 20:48:46,29 ppb,29 ppb,29 ppb,40 ppb
2026-04-05 21:18:52,29 ppb,30 ppb,29 ppb,40 ppb
2026-04-05 21:48:58,30 ppb,30 ppb,30 ppb,41 ppb
2026-04-05 21:48:58,30 ppb,30 ppb,30 ppb,41 ppb
2026-04-05 22:19:04,30 ppb,30 ppb,30 ppb,41 ppb
2026-04-05 22:49:11,30 ppb,30 ppb,30 ppb,41 ppb
2026-04-05 23:19:17,30 ppb,30 ppb,30 ppb,41 ppb
2026-04-05 23:49:23,30 ppb,30 ppb,30 ppb,41 ppb
2026-04-05 23:49:23,30 ppb,30 ppb,30 ppb,41 ppb
2026-04-06 00:19:29,29 ppb,30 ppb,29 ppb,40 ppb
2026-04-06 00:19:29,29 ppb,30 ppb,29 ppb,40 ppb
2026-04-06 00:49:35,30 ppb,30 ppb,30 ppb,41 ppb
2026-04-06 01:19:42,30 ppb,30 ppb,30 ppb,41 ppb
2026-04-06 01:49:48,30 ppb,30 ppb,30 ppb,41 ppb
2026-04-06 02:19:54,30 ppb,30 ppb,30 ppb,41 ppb
2026-04-06 02:50:00,30 ppb,30 ppb,30 ppb,41 ppb
2026-04-06 02:50:00,30 ppb,30 ppb,30 ppb,41 ppb
2026-04-06 02:50:00,30 ppb,30 ppb,30 ppb,41 ppb
2026-04-06 03:20:07,29 ppb,30 ppb,29 ppb,40 ppb
2026-04-06 03:50:13,29 ppb,30 ppb,29 ppb,40 ppb
2026-04-06 04:20:19,30 ppb,30 ppb,30 ppb,41 ppb
2026-04-06 04:50:25,30 ppb,30 ppb,30 ppb,41 ppb
2026-04-06 04:50:25,30 ppb,30 ppb,30 ppb,41 ppb
2026-04-06 05:20:31,30 ppb,30 ppb,30 ppb,41 ppb
2026-04-06 05:50:49,30 ppb,30 ppb,30 ppb,41 ppb
2026-04-06 06:20:55,30 ppb,30 ppb,30 ppb,41 ppb
2026-04-06 06:51:01,30 ppb,30 ppb,30 ppb,41 ppb
2026-04-06 07:21:07,30 ppb,30 ppb,30 ppb,41 ppb
2026-04-06 07:51:14,29 ppb,30 ppb,29 ppb,40 ppb
2026-04-06 08:21:20,30 ppb,30 ppb,30 ppb,41 ppb
2026-04-06 08:51:26,30 ppb,30 ppb,30 ppb,41 ppb
2026-04-06 09:21:32,30 ppb,30 ppb,30 ppb,41 ppb
2026-04-06 10:21:45,29 ppb,30 ppb,27 ppb,40 ppb
2026-04-06 10:51:51,29 ppb,30 ppb,28 ppb,40 ppb
2026-04-06 10:51:51,29 ppb,30 ppb,28 ppb,40 ppb
2026-04-06 11:21:57,29 ppb,30 ppb,26 ppb,40 ppb
2026-04-06 11:21:57,29 ppb,30 ppb,26 ppb,40 ppb
2026-04-06 11:52:03,29 ppb,30 ppb,27 ppb,40 ppb
2026-04-06 12:22:10,28 ppb,30 ppb,25 ppb,39 ppb
2026-04-06 12:52:16,29 ppb,30 ppb,28 ppb,40 ppb
2026-04-06 13:22:22,29 ppb,30 ppb,28 ppb,40 ppb
2026-04-06 13:52:28,29 ppb,30 ppb,28 ppb,40 ppb
2026-04-06 14:22:34,29 ppb,30 ppb,28 ppb,40 ppb
2026-04-06 14:52:41,28 ppb,29 ppb,27 ppb,38 ppb
2026-04-06 15:22:47,28 ppb,29 ppb,27 ppb,38 ppb
2026-04-06 15:52:59,28 ppb,29 ppb,28 ppb,38 ppb
2026-04-06 16:23:05,29 ppb,29 ppb,29 ppb,40 ppb
2026-04-06 16:23:05,29 ppb,29 ppb,29 ppb,40 ppb
2026-04-06 16:53:11,29 ppb,29 ppb,29 ppb,40 ppb
2026-04-06 16:53:11,29 ppb,29 ppb,29 ppb,40 ppb
2026-04-06 17:23:23,29 ppb,30 ppb,29 ppb,40 ppb
2026-04-06 18:23:36,30 ppb,30 ppb,30 ppb,41 ppb
2026-04-06 18:53:42,29 ppb,30 ppb,28 ppb,40 ppb
2026-04-06 19:23:48,30 ppb,30 ppb,30 ppb,41 ppb
2026-04-06 19:53:54,30 ppb,30 ppb,30 ppb,41 ppb
2026-04-06 20:24:00,30 ppb,30 ppb,30 ppb,41 ppb
2026-04-06 20:24:00,30 ppb,30 ppb,30 ppb,41 ppb
2026-04-06 20:54:06,30 ppb,30 ppb,30 ppb,41 ppb
2026-04-06 20:54:06,30 ppb,30 ppb,30 ppb,41 ppb
2026-04-06 21:54:19,30 ppb,30 ppb,30 ppb,41 ppb
2026-04-06 22:24:37,29 ppb,30 ppb,29 ppb,40 ppb
2026-04-06 22:54:43,29 ppb,30 ppb,29 ppb,40 ppb
2026-04-06 23:24:57,29 ppb,30 ppb,28 ppb,40 ppb
2026-04-06 23:55:09,29 ppb,30 ppb,29 ppb,40 ppb
2026-04-07 00:25:22,30 ppb,30 ppb,30 ppb,41 ppb
2026-04-07 00:55:42,30 ppb,30 ppb,30 ppb,41 ppb
2026-04-07 01:25:54,30 ppb,31 ppb,30 ppb,41 ppb
2026-04-07 01:56:05,31 ppb,31 ppb,31 ppb,43 ppb
2026-04-07 02:26:32,31 ppb,31 ppb,31 ppb,43 ppb
2026-04-07 02:56:45,31 ppb,31 ppb,31 ppb,43 ppb
2026-04-07 03:27:04,31 ppb,31 ppb,31 ppb,43 ppb
2026-04-07 03:57:16,31 ppb,31 ppb,31 ppb,43 ppb
2026-04-07 04:27:29,31 ppb,32 ppb,31 ppb,43 ppb
2026-04-07 04:57:42,32 ppb,32 ppb,32 ppb,44 ppb
2026-04-07 04:57:42,32 ppb,32 ppb,32 ppb,44 ppb
2026-04-07 05:27:54,31 ppb,32 ppb,30 ppb,43 ppb
2026-04-07 05:27:54,31 ppb,32 ppb,30 ppb,43 ppb
2026-04-07 05:58:07,31 ppb,32 ppb,30 ppb,43 ppb
2026-04-07 06:28:19,31 ppb,32 ppb,31 ppb,43 ppb
2026-04-07 06:58:25,31 ppb,32 ppb,31 ppb,43 ppb
2026-04-07 07:28:32,31 ppb,32 ppb,31 ppb,43 ppb
2026-04-07 07:58:38,31 ppb,32 ppb,31 ppb,43 ppb
2026-04-07 08:28:44,31 ppb,32 ppb,29 ppb,43 ppb
2026-04-07 08:58:50,31 ppb,32 ppb,29 ppb,43 ppb
2026-04-07 08:58:50,31 ppb,32 ppb,29 ppb,43 ppb
2026-04-07 09:28:56,31 ppb,32 ppb,30 ppb,43 ppb
2026-04-07 09:59:03,31 ppb,32 ppb,30 ppb,43 ppb
2026-04-07 10:59:15,30 ppb,32 ppb,27 ppb,41 ppb
2026-04-07 11:29:21,29 ppb,31 ppb,28 ppb,40 ppb
2026-04-07 11:29:21,29 ppb,31 ppb,28 ppb,40 ppb
2026-04-07 11:59:28,28 ppb,31 ppb,26 ppb,39 ppb
2026-04-07 12:29:34,28 ppb,30 ppb,27 ppb,39 ppb
2026-04-07 12:59:40,28 ppb,31 ppb,27 ppb,38 ppb
2026-04-07 13:29:46,28 ppb,30 ppb,26 ppb,38 ppb
2026-04-07 13:59:53,28 ppb,30 ppb,27 ppb,38 ppb
2026-04-07 14:29:59,29 ppb,30 ppb,28 ppb,40 ppb
2026-04-07 15:00:05,29 ppb,30 ppb,28 ppb,40 ppb
2026-04-07 15:30:11,29 ppb,30 ppb,28 ppb,40 ppb
2026-04-07 16:00:17,30 ppb,30 ppb,30 ppb,41 ppb
2026-04-07 16:30:30,29 ppb,30 ppb,28 ppb,40 ppb
2026-04-07 17:00:36,30 ppb,31 ppb,30 ppb,41 ppb
2026-04-07 17:00:36,30 ppb,31 ppb,30 ppb,41 ppb
2026-04-07 17:00:36,30 ppb,31 ppb,30 ppb,41 ppb
2026-04-07 17:30:47,31 ppb,31 ppb,31 ppb,42 ppb
2026-04-07 18:00:54,31 ppb,32 ppb,31 ppb,43 ppb
2026-04-07 18:00:54,31 ppb,32 ppb,31 ppb,43 ppb
2026-04-07 18:31:00,32 ppb,32 ppb,32 ppb,44 ppb
2026-04-07 19:31:12,32 ppb,32 ppb,32 ppb,44 ppb
2026-04-07 20:01:18,32 ppb,33 ppb,32 ppb,44 ppb
2026-04-07 20:31:25,31 ppb,32 ppb,31 ppb,43 ppb
2026-04-07 21:01:31,32 ppb,32 ppb,32 ppb,44 ppb
2026-04-07 21:31:37,32 ppb,33 ppb,31 ppb,44 ppb
2026-04-07 22:01:43,32 ppb,33 ppb,32 ppb,44 ppb
2026-04-07 22:31:50,32 ppb,33 ppb,32 ppb,44 ppb
2026-04-07 22:31:50,32 ppb,33 ppb,32 ppb,44 ppb
2026-04-07 23:01:56,32 ppb,33 ppb,32 ppb,44 ppb
2026-04-07 23:32:02,32 ppb,33 ppb,32 ppb,44 ppb
2026-04-08 00:02:08,33 ppb,33 ppb,33 ppb,46 ppb
2026-04-08 00:32:14,33 ppb,33 ppb,33 ppb,45 ppb
2026-04-08 01:02:20,33 ppb,33 ppb,33 ppb,46 ppb
2026-04-08 01:32:27,33 ppb,34 ppb,33 ppb,46 ppb
2026-04-08 01:32:27,33 ppb,34 ppb,33 ppb,46 ppb
2026-04-08 02:02:38,34 ppb,34 ppb,34 ppb,47 ppb
2026-04-08 02:02:38,34 ppb,34 ppb,34 ppb,47 ppb
2026-04-08 02:32:45,33 ppb,34 ppb,32 ppb,46 ppb
2026-04-08 03:02:51,33 ppb,34 ppb,32 ppb,46 ppb
2026-04-08 03:32:57,33 ppb,34 ppb,32 ppb,46 ppb
2026-04-08 04:03:03,33 ppb,34 ppb,31 ppb,46 ppb
2026-04-08 04:33:10,33 ppb,34 ppb,33 ppb,46 ppb
2026-04-08 05:03:16,33 ppb,34 ppb,33 ppb,46 ppb
2026-04-08 05:03:16,33 ppb,34 ppb,33 ppb,46 ppb
2026-04-08 05:33:22,33 ppb,34 ppb,31 ppb,46 ppb
2026-04-08 05:33:22,33 ppb,34 ppb,31 ppb,46 ppb
2026-04-08 06:03:28,33 ppb,34 ppb,32 ppb,46 ppb
2026-04-08 06:33:35,33 ppb,34 ppb,32 ppb,46 ppb
2026-04-08 06:33:35,33 ppb,34 ppb,32 ppb,46 ppb
2026-04-08 07:33:47,32 ppb,34 ppb,30 ppb,44 ppb
2026-04-08 08:03:53,32 ppb,34 ppb,30 ppb,44 ppb
2026-04-08 08:03:53,32 ppb,34 ppb,30 ppb,44 ppb
2026-04-08 08:33:59,31 ppb,33 ppb,28 ppb,43 ppb
2026-04-08 09:04:06,30 ppb,33 ppb,27 ppb,42 ppb
2026-04-08 09:04:06,30 ppb,33 ppb,27 ppb,42 ppb
2026-04-08 09:34:12,30 ppb,33 ppb,28 ppb,42 ppb
2026-04-08 10:34:24,30 ppb,33 ppb,29 ppb,42 ppb
2026-04-08 10:34:24,30 ppb,33 ppb,29 ppb,42 ppb
2026-04-08 10:34:24,30 ppb,33 ppb,29 ppb,42 ppb
2026-04-08 11:04:42,28 ppb,31 ppb,27 ppb,39 ppb
2026-04-08 11:34:55,28 ppb,31 ppb,26 ppb,39 ppb
2026-04-08 11:34:55,28 ppb,31 ppb,26 ppb,39 ppb
2026-04-08 12:05:07,29 ppb,33 ppb,27 ppb,40 ppb
2026-04-08 12:35:20,29 ppb,32 ppb,27 ppb,40 ppb
2026-04-08 13:05:33,29 ppb,32 ppb,27 ppb,40 ppb
2026-04-08 13:35:52,28 ppb,32 ppb,26 ppb,39 ppb
2026-04-08 14:05:58,27 ppb,30 ppb,24 ppb,37 ppb
2026-04-08 14:36:04,26 ppb,29 ppb,24 ppb,36 ppb
2026-04-08 15:06:10,26 ppb,29 ppb,24 ppb,36 ppb
2026-04-08 15:06:10,26 ppb,29 ppb,24 ppb,36 ppb
2026-04-08 15:36:17,27 ppb,30 ppb,25 ppb,37 ppb
2026-04-08 16:06:23,28 ppb,31 ppb,25 ppb,39 ppb
2026-04-08 17:06:35,27 ppb,30 ppb,25 ppb,37 ppb
2026-04-08 18:06:53,29 ppb,32 ppb,27 ppb,40 ppb
2026-04-08 18:37:05,30 ppb,32 ppb,27 ppb,42 ppb
2026-04-08 19:07:18,30 ppb,32 ppb,26 ppb,42 ppb
2026-04-08 19:37:31,31 ppb,33 ppb,30 ppb,43 ppb
2026-04-08 20:07:51,31 ppb,33 ppb,29 ppb,43 ppb
2026-04-08 20:07:51,31 ppb,33 ppb,29 ppb,43 ppb
2026-04-08 20:37:57,31 ppb,33 ppb,29 ppb,43 ppb
2026-04-08 21:38:21,31 ppb,33 ppb,29 ppb,43 ppb
2026-04-08 22:08:27,31 ppb,33 ppb,29 ppb,43 ppb
2026-04-08 22:38:34,31 ppb,33 ppb,28 ppb,43 ppb
2026-04-08 23:38:46,32 ppb,33 ppb,29 ppb,45 ppb
2026-04-08 23:38:46,32 ppb,33 ppb,29 ppb,45 ppb
2026-04-09 00:08:52,31 ppb,33 ppb,29 ppb,43 ppb
2026-04-09 00:08:52,31 ppb,33 ppb,29 ppb,43 ppb
2026-04-09 00:38:59,31 ppb,33 ppb,30 ppb,43 ppb
2026-04-09 01:09:05,31 ppb,33 ppb,30 ppb,43 ppb
2026-04-09 01:09:05,31 ppb,33 ppb,30 ppb,43 ppb
2026-04-09 01:09:05,31 ppb,33 ppb,30 ppb,43 ppb
2026-04-09 01:39:11,31 ppb,33 ppb,28 ppb,43 ppb
2026-04-09 02:39:24,31 ppb,33 ppb,29 ppb,43 ppb
2026-04-09 03:09:35,31 ppb,34 ppb,29 ppb,43 ppb
2026-04-09 03:39:48,31 ppb,34 ppb,29 ppb,43 ppb
2026-04-09 04:10:08,31 ppb,34 ppb,29 ppb,43 ppb
2026-04-09 04:10:08,31 ppb,34 ppb,29 ppb,43 ppb
2026-04-09 04:40:14,32 ppb,34 ppb,30 ppb,45 ppb
2026-04-09 04:40:14,32 ppb,34 ppb,30 ppb,45 ppb
2026-04-09 05:10:27,31 ppb,34 ppb,29 ppb,43 ppb
2026-04-09 05:40:46,32 ppb,34 ppb,30 ppb,45 ppb
2026-04-09 06:10:51,31 ppb,34 ppb,29 ppb,43 ppb
2026-04-09 07:11:04,31 ppb,35 ppb,30 ppb,43 ppb
2026-04-09 07:41:10,31 ppb,34 ppb,29 ppb,43 ppb
2026-04-09 08:11:16,33 ppb,36 ppb,30 ppb,46 ppb
2026-04-09 08:41:22,34 ppb,36 ppb,31 ppb,48 ppb
2026-04-09 09:11:29,30 ppb,33 ppb,29 ppb,42 ppb
2026-04-09 09:11:29,30 ppb,33 ppb,29 ppb,42 ppb