TIME,NH3 PPB Médio,NH3 PPB Máximo,NH3 PPB Mínimo,NH3 uG Médio
2026-03-18 16:58:37,110 ppb,315 ppb,16 ppb,76 ppb
2026-03-18 17:28:43,81 ppb,107 ppb,53 ppb,56 ppb
2026-03-18 17:59:00,88 ppb,101 ppb,60 ppb,61 ppb
2026-03-18 18:29:07,65 ppb,78 ppb,53 ppb,45 ppb
2026-03-18 18:59:13,67 ppb,258 ppb,1 ppb,47 ppb
2026-03-18 19:29:19,12 ppb,48 ppb,1 ppb,8 ppb
2026-03-18 19:59:25,24 ppb,37 ppb,2 ppb,17 ppb
2026-03-18 20:59:38,42 ppb,52 ppb,35 ppb,29 ppb
2026-03-18 21:29:44,47 ppb,51 ppb,44 ppb,33 ppb
2026-03-18 21:59:50,43 ppb,57 ppb,37 ppb,30 ppb
2026-03-18 22:29:56,54 ppb,69 ppb,44 ppb,37 ppb
2026-03-18 23:00:03,56 ppb,70 ppb,50 ppb,39 ppb
2026-03-18 23:30:09,62 ppb,83 ppb,49 ppb,43 ppb
2026-03-19 00:00:15,75 ppb,92 ppb,47 ppb,52 ppb
2026-03-19 00:30:21,69 ppb,83 ppb,59 ppb,48 ppb
2026-03-19 01:00:27,75 ppb,88 ppb,63 ppb,52 ppb
2026-03-19 01:30:34,84 ppb,106 ppb,66 ppb,58 ppb
2026-03-19 02:00:40,90 ppb,101 ppb,79 ppb,62 ppb
2026-03-19 02:30:46,92 ppb,101 ppb,80 ppb,64 ppb
2026-03-19 03:00:52,93 ppb,104 ppb,86 ppb,64 ppb
2026-03-19 03:30:58,87 ppb,108 ppb,73 ppb,60 ppb
2026-03-19 04:01:10,67 ppb,83 ppb,50 ppb,46 ppb
2026-03-19 05:01:22,82 ppb,95 ppb,55 ppb,57 ppb
2026-03-19 05:31:28,92 ppb,106 ppb,82 ppb,64 ppb
2026-03-19 06:01:35,80 ppb,104 ppb,66 ppb,55 ppb
2026-03-19 06:31:41,85 ppb,100 ppb,70 ppb,59 ppb
2026-03-19 07:01:47,82 ppb,101 ppb,63 ppb,57 ppb
2026-03-19 07:31:53,91 ppb,124 ppb,71 ppb,63 ppb
2026-03-19 08:02:00,97 ppb,120 ppb,72 ppb,67 ppb
2026-03-19 08:32:06,117 ppb,137 ppb,89 ppb,81 ppb
2026-03-19 09:02:12,128 ppb,140 ppb,118 ppb,89 ppb
2026-03-19 09:32:18,142 ppb,155 ppb,131 ppb,98 ppb
2026-03-19 10:02:24,152 ppb,165 ppb,135 ppb,105 ppb
2026-03-19 10:32:30,162 ppb,176 ppb,149 ppb,112 ppb
2026-03-19 11:02:37,173 ppb,191 ppb,159 ppb,119 ppb
2026-03-19 11:32:43,180 ppb,198 ppb,169 ppb,124 ppb
2026-03-19 12:02:49,206 ppb,220 ppb,192 ppb,142 ppb
2026-03-19 12:32:55,210 ppb,220 ppb,198 ppb,145 ppb
2026-03-19 13:03:01,203 ppb,213 ppb,191 ppb,140 ppb
2026-03-19 13:33:08,188 ppb,211 ppb,169 ppb,130 ppb
2026-03-19 14:03:25,174 ppb,192 ppb,144 ppb,120 ppb
2026-03-19 14:33:37,183 ppb,199 ppb,154 ppb,126 ppb
2026-03-19 15:03:43,192 ppb,206 ppb,168 ppb,132 ppb
2026-03-19 15:33:49,177 ppb,195 ppb,163 ppb,122 ppb
2026-03-19 16:03:55,162 ppb,185 ppb,142 ppb,112 ppb
2026-03-19 16:34:01,155 ppb,182 ppb,130 ppb,107 ppb
2026-03-19 17:04:08,159 ppb,175 ppb,138 ppb,109 ppb
2026-03-19 17:34:14,109 ppb,173 ppb,32 ppb,75 ppb
2026-03-19 18:04:20,143 ppb,159 ppb,125 ppb,98 ppb
2026-03-19 18:34:26,155 ppb,167 ppb,136 ppb,107 ppb
2026-03-19 19:04:33,170 ppb,182 ppb,154 ppb,117 ppb
2026-03-19 19:34:39,177 ppb,192 ppb,164 ppb,122 ppb
2026-03-19 20:04:45,198 ppb,226 ppb,175 ppb,136 ppb
2026-03-19 20:34:51,205 ppb,216 ppb,188 ppb,141 ppb
2026-03-19 21:04:57,210 ppb,220 ppb,190 ppb,145 ppb
2026-03-19 21:35:04,219 ppb,233 ppb,209 ppb,151 ppb
2026-03-19 22:05:10,232 ppb,255 ppb,216 ppb,160 ppb
2026-03-19 23:05:22,213 ppb,225 ppb,203 ppb,147 ppb
2026-03-19 23:35:34,217 ppb,228 ppb,208 ppb,150 ppb
2026-03-20 00:05:40,227 ppb,241 ppb,220 ppb,157 ppb
2026-03-20 00:35:46,234 ppb,246 ppb,222 ppb,161 ppb
2026-03-20 01:05:53,210 ppb,225 ppb,200 ppb,145 ppb
2026-03-20 01:35:59,203 ppb,214 ppb,190 ppb,140 ppb
2026-03-20 02:06:05,195 ppb,211 ppb,176 ppb,135 ppb
2026-03-20 02:36:11,187 ppb,203 ppb,172 ppb,129 ppb
2026-03-20 03:06:17,198 ppb,207 ppb,190 ppb,137 ppb
2026-03-20 03:36:23,203 ppb,212 ppb,194 ppb,140 ppb
2026-03-20 04:06:30,213 ppb,221 ppb,209 ppb,147 ppb
2026-03-20 04:36:36,215 ppb,223 ppb,202 ppb,148 ppb
2026-03-20 05:06:42,209 ppb,216 ppb,206 ppb,144 ppb
2026-03-20 05:36:49,211 ppb,219 ppb,204 ppb,146 ppb
2026-03-20 06:06:54,209 ppb,218 ppb,196 ppb,144 ppb
2026-03-20 06:37:01,206 ppb,214 ppb,200 ppb,142 ppb
2026-03-20 07:07:07,197 ppb,206 ppb,187 ppb,136 ppb
2026-03-20 07:37:13,119 ppb,203 ppb,1 ppb,82 ppb
2026-03-20 08:07:19,72 ppb,96 ppb,43 ppb,50 ppb
2026-03-20 08:37:26,71 ppb,95 ppb,47 ppb,49 ppb
2026-03-20 09:07:37,106 ppb,141 ppb,68 ppb,73 ppb
2026-03-20 09:37:49,110 ppb,140 ppb,84 ppb,76 ppb
2026-03-20 10:07:55,127 ppb,145 ppb,103 ppb,88 ppb
2026-03-20 10:38:01,132 ppb,159 ppb,83 ppb,91 ppb
2026-03-20 11:08:08,156 ppb,176 ppb,131 ppb,107 ppb
2026-03-20 11:38:14,161 ppb,194 ppb,134 ppb,111 ppb
2026-03-20 12:08:20,201 ppb,225 ppb,180 ppb,138 ppb
2026-03-20 12:38:26,214 ppb,239 ppb,190 ppb,147 ppb
2026-03-20 13:08:32,225 ppb,247 ppb,205 ppb,155 ppb
2026-03-20 13:38:39,229 ppb,254 ppb,207 ppb,157 ppb
2026-03-20 14:08:45,236 ppb,248 ppb,224 ppb,162 ppb
2026-03-20 14:38:56,473 ppb,873 ppb,174 ppb,325 ppb
2026-03-20 15:09:03,302 ppb,431 ppb,242 ppb,208 ppb
2026-03-20 15:39:09,213 ppb,272 ppb,133 ppb,147 ppb
2026-03-20 16:09:15,150 ppb,192 ppb,119 ppb,104 ppb
2026-03-20 16:39:21,117 ppb,153 ppb,76 ppb,81 ppb
2026-03-20 17:09:28,60 ppb,112 ppb,32 ppb,42 ppb
2026-03-20 17:39:34,38 ppb,81 ppb,15 ppb,26 ppb
2026-03-20 18:09:40,39 ppb,50 ppb,16 ppb,27 ppb
2026-03-20 18:39:52,38 ppb,43 ppb,36 ppb,26 ppb
2026-03-20 19:09:58,40 ppb,45 ppb,37 ppb,28 ppb
2026-03-20 19:40:04,46 ppb,52 ppb,42 ppb,32 ppb
2026-03-20 20:10:10,60 ppb,73 ppb,42 ppb,41 ppb
2026-03-20 20:40:16,70 ppb,78 ppb,60 ppb,48 ppb
2026-03-20 21:10:23,82 ppb,89 ppb,76 ppb,57 ppb
2026-03-20 21:40:29,91 ppb,98 ppb,85 ppb,63 ppb
2026-03-20 22:10:35,114 ppb,133 ppb,97 ppb,79 ppb
2026-03-20 23:10:47,126 ppb,141 ppb,111 ppb,87 ppb
2026-03-20 23:40:54,141 ppb,159 ppb,124 ppb,97 ppb
2026-03-21 00:11:00,169 ppb,179 ppb,157 ppb,116 ppb
2026-03-21 00:41:06,189 ppb,201 ppb,178 ppb,130 ppb
2026-03-21 01:11:12,194 ppb,201 ppb,188 ppb,134 ppb
2026-03-21 01:41:18,196 ppb,204 ppb,188 ppb,135 ppb
2026-03-21 02:11:25,191 ppb,199 ppb,181 ppb,131 ppb
2026-03-21 02:41:31,180 ppb,190 ppb,172 ppb,124 ppb
2026-03-21 03:11:37,176 ppb,184 ppb,166 ppb,121 ppb
2026-03-21 03:41:43,167 ppb,181 ppb,155 ppb,115 ppb
2026-03-21 04:11:49,156 ppb,173 ppb,142 ppb,107 ppb
2026-03-21 04:42:01,156 ppb,167 ppb,140 ppb,107 ppb
2026-03-21 05:12:07,145 ppb,162 ppb,129 ppb,100 ppb
2026-03-21 05:42:13,129 ppb,148 ppb,115 ppb,89 ppb
2026-03-21 06:12:20,128 ppb,140 ppb,117 ppb,88 ppb
2026-03-21 06:42:26,113 ppb,137 ppb,2 ppb,78 ppb
2026-03-21 07:12:32,130 ppb,140 ppb,112 ppb,90 ppb
2026-03-21 07:42:38,19 ppb,103 ppb,1 ppb,13 ppb
2026-03-21 08:12:44,49 ppb,91 ppb,1 ppb,34 ppb
2026-03-21 08:42:51,79 ppb,107 ppb,36 ppb,54 ppb
2026-03-21 09:12:57,119 ppb,153 ppb,89 ppb,82 ppb
2026-03-21 09:43:03,235 ppb,670 ppb,1 ppb,162 ppb
2026-03-21 10:13:09,319 ppb,607 ppb,191 ppb,220 ppb
2026-03-21 10:43:16,184 ppb,223 ppb,131 ppb,127 ppb
2026-03-21 11:13:22,163 ppb,187 ppb,118 ppb,112 ppb
2026-03-21 11:43:28,163 ppb,178 ppb,136 ppb,112 ppb
2026-03-21 12:13:34,153 ppb,174 ppb,143 ppb,105 ppb
2026-03-21 12:43:41,255 ppb,500 ppb,44 ppb,175 ppb
2026-03-21 13:55:11,60 ppb,332 ppb,1 ppb,3682 ppb
2026-03-21 14:25:22,51 ppb,91 ppb,11 ppb,3119 ppb
2026-03-21 14:55:34,37 ppb,51 ppb,23 ppb,2258 ppb
2026-03-21 15:25:40,39 ppb,57 ppb,24 ppb,2378 ppb
2026-03-21 15:55:47,71 ppb,89 ppb,51 ppb,4327 ppb
2026-03-21 16:25:53,100 ppb,112 ppb,78 ppb,6089 ppb
2026-03-21 16:55:59,112 ppb,132 ppb,92 ppb,6816 ppb
2026-03-21 17:26:05,129 ppb,150 ppb,111 ppb,7852 ppb
2026-03-21 17:56:11,146 ppb,154 ppb,136 ppb,8889 ppb
2026-03-21 18:26:18,157 ppb,173 ppb,141 ppb,9561 ppb
2026-03-21 18:56:24,167 ppb,178 ppb,147 ppb,10171 ppb
2026-03-21 19:26:30,180 ppb,191 ppb,166 ppb,10963 ppb
2026-03-21 19:56:36,186 ppb,200 ppb,174 ppb,11329 ppb
2026-03-21 20:26:43,206 ppb,220 ppb,194 ppb,12548 ppb
2026-03-21 20:56:49,225 ppb,238 ppb,212 ppb,13705 ppb
2026-03-21 21:26:55,242 ppb,253 ppb,223 ppb,14740 ppb
2026-03-21 21:57:01,246 ppb,256 ppb,235 ppb,14983 ppb
2026-03-21 22:27:08,258 ppb,269 ppb,248 ppb,15714 ppb
2026-03-21 22:57:14,266 ppb,279 ppb,255 ppb,16201 ppb
2026-03-21 23:27:20,279 ppb,287 ppb,270 ppb,16992 ppb
2026-03-21 23:57:26,285 ppb,294 ppb,277 ppb,17358 ppb
2026-03-22 00:27:38,293 ppb,301 ppb,283 ppb,17845 ppb
2026-03-22 00:57:44,298 ppb,303 ppb,293 ppb,18148 ppb
2026-03-22 01:27:50,293 ppb,300 ppb,287 ppb,17844 ppb
2026-03-22 01:57:57,290 ppb,298 ppb,284 ppb,17662 ppb
2026-03-22 02:28:03,281 ppb,289 ppb,273 ppb,17114 ppb
2026-03-22 02:58:09,258 ppb,276 ppb,242 ppb,15714 ppb
2026-03-22 03:28:15,226 ppb,257 ppb,192 ppb,13766 ppb
2026-03-22 03:58:21,180 ppb,199 ppb,167 ppb,10965 ppb
2026-03-22 04:28:27,152 ppb,172 ppb,136 ppb,9261 ppb
2026-03-22 04:58:34,143 ppb,154 ppb,135 ppb,8714 ppb
2026-03-22 05:28:40,152 ppb,164 ppb,141 ppb,9264 ppb
2026-03-22 05:58:46,163 ppb,170 ppb,153 ppb,9935 ppb
2026-03-22 06:28:52,157 ppb,167 ppb,147 ppb,9570 ppb
2026-03-22 06:58:59,168 ppb,192 ppb,148 ppb,10242 ppb
2026-03-22 07:29:05,183 ppb,200 ppb,161 ppb,11157 ppb
2026-03-22 07:59:11,178 ppb,203 ppb,150 ppb,10850 ppb
2026-03-22 08:29:17,154 ppb,179 ppb,138 ppb,9384 ppb
2026-03-22 08:59:23,158 ppb,181 ppb,136 ppb,9624 ppb
2026-03-22 09:29:30,192 ppb,215 ppb,172 ppb,11687 ppb
2026-03-22 09:59:36,242 ppb,274 ppb,208 ppb,14724 ppb
2026-03-22 10:29:42,279 ppb,291 ppb,264 ppb,16964 ppb
2026-03-22 10:59:54,299 ppb,315 ppb,287 ppb,18171 ppb
2026-03-22 11:30:00,307 ppb,319 ppb,293 ppb,18650 ppb
2026-03-22 12:00:06,317 ppb,340 ppb,299 ppb,19248 ppb
2026-03-22 12:30:12,347 ppb,360 ppb,332 ppb,21046 ppb
2026-03-22 13:00:19,329 ppb,348 ppb,318 ppb,19944 ppb
2026-03-22 13:30:25,329 ppb,337 ppb,321 ppb,19934 ppb
2026-03-22 14:00:31,350 ppb,373 ppb,329 ppb,21193 ppb
2026-03-22 14:30:37,361 ppb,373 ppb,347 ppb,21846 ppb
2026-03-22 15:30:55,362 ppb,376 ppb,345 ppb,21903 ppb
2026-03-22 16:31:08,346 ppb,362 ppb,333 ppb,20931 ppb
2026-03-22 17:01:25,347 ppb,361 ppb,334 ppb,20995 ppb
2026-03-22 17:31:38,354 ppb,368 ppb,325 ppb,21422 ppb
2026-03-22 18:01:51,299 ppb,376 ppb,259 ppb,18105 ppb
2026-03-22 18:32:03,273 ppb,306 ppb,223 ppb,16544 ppb
2026-03-22 19:02:17,225 ppb,249 ppb,202 ppb,13644 ppb
2026-03-22 19:32:28,206 ppb,216 ppb,199 ppb,12499 ppb
2026-03-22 20:02:34,209 ppb,220 ppb,201 ppb,12685 ppb
2026-03-22 20:32:41,218 ppb,232 ppb,207 ppb,13235 ppb
2026-03-22 21:02:47,224 ppb,236 ppb,211 ppb,13601 ppb
2026-03-22 21:32:53,229 ppb,234 ppb,224 ppb,13908 ppb
2026-03-22 22:02:59,232 ppb,238 ppb,226 ppb,14093 ppb
2026-03-22 22:33:06,226 ppb,232 ppb,221 ppb,13731 ppb
2026-03-22 23:03:12,225 ppb,230 ppb,221 ppb,13671 ppb
2026-03-22 23:33:18,215 ppb,222 ppb,209 ppb,13066 ppb
2026-03-23 00:33:30,203 ppb,220 ppb,188 ppb,12344 ppb
2026-03-23 01:03:37,189 ppb,198 ppb,181 ppb,11495 ppb
2026-03-23 01:33:43,174 ppb,186 ppb,167 ppb,10585 ppb
2026-03-23 02:03:49,169 ppb,176 ppb,162 ppb,10282 ppb
2026-03-23 02:33:55,164 ppb,173 ppb,158 ppb,9980 ppb
2026-03-23 03:04:02,165 ppb,174 ppb,159 ppb,10042 ppb
2026-03-23 03:34:08,154 ppb,169 ppb,144 ppb,9375 ppb
2026-03-23 04:04:14,154 ppb,166 ppb,147 ppb,9377 ppb
2026-03-23 04:34:21,157 ppb,166 ppb,145 ppb,9561 ppb
2026-03-23 05:04:27,160 ppb,169 ppb,150 ppb,9745 ppb
2026-03-23 05:34:39,159 ppb,170 ppb,147 ppb,9686 ppb
2026-03-23 06:04:45,150 ppb,160 ppb,138 ppb,9139 ppb
2026-03-23 06:34:51,90 ppb,154 ppb,28 ppb,5485 ppb
2026-03-23 07:04:57,115 ppb,127 ppb,105 ppb,7009 ppb
2026-03-23 07:35:04,123 ppb,135 ppb,113 ppb,7497 ppb
2026-03-23 08:05:10,114 ppb,123 ppb,107 ppb,6946 ppb
2026-03-23 08:35:16,108 ppb,121 ppb,101 ppb,6577 ppb
2026-03-23 09:05:22,102 ppb,109 ppb,96 ppb,6208 ppb
2026-03-23 09:35:28,100 ppb,112 ppb,89 ppb,6084 ppb
2026-03-23 10:05:34,102 ppb,110 ppb,89 ppb,6205 ppb
2026-03-23 10:35:41,110 ppb,128 ppb,89 ppb,6690 ppb
2026-03-23 11:05:47,124 ppb,166 ppb,109 ppb,7539 ppb
2026-03-23 11:35:53,141 ppb,155 ppb,123 ppb,8569 ppb
2026-03-23 12:05:59,151 ppb,181 ppb,127 ppb,9172 ppb
2026-03-23 12:36:06,197 ppb,217 ppb,178 ppb,11956 ppb
2026-03-23 13:06:12,217 ppb,254 ppb,209 ppb,13163 ppb
2026-03-23 13:36:18,222 ppb,234 ppb,203 ppb,13462 ppb
2026-03-23 14:06:24,224 ppb,233 ppb,215 ppb,13582 ppb
2026-03-23 14:36:30,236 ppb,245 ppb,228 ppb,14308 ppb
2026-03-23 15:06:48,243 ppb,267 ppb,230 ppb,14728 ppb
2026-03-23 15:36:54,259 ppb,278 ppb,250 ppb,15693 ppb
2026-03-23 16:07:00,245 ppb,264 ppb,215 ppb,14842 ppb
2026-03-23 16:37:06,258 ppb,269 ppb,251 ppb,15628 ppb
2026-03-23 17:37:19,266 ppb,306 ppb,243 ppb,16118 ppb
2026-03-23 18:07:25,263 ppb,281 ppb,246 ppb,15946 ppb
2026-03-23 18:37:31,254 ppb,268 ppb,242 ppb,15409 ppb
2026-03-23 19:07:38,265 ppb,281 ppb,253 ppb,16083 ppb
2026-03-23 19:37:44,222 ppb,278 ppb,187 ppb,13478 ppb
2026-03-23 20:07:50,205 ppb,262 ppb,173 ppb,12449 ppb
2026-03-23 20:37:56,196 ppb,213 ppb,185 ppb,11906 ppb
2026-03-23 21:08:02,195 ppb,209 ppb,185 ppb,11847 ppb
2026-03-23 21:38:09,203 ppb,217 ppb,191 ppb,12335 ppb
2026-03-23 22:08:15,227 ppb,266 ppb,191 ppb,13795 ppb
2026-03-23 22:38:21,243 ppb,264 ppb,217 ppb,14769 ppb
2026-03-23 23:08:27,234 ppb,252 ppb,220 ppb,14222 ppb
2026-03-23 23:38:33,224 ppb,239 ppb,213 ppb,13615 ppb
2026-03-24 00:08:40,186 ppb,227 ppb,147 ppb,11307 ppb
2026-03-24 00:38:46,180 ppb,192 ppb,170 ppb,10945 ppb
2026-03-24 01:08:58,151 ppb,171 ppb,125 ppb,9184 ppb
2026-03-24 01:39:04,121 ppb,132 ppb,113 ppb,7363 ppb
2026-03-24 02:09:10,109 ppb,117 ppb,103 ppb,6636 ppb
2026-03-24 02:39:16,111 ppb,121 ppb,103 ppb,6760 ppb
2026-03-24 03:09:23,134 ppb,156 ppb,120 ppb,8162 ppb
2026-03-24 03:39:29,161 ppb,164 ppb,156 ppb,9807 ppb
2026-03-24 04:09:35,175 ppb,190 ppb,161 ppb,10661 ppb
2026-03-24 04:39:41,191 ppb,201 ppb,184 ppb,11637 ppb
2026-03-24 05:09:47,185 ppb,191 ppb,181 ppb,11273 ppb
2026-03-24 05:39:54,204 ppb,217 ppb,190 ppb,12432 ppb
2026-03-24 06:10:00,221 ppb,229 ppb,215 ppb,13468 ppb
2026-03-24 06:40:06,226 ppb,232 ppb,215 ppb,13774 ppb
2026-03-24 07:10:13,230 ppb,233 ppb,226 ppb,14019 ppb
2026-03-24 07:40:19,202 ppb,235 ppb,145 ppb,12311 ppb
2026-03-24 08:10:25,205 ppb,216 ppb,197 ppb,12489 ppb
2026-03-24 08:40:31,228 ppb,254 ppb,213 ppb,13884 ppb
2026-03-24 09:10:37,171 ppb,230 ppb,98 ppb,10406 ppb
2026-03-24 09:40:43,224 ppb,242 ppb,204 ppb,13624 ppb
2026-03-24 10:10:49,245 ppb,254 ppb,234 ppb,14898 ppb
2026-03-24 10:41:07,254 ppb,284 ppb,248 ppb,15437 ppb
2026-03-24 11:11:13,251 ppb,318 ppb,230 ppb,15249 ppb
2026-03-24 11:41:19,260 ppb,267 ppb,253 ppb,15788 ppb
2026-03-24 12:11:26,260 ppb,266 ppb,251 ppb,15779 ppb
2026-03-24 12:41:32,258 ppb,271 ppb,250 ppb,15653 ppb
2026-03-24 13:11:38,254 ppb,318 ppb,237 ppb,15405 ppb
2026-03-24 13:41:44,237 ppb,249 ppb,228 ppb,14379 ppb
2026-03-24 14:11:51,237 ppb,246 ppb,231 ppb,14382 ppb
2026-03-24 14:41:57,242 ppb,256 ppb,235 ppb,14684 ppb
2026-03-24 15:12:08,252 ppb,284 ppb,240 ppb,15289 ppb
2026-03-24 15:42:15,254 ppb,281 ppb,238 ppb,15409 ppb
2026-03-24 16:12:21,252 ppb,262 ppb,234 ppb,15287 ppb
2026-03-24 16:42:27,258 ppb,272 ppb,240 ppb,15652 ppb
2026-03-24 17:12:34,266 ppb,276 ppb,255 ppb,16139 ppb
2026-03-24 17:42:40,259 ppb,296 ppb,231 ppb,15720 ppb
2026-03-24 18:12:46,255 ppb,268 ppb,242 ppb,15485 ppb
2026-03-24 18:42:52,159 ppb,256 ppb,58 ppb,9660 ppb
2026-03-24 19:12:58,142 ppb,168 ppb,108 ppb,8631 ppb
2026-03-24 19:43:10,166 ppb,228 ppb,135 ppb,10093 ppb
2026-03-24 20:13:16,180 ppb,201 ppb,159 ppb,10947 ppb
2026-03-24 20:43:22,176 ppb,192 ppb,163 ppb,10704 ppb
2026-03-24 21:13:29,162 ppb,187 ppb,145 ppb,9855 ppb
2026-03-24 21:43:35,146 ppb,161 ppb,130 ppb,8883 ppb
2026-03-24 22:13:41,148 ppb,174 ppb,127 ppb,9008 ppb
2026-03-24 22:43:47,131 ppb,147 ppb,123 ppb,7975 ppb
2026-03-24 23:13:54,137 ppb,145 ppb,125 ppb,8342 ppb
2026-03-24 23:44:00,154 ppb,168 ppb,145 ppb,9379 ppb
2026-03-25 00:14:06,173 ppb,182 ppb,162 ppb,10538 ppb
2026-03-25 00:44:12,187 ppb,199 ppb,176 ppb,11392 ppb
2026-03-25 01:14:18,188 ppb,195 ppb,171 ppb,11455 ppb
2026-03-25 01:44:24,186 ppb,200 ppb,179 ppb,11334 ppb
2026-03-25 02:14:31,205 ppb,215 ppb,196 ppb,12494 ppb
2026-03-25 02:44:37,211 ppb,218 ppb,206 ppb,12862 ppb
2026-03-25 03:14:43,219 ppb,222 ppb,214 ppb,13351 ppb
2026-03-25 03:44:49,223 ppb,227 ppb,219 ppb,13598 ppb
2026-03-25 04:14:56,225 ppb,230 ppb,222 ppb,13721 ppb
2026-03-25 04:45:02,228 ppb,234 ppb,222 ppb,13907 ppb
2026-03-25 05:15:13,229 ppb,235 ppb,224 ppb,13970 ppb
2026-03-25 05:45:20,228 ppb,236 ppb,225 ppb,13911 ppb
2026-03-25 06:15:26,228 ppb,234 ppb,210 ppb,13912 ppb
2026-03-25 06:45:32,210 ppb,218 ppb,170 ppb,12816 ppb
2026-03-25 07:15:38,214 ppb,218 ppb,210 ppb,13062 ppb
2026-03-25 07:45:45,211 ppb,218 ppb,205 ppb,12879 ppb
2026-03-25 08:15:51,213 ppb,221 ppb,205 ppb,13000 ppb
2026-03-25 08:45:57,159 ppb,220 ppb,9 ppb,9702 ppb
2026-03-25 09:16:03,58 ppb,337 ppb,1 ppb,3538 ppb
2026-03-25 09:46:10,303 ppb,408 ppb,224 ppb,18526 ppb
2026-03-25 10:16:16,221 ppb,302 ppb,176 ppb,13550 ppb
2026-03-25 10:46:22,164 ppb,235 ppb,109 ppb,10073 ppb
2026-03-25 11:16:28,112 ppb,162 ppb,68 ppb,6885 ppb
2026-03-25 11:38:02,0 ppb,0 ppb,0 ppb,0 ppb
2026-03-25 11:40:07,0 ppb,0 ppb,0 ppb,0 ppb
2026-03-25 11:42:07,0 ppb,0 ppb,0 ppb,0 ppb
2026-03-25 11:49:55,66 ppb,108 ppb,1 ppb,4069 ppb
2026-03-25 11:51:06,45 ppb,51 ppb,42 ppb,2774 ppb
2026-03-25 11:52:12,51 ppb,55 ppb,46 ppb,3143 ppb
2026-03-25 11:53:18,46 ppb,48 ppb,46 ppb,2834 ppb
2026-03-25 11:54:25,45 ppb,54 ppb,37 ppb,2773 ppb
2026-03-25 11:55:31,40 ppb,44 ppb,37 ppb,2464 ppb
2026-03-25 11:56:37,39 ppb,44 ppb,35 ppb,2403 ppb
2026-03-25 11:57:43,39 ppb,44 ppb,33 ppb,2402 ppb
2026-03-25 11:58:49,47 ppb,50 ppb,44 ppb,2895 ppb
2026-03-25 11:59:56,50 ppb,54 ppb,49 ppb,3080 ppb
2026-03-25 12:02:22,46 ppb,78 ppb,1 ppb,3201 ppb
2026-03-25 12:03:33,44 ppb,62 ppb,36 ppb,3061 ppb
2026-03-25 12:05:44,0 ppb,0 ppb,0 ppb,0 ppb
2026-03-25 12:07:45,0 ppb,0 ppb,0 ppb,0 ppb
2026-03-25 12:14:00,40 ppb,86 ppb,1 ppb,28 ppb
2026-03-25 12:15:18,30 ppb,31 ppb,29 ppb,21 ppb
2026-03-25 12:16:24,49 ppb,64 ppb,33 ppb,34 ppb
2026-03-25 12:17:30,68 ppb,74 ppb,65 ppb,47 ppb
2026-03-25 12:18:36,87 ppb,93 ppb,77 ppb,61 ppb
2026-03-25 12:19:43,91 ppb,96 ppb,87 ppb,63 ppb
2026-03-25 12:20:49,73 ppb,86 ppb,67 ppb,51 ppb
2026-03-25 12:21:55,68 ppb,70 ppb,67 ppb,47 ppb
2026-03-25 12:43:21,50 ppb,150 ppb,1 ppb,35 ppb
2026-03-25 12:53:32,51 ppb,70 ppb,32 ppb,35 ppb
2026-03-25 13:03:38,60 ppb,71 ppb,52 ppb,42 ppb
2026-03-25 13:13:45,49 ppb,63 ppb,35 ppb,34 ppb
2026-03-25 13:23:51,34 ppb,53 ppb,23 ppb,24 ppb
2026-03-25 13:33:57,45 ppb,58 ppb,29 ppb,31 ppb
2026-03-25 13:44:04,43 ppb,53 ppb,38 ppb,30 ppb
2026-03-25 13:54:10,34 ppb,47 ppb,28 ppb,23 ppb
2026-03-25 14:04:16,33 ppb,40 ppb,22 ppb,23 ppb
2026-03-25 14:14:28,34 ppb,45 ppb,26 ppb,23 ppb
2026-03-25 14:24:34,42 ppb,52 ppb,33 ppb,29 ppb
2026-03-25 14:34:40,49 ppb,58 ppb,40 ppb,34 ppb
2026-03-25 14:44:47,73 ppb,83 ppb,58 ppb,50 ppb
2026-03-25 14:54:58,126 ppb,273 ppb,75 ppb,87 ppb
2026-03-25 15:05:33,239 ppb,382 ppb,1 ppb,165 ppb
2026-03-25 18:11:02,,,,
2026-03-25 18:41:40,52 ppb,57 ppb,49 ppb,36 ppb
2026-03-25 18:41:40,52 ppb,57 ppb,49 ppb,36 ppb
2026-03-25 19:11:46,66 ppb,78 ppb,55 ppb,45 ppb
2026-03-25 19:11:46,66 ppb,78 ppb,55 ppb,45 ppb
2026-03-25 19:41:52,81 ppb,86 ppb,73 ppb,56 ppb
2026-03-25 19:41:52,81 ppb,86 ppb,73 ppb,56 ppb
2026-03-25 20:11:58,85 ppb,96 ppb,80 ppb,59 ppb
2026-03-25 20:11:58,85 ppb,96 ppb,80 ppb,59 ppb
2026-03-25 20:42:04,89 ppb,96 ppb,83 ppb,61 ppb
2026-03-25 21:12:10,94 ppb,124 ppb,78 ppb,65 ppb
2026-03-25 21:42:17,114 ppb,130 ppb,103 ppb,79 ppb
2026-03-25 21:42:17,114 ppb,130 ppb,103 ppb,79 ppb
2026-03-25 22:12:23,115 ppb,129 ppb,88 ppb,79 ppb
2026-03-25 22:42:29,129 ppb,142 ppb,118 ppb,89 ppb
2026-03-25 22:42:29,129 ppb,142 ppb,118 ppb,89 ppb
2026-03-25 23:12:35,148 ppb,162 ppb,125 ppb,102 ppb
2026-03-25 23:12:35,148 ppb,162 ppb,125 ppb,102 ppb
2026-03-25 23:42:42,125 ppb,143 ppb,107 ppb,86 ppb
2026-03-26 00:12:48,84 ppb,145 ppb,43 ppb,58 ppb
2026-03-26 00:12:48,84 ppb,145 ppb,43 ppb,58 ppb
2026-03-26 00:42:54,61 ppb,79 ppb,40 ppb,42 ppb
2026-03-26 00:42:54,61 ppb,79 ppb,40 ppb,42 ppb
2026-03-26 01:13:00,85 ppb,96 ppb,70 ppb,59 ppb
2026-03-26 01:13:00,85 ppb,96 ppb,70 ppb,59 ppb
2026-03-26 01:43:07,106 ppb,123 ppb,88 ppb,73 ppb
2026-03-26 01:43:07,106 ppb,123 ppb,88 ppb,73 ppb
2026-03-26 02:13:13,112 ppb,130 ppb,95 ppb,77 ppb
2026-03-26 02:43:19,132 ppb,143 ppb,119 ppb,91 ppb
2026-03-26 02:43:19,132 ppb,143 ppb,119 ppb,91 ppb
2026-03-26 03:13:31,144 ppb,151 ppb,128 ppb,99 ppb
2026-03-26 03:43:37,149 ppb,155 ppb,141 ppb,103 ppb
2026-03-26 04:13:43,154 ppb,158 ppb,149 ppb,106 ppb
2026-03-26 04:13:43,154 ppb,158 ppb,149 ppb,106 ppb
2026-03-26 05:13:56,170 ppb,178 ppb,164 ppb,117 ppb
2026-03-26 05:13:56,170 ppb,178 ppb,164 ppb,117 ppb
2026-03-26 05:44:02,172 ppb,177 ppb,166 ppb,119 ppb
2026-03-26 05:44:02,172 ppb,177 ppb,166 ppb,119 ppb
2026-03-26 06:14:08,174 ppb,183 ppb,167 ppb,120 ppb
2026-03-26 06:14:08,174 ppb,183 ppb,167 ppb,120 ppb
2026-03-26 06:44:14,178 ppb,183 ppb,171 ppb,123 ppb
2026-03-26 06:44:14,178 ppb,183 ppb,171 ppb,123 ppb
2026-03-26 07:14:20,175 ppb,184 ppb,159 ppb,121 ppb
2026-03-26 07:14:20,175 ppb,184 ppb,159 ppb,121 ppb
2026-03-26 07:44:27,99 ppb,131 ppb,2 ppb,68 ppb
2026-03-26 08:44:39,98 ppb,115 ppb,85 ppb,68 ppb
2026-03-26 08:44:39,98 ppb,115 ppb,85 ppb,68 ppb
2026-03-26 09:14:57,91 ppb,99 ppb,82 ppb,63 ppb
2026-03-26 09:14:57,91 ppb,99 ppb,82 ppb,63 ppb
2026-03-26 09:45:04,229 ppb,506 ppb,90 ppb,158 ppb
2026-03-26 10:15:17,305 ppb,477 ppb,214 ppb,212 ppb
2026-03-26 10:45:30,196 ppb,331 ppb,141 ppb,136 ppb
2026-03-26 11:15:43,144 ppb,161 ppb,121 ppb,100 ppb
2026-03-26 11:46:01,120 ppb,132 ppb,107 ppb,84 ppb
2026-03-26 12:16:07,107 ppb,166 ppb,61 ppb,75 ppb
2026-03-26 12:46:13,71 ppb,139 ppb,38 ppb,50 ppb
2026-03-26 13:16:20,37 ppb,53 ppb,18 ppb,26 ppb
2026-03-26 14:16:32,8 ppb,23 ppb,1 ppb,6 ppb
2026-03-26 14:46:38,6 ppb,17 ppb,1 ppb,4 ppb
2026-03-26 15:16:44,11 ppb,29 ppb,1 ppb,8 ppb
2026-03-26 15:46:56,13 ppb,28 ppb,1 ppb,9 ppb
2026-03-26 16:17:02,6 ppb,25 ppb,1 ppb,4 ppb
2026-03-26 16:47:09,3 ppb,7 ppb,1 ppb,2 ppb
2026-03-26 16:47:09,3 ppb,7 ppb,1 ppb,2 ppb
2026-03-26 17:17:15,3 ppb,7 ppb,1 ppb,2 ppb
2026-03-26 17:47:21,56 ppb,356 ppb,1 ppb,39 ppb
2026-03-26 18:17:27,51 ppb,396 ppb,1 ppb,35 ppb
2026-03-26 18:17:27,51 ppb,396 ppb,1 ppb,35 ppb
2026-03-26 18:47:34,54 ppb,452 ppb,1 ppb,37 ppb
2026-03-26 19:17:40,39 ppb,198 ppb,1 ppb,27 ppb
2026-03-26 19:17:40,39 ppb,198 ppb,1 ppb,27 ppb
2026-03-26 19:47:46,87 ppb,112 ppb,72 ppb,60 ppb
2026-03-26 20:17:52,95 ppb,109 ppb,81 ppb,66 ppb
2026-03-26 21:18:04,125 ppb,132 ppb,115 ppb,87 ppb
2026-03-26 21:18:04,125 ppb,132 ppb,115 ppb,87 ppb
2026-03-26 21:48:11,134 ppb,166 ppb,120 ppb,93 ppb
2026-03-26 21:48:11,134 ppb,166 ppb,120 ppb,93 ppb
2026-03-26 22:18:17,137 ppb,151 ppb,127 ppb,95 ppb
2026-03-26 22:18:17,137 ppb,151 ppb,127 ppb,95 ppb
2026-03-26 22:48:23,129 ppb,142 ppb,119 ppb,89 ppb
2026-03-26 22:48:23,129 ppb,142 ppb,119 ppb,89 ppb
2026-03-26 23:18:29,122 ppb,134 ppb,111 ppb,84 ppb
2026-03-26 23:48:36,137 ppb,177 ppb,111 ppb,95 ppb
2026-03-27 00:18:42,131 ppb,165 ppb,123 ppb,91 ppb
2026-03-27 00:48:48,141 ppb,152 ppb,128 ppb,98 ppb
2026-03-27 01:18:54,136 ppb,151 ppb,124 ppb,94 ppb
2026-03-27 01:49:12,133 ppb,146 ppb,115 ppb,92 ppb
2026-03-27 17:52:42,93 ppb,109 ppb,84 ppb,64 ppb
2026-03-27 17:52:42,93 ppb,109 ppb,84 ppb,64 ppb
2026-03-27 18:22:48,101 ppb,123 ppb,88 ppb,70 ppb
2026-03-27 18:52:54,122 ppb,142 ppb,112 ppb,84 ppb
2026-03-27 18:52:54,122 ppb,142 ppb,112 ppb,84 ppb
2026-03-27 18:52:54,122 ppb,142 ppb,112 ppb,84 ppb
2026-03-27 19:23:00,126 ppb,133 ppb,120 ppb,87 ppb
2026-03-27 19:23:00,126 ppb,133 ppb,120 ppb,87 ppb
2026-03-27 19:23:00,126 ppb,133 ppb,120 ppb,87 ppb
2026-03-27 19:53:06,119 ppb,133 ppb,97 ppb,82 ppb
2026-03-27 20:23:13,113 ppb,130 ppb,97 ppb,78 ppb
2026-03-27 20:53:19,117 ppb,144 ppb,105 ppb,81 ppb
2026-03-27 21:23:25,135 ppb,160 ppb,123 ppb,93 ppb
2026-03-27 21:23:25,135 ppb,160 ppb,123 ppb,93 ppb
2026-03-27 21:53:31,128 ppb,137 ppb,120 ppb,89 ppb
2026-03-27 21:53:31,128 ppb,137 ppb,120 ppb,89 ppb
2026-03-27 22:23:37,136 ppb,143 ppb,130 ppb,94 ppb
2026-03-27 22:23:37,136 ppb,143 ppb,130 ppb,94 ppb
2026-03-27 22:23:37,136 ppb,143 ppb,130 ppb,94 ppb
2026-03-27 22:53:44,131 ppb,138 ppb,127 ppb,91 ppb
2026-03-27 23:23:50,144 ppb,168 ppb,131 ppb,100 ppb
2026-03-27 23:23:50,144 ppb,168 ppb,131 ppb,100 ppb
2026-03-27 23:53:56,143 ppb,155 ppb,137 ppb,99 ppb
2026-03-27 23:53:56,143 ppb,155 ppb,137 ppb,99 ppb
2026-03-28 00:24:02,137 ppb,149 ppb,126 ppb,95 ppb
2026-03-28 00:54:08,129 ppb,135 ppb,125 ppb,89 ppb
2026-03-28 00:54:08,129 ppb,135 ppb,125 ppb,89 ppb
2026-03-28 00:54:08,129 ppb,135 ppb,125 ppb,89 ppb
2026-03-28 01:24:14,130 ppb,137 ppb,117 ppb,90 ppb
2026-03-28 01:24:14,130 ppb,137 ppb,117 ppb,90 ppb
2026-03-28 01:24:14,130 ppb,137 ppb,117 ppb,90 ppb
2026-03-28 01:54:21,129 ppb,137 ppb,121 ppb,89 ppb
2026-03-28 01:54:21,129 ppb,137 ppb,121 ppb,89 ppb
2026-03-28 02:24:27,126 ppb,142 ppb,115 ppb,87 ppb
2026-03-28 02:54:34,141 ppb,154 ppb,131 ppb,98 ppb
2026-03-28 02:54:34,141 ppb,154 ppb,131 ppb,98 ppb
2026-03-28 02:54:34,141 ppb,154 ppb,131 ppb,98 ppb
2026-03-28 03:24:39,150 ppb,157 ppb,144 ppb,104 ppb
2026-03-28 03:24:39,150 ppb,157 ppb,144 ppb,104 ppb
2026-03-28 03:54:46,156 ppb,166 ppb,147 ppb,108 ppb
2026-03-28 03:54:46,156 ppb,166 ppb,147 ppb,108 ppb
2026-03-28 04:24:52,170 ppb,176 ppb,164 ppb,118 ppb
2026-03-28 04:24:52,170 ppb,176 ppb,164 ppb,118 ppb
2026-03-28 04:54:58,169 ppb,175 ppb,162 ppb,117 ppb
2026-03-28 04:54:58,169 ppb,175 ppb,162 ppb,117 ppb
2026-03-28 05:25:04,171 ppb,177 ppb,167 ppb,118 ppb
2026-03-28 05:25:04,171 ppb,177 ppb,167 ppb,118 ppb
2026-03-28 05:25:04,171 ppb,177 ppb,167 ppb,118 ppb
2026-03-28 05:55:11,160 ppb,170 ppb,153 ppb,111 ppb
2026-03-28 05:55:11,160 ppb,170 ppb,153 ppb,111 ppb
2026-03-28 06:25:17,149 ppb,156 ppb,141 ppb,103 ppb
2026-03-28 06:25:17,149 ppb,156 ppb,141 ppb,103 ppb
2026-03-28 06:55:23,141 ppb,149 ppb,133 ppb,98 ppb
2026-03-28 07:25:29,138 ppb,144 ppb,134 ppb,96 ppb
2026-03-28 07:55:36,40 ppb,95 ppb,1 ppb,28 ppb
2026-03-28 08:25:42,64 ppb,81 ppb,52 ppb,44 ppb
2026-03-28 08:55:48,102 ppb,124 ppb,75 ppb,71 ppb
2026-03-28 09:25:54,117 ppb,132 ppb,100 ppb,81 ppb
2026-03-28 09:25:54,117 ppb,132 ppb,100 ppb,81 ppb
2026-03-28 09:25:54,117 ppb,132 ppb,100 ppb,81 ppb
2026-03-28 09:56:00,118 ppb,131 ppb,108 ppb,82 ppb
2026-03-28 10:26:18,115 ppb,130 ppb,105 ppb,80 ppb
2026-03-28 10:56:24,133 ppb,137 ppb,122 ppb,92 ppb
2026-03-28 11:26:31,138 ppb,147 ppb,128 ppb,96 ppb
2026-03-28 11:56:37,141 ppb,156 ppb,133 ppb,98 ppb
2026-03-28 11:56:37,141 ppb,156 ppb,133 ppb,98 ppb
2026-03-28 12:26:43,144 ppb,153 ppb,138 ppb,100 ppb
2026-03-28 12:56:49,148 ppb,157 ppb,142 ppb,102 ppb
2026-03-28 12:56:49,148 ppb,157 ppb,142 ppb,102 ppb
2026-03-28 13:26:56,156 ppb,165 ppb,150 ppb,108 ppb
2026-03-28 13:57:01,173 ppb,185 ppb,164 ppb,119 ppb
2026-03-28 14:27:08,188 ppb,196 ppb,182 ppb,130 ppb
2026-03-28 14:27:08,188 ppb,196 ppb,182 ppb,130 ppb
2026-03-28 15:27:20,204 ppb,216 ppb,194 ppb,141 ppb
2026-03-28 15:57:32,200 ppb,212 ppb,192 ppb,138 ppb
2026-03-28 15:57:32,200 ppb,212 ppb,192 ppb,138 ppb
2026-03-28 16:27:38,197 ppb,209 ppb,186 ppb,136 ppb
2026-03-28 16:27:38,197 ppb,209 ppb,186 ppb,136 ppb
2026-03-28 16:57:44,201 ppb,212 ppb,189 ppb,138 ppb
2026-03-28 16:57:44,201 ppb,212 ppb,189 ppb,138 ppb
2026-03-28 17:27:51,197 ppb,215 ppb,182 ppb,136 ppb
2026-03-28 17:57:57,186 ppb,199 ppb,173 ppb,128 ppb
2026-03-28 18:28:03,186 ppb,196 ppb,174 ppb,128 ppb
2026-03-28 18:28:03,186 ppb,196 ppb,174 ppb,128 ppb
2026-03-28 19:28:15,155 ppb,164 ppb,150 ppb,107 ppb
2026-03-28 19:58:21,159 ppb,175 ppb,147 ppb,110 ppb
2026-03-28 20:28:33,178 ppb,186 ppb,171 ppb,123 ppb
2026-03-28 20:28:33,178 ppb,186 ppb,171 ppb,123 ppb
2026-03-28 20:58:40,188 ppb,193 ppb,184 ppb,130 ppb
2026-03-28 21:28:46,194 ppb,199 ppb,190 ppb,134 ppb
2026-03-28 21:58:52,199 ppb,203 ppb,197 ppb,137 ppb
2026-03-28 21:58:52,199 ppb,203 ppb,197 ppb,137 ppb
2026-03-28 21:58:52,199 ppb,203 ppb,197 ppb,137 ppb
2026-03-28 22:28:58,203 ppb,208 ppb,200 ppb,140 ppb
2026-03-28 22:59:04,198 ppb,203 ppb,194 ppb,137 ppb
2026-03-28 22:59:04,198 ppb,203 ppb,194 ppb,137 ppb
2026-03-28 22:59:04,198 ppb,203 ppb,194 ppb,137 ppb
2026-03-28 23:29:11,195 ppb,198 ppb,192 ppb,135 ppb
2026-03-28 23:59:17,197 ppb,202 ppb,193 ppb,136 ppb
2026-03-29 00:29:23,202 ppb,213 ppb,196 ppb,139 ppb
2026-03-29 00:59:29,212 ppb,221 ppb,205 ppb,146 ppb
2026-03-29 01:29:36,217 ppb,222 ppb,210 ppb,150 ppb
2026-03-29 01:29:36,217 ppb,222 ppb,210 ppb,150 ppb
2026-03-29 01:29:36,217 ppb,222 ppb,210 ppb,150 ppb
2026-03-29 01:59:42,220 ppb,227 ppb,214 ppb,152 ppb
2026-03-29 02:29:48,220 ppb,232 ppb,204 ppb,152 ppb
2026-03-29 02:59:54,210 ppb,215 ppb,206 ppb,145 ppb
2026-03-29 02:59:54,210 ppb,215 ppb,206 ppb,145 ppb
2026-03-29 03:30:00,201 ppb,212 ppb,186 ppb,139 ppb
2026-03-29 04:00:07,199 ppb,206 ppb,191 ppb,137 ppb
2026-03-29 04:30:13,200 ppb,206 ppb,196 ppb,138 ppb
2026-03-29 04:30:13,200 ppb,206 ppb,196 ppb,138 ppb
2026-03-29 05:00:19,204 ppb,210 ppb,200 ppb,141 ppb
2026-03-29 05:30:25,203 ppb,211 ppb,201 ppb,140 ppb
2026-03-29 06:00:37,202 ppb,207 ppb,198 ppb,140 ppb
2026-03-29 06:00:37,202 ppb,207 ppb,198 ppb,140 ppb
2026-03-29 06:30:43,196 ppb,200 ppb,194 ppb,135 ppb
2026-03-29 07:00:49,195 ppb,202 ppb,186 ppb,135 ppb
2026-03-29 07:30:56,192 ppb,202 ppb,182 ppb,133 ppb
2026-03-29 08:01:02,185 ppb,200 ppb,177 ppb,128 ppb
2026-03-29 08:31:08,178 ppb,192 ppb,166 ppb,123 ppb
2026-03-29 09:01:14,190 ppb,207 ppb,178 ppb,131 ppb
2026-03-29 09:31:20,186 ppb,201 ppb,167 ppb,129 ppb
2026-03-29 10:01:27,163 ppb,179 ppb,147 ppb,113 ppb
2026-03-29 10:31:33,167 ppb,183 ppb,154 ppb,115 ppb
2026-03-29 10:31:33,167 ppb,183 ppb,154 ppb,115 ppb
2026-03-29 11:01:39,165 ppb,177 ppb,148 ppb,114 ppb
2026-03-29 11:01:39,165 ppb,177 ppb,148 ppb,114 ppb
2026-03-29 11:31:45,172 ppb,191 ppb,156 ppb,119 ppb
2026-03-29 12:01:51,184 ppb,200 ppb,170 ppb,127 ppb
2026-03-29 12:31:58,185 ppb,196 ppb,177 ppb,128 ppb
2026-03-29 13:32:10,201 ppb,217 ppb,186 ppb,138 ppb
2026-03-29 14:02:16,203 ppb,218 ppb,191 ppb,140 ppb
2026-03-29 14:02:16,203 ppb,218 ppb,191 ppb,140 ppb
2026-03-29 14:32:23,200 ppb,225 ppb,176 ppb,138 ppb
2026-03-29 15:02:29,195 ppb,211 ppb,180 ppb,134 ppb
2026-03-29 15:32:35,185 ppb,201 ppb,174 ppb,127 ppb
2026-03-29 15:32:35,185 ppb,201 ppb,174 ppb,127 ppb
2026-03-29 15:32:35,185 ppb,201 ppb,174 ppb,127 ppb
2026-03-29 16:02:52,184 ppb,201 ppb,169 ppb,126 ppb
2026-03-29 16:32:58,196 ppb,211 ppb,181 ppb,135 ppb
2026-03-29 17:33:11,202 ppb,214 ppb,189 ppb,139 ppb
2026-03-29 18:03:17,205 ppb,215 ppb,197 ppb,141 ppb
2026-03-29 18:03:17,205 ppb,215 ppb,197 ppb,141 ppb
2026-03-29 18:33:23,201 ppb,209 ppb,193 ppb,138 ppb
2026-03-29 19:03:30,187 ppb,201 ppb,177 ppb,128 ppb
2026-03-29 19:33:36,188 ppb,198 ppb,178 ppb,129 ppb
2026-03-29 19:33:36,188 ppb,198 ppb,178 ppb,129 ppb
2026-03-29 20:03:42,202 ppb,214 ppb,191 ppb,139 ppb
2026-03-29 20:33:48,215 ppb,220 ppb,212 ppb,148 ppb
2026-03-29 21:03:54,218 ppb,221 ppb,215 ppb,150 ppb
2026-03-29 21:34:01,210 ppb,220 ppb,206 ppb,144 ppb
2026-03-29 22:04:07,213 ppb,219 ppb,210 ppb,147 ppb
2026-03-29 22:34:13,227 ppb,235 ppb,217 ppb,156 ppb
2026-03-29 23:04:19,231 ppb,244 ppb,221 ppb,159 ppb
2026-03-29 23:34:26,248 ppb,264 ppb,239 ppb,171 ppb
2026-03-29 23:34:26,248 ppb,264 ppb,239 ppb,171 ppb
2026-03-30 00:34:38,257 ppb,266 ppb,250 ppb,177 ppb
2026-03-30 01:04:50,256 ppb,266 ppb,248 ppb,176 ppb
2026-03-30 01:35:03,260 ppb,269 ppb,255 ppb,179 ppb
2026-03-30 02:05:16,252 ppb,271 ppb,239 ppb,173 ppb
2026-03-30 02:05:16,252 ppb,271 ppb,239 ppb,173 ppb
2026-03-30 02:35:28,240 ppb,248 ppb,237 ppb,165 ppb
2026-03-30 02:35:28,240 ppb,248 ppb,237 ppb,165 ppb
2026-03-30 03:05:48,238 ppb,247 ppb,232 ppb,164 ppb
2026-03-30 03:36:00,245 ppb,249 ppb,242 ppb,169 ppb
2026-03-30 04:36:12,235 ppb,237 ppb,233 ppb,162 ppb
2026-03-30 05:06:18,232 ppb,237 ppb,228 ppb,160 ppb
2026-03-30 05:36:25,229 ppb,231 ppb,226 ppb,158 ppb
2026-03-30 06:06:31,223 ppb,227 ppb,204 ppb,153 ppb
2026-03-30 06:06:31,223 ppb,227 ppb,204 ppb,153 ppb
2026-03-30 06:36:37,211 ppb,216 ppb,207 ppb,145 ppb
2026-03-30 07:06:43,207 ppb,212 ppb,197 ppb,143 ppb
2026-03-30 07:36:49,207 ppb,216 ppb,199 ppb,143 ppb
2026-03-30 07:36:49,207 ppb,216 ppb,199 ppb,143 ppb
2026-03-30 08:06:56,195 ppb,206 ppb,183 ppb,134 ppb
2026-03-30 08:37:02,180 ppb,192 ppb,169 ppb,124 ppb
2026-03-30 08:37:02,180 ppb,192 ppb,169 ppb,124 ppb
2026-03-30 09:07:08,174 ppb,180 ppb,165 ppb,120 ppb
2026-03-30 09:37:14,149 ppb,170 ppb,126 ppb,103 ppb
2026-03-30 09:37:14,149 ppb,170 ppb,126 ppb,103 ppb
2026-03-30 09:37:14,149 ppb,170 ppb,126 ppb,103 ppb
2026-03-30 10:07:21,156 ppb,197 ppb,133 ppb,107 ppb
2026-03-30 11:07:33,215 ppb,242 ppb,201 ppb,148 ppb
2026-03-30 11:37:45,204 ppb,261 ppb,189 ppb,140 ppb
2026-03-30 12:07:58,190 ppb,292 ppb,156 ppb,130 ppb
2026-03-30 12:38:11,199 ppb,212 ppb,189 ppb,137 ppb
2026-03-30 13:08:23,199 ppb,209 ppb,192 ppb,136 ppb
2026-03-30 13:38:36,214 ppb,235 ppb,194 ppb,147 ppb
2026-03-30 13:38:36,214 ppb,235 ppb,194 ppb,147 ppb
2026-03-30 14:08:48,237 ppb,258 ppb,211 ppb,162 ppb
2026-03-30 15:09:01,228 ppb,263 ppb,204 ppb,156 ppb
2026-03-30 16:09:13,204 ppb,259 ppb,184 ppb,139 ppb
2026-03-30 16:09:13,204 ppb,259 ppb,184 ppb,139 ppb
2026-03-30 16:39:25,198 ppb,232 ppb,171 ppb,135 ppb
2026-03-30 17:09:31,180 ppb,212 ppb,157 ppb,123 ppb
2026-03-30 17:09:31,180 ppb,212 ppb,157 ppb,123 ppb
2026-03-30 17:09:31,180 ppb,212 ppb,157 ppb,123 ppb
2026-03-30 17:39:37,166 ppb,190 ppb,154 ppb,113 ppb
2026-03-30 17:39:37,166 ppb,190 ppb,154 ppb,113 ppb
2026-03-30 17:39:37,166 ppb,190 ppb,154 ppb,113 ppb
2026-03-30 18:09:43,164 ppb,182 ppb,150 ppb,112 ppb
2026-03-30 18:39:50,214 ppb,314 ppb,166 ppb,146 ppb
2026-03-30 19:10:01,217 ppb,238 ppb,194 ppb,148 ppb
2026-03-30 19:40:14,210 ppb,228 ppb,194 ppb,144 ppb
2026-03-30 20:10:27,228 ppb,235 ppb,219 ppb,156 ppb
2026-03-30 20:40:40,236 ppb,276 ppb,223 ppb,161 ppb
2026-03-30 21:10:53,210 ppb,220 ppb,200 ppb,144 ppb
2026-03-30 21:10:53,210 ppb,220 ppb,200 ppb,144 ppb
2026-03-30 21:41:05,198 ppb,206 ppb,189 ppb,136 ppb
2026-03-30 22:11:16,194 ppb,205 ppb,180 ppb,133 ppb
2026-03-30 22:41:36,183 ppb,212 ppb,174 ppb,125 ppb
2026-03-30 23:11:56,175 ppb,194 ppb,164 ppb,120 ppb
2026-03-30 23:42:15,163 ppb,169 ppb,155 ppb,112 ppb
2026-03-31 00:12:34,163 ppb,170 ppb,156 ppb,112 ppb
2026-03-31 00:12:34,163 ppb,170 ppb,156 ppb,112 ppb
2026-03-31 11:47:20,169 ppb,248 ppb,147 ppb,116 ppb
2026-03-31 12:47:33,202 ppb,213 ppb,191 ppb,138 ppb
2026-03-31 12:47:33,202 ppb,213 ppb,191 ppb,138 ppb
2026-03-31 12:47:33,202 ppb,213 ppb,191 ppb,138 ppb
2026-03-31 13:17:39,220 ppb,234 ppb,204 ppb,150 ppb
2026-03-31 13:17:39,220 ppb,234 ppb,204 ppb,150 ppb
2026-03-31 13:17:39,220 ppb,234 ppb,204 ppb,150 ppb
2026-03-31 13:47:45,235 ppb,273 ppb,210 ppb,160 ppb
2026-03-31 13:47:45,235 ppb,273 ppb,210 ppb,160 ppb
2026-03-31 14:17:51,231 ppb,239 ppb,224 ppb,157 ppb
2026-03-31 14:17:51,231 ppb,239 ppb,224 ppb,157 ppb
2026-03-31 14:47:57,218 ppb,228 ppb,210 ppb,148 ppb
2026-03-31 14:47:57,218 ppb,228 ppb,210 ppb,148 ppb
2026-03-31 15:18:04,211 ppb,223 ppb,201 ppb,144 ppb
2026-03-31 15:18:04,211 ppb,223 ppb,201 ppb,144 ppb
2026-03-31 15:18:04,211 ppb,223 ppb,201 ppb,144 ppb
2026-03-31 15:48:10,137 ppb,233 ppb,60 ppb,94 ppb
2026-03-31 15:48:10,137 ppb,233 ppb,60 ppb,94 ppb
2026-03-31 16:18:16,92 ppb,106 ppb,80 ppb,63 ppb
2026-03-31 16:18:16,92 ppb,106 ppb,80 ppb,63 ppb
2026-03-31 16:48:28,94 ppb,115 ppb,77 ppb,64 ppb
2026-03-31 16:48:28,94 ppb,115 ppb,77 ppb,64 ppb
2026-03-31 16:48:28,94 ppb,115 ppb,77 ppb,64 ppb
2026-03-31 17:18:34,123 ppb,138 ppb,110 ppb,84 ppb
2026-03-31 18:18:47,138 ppb,153 ppb,130 ppb,94 ppb
2026-03-31 18:18:47,138 ppb,153 ppb,130 ppb,94 ppb
2026-03-31 18:48:53,119 ppb,137 ppb,102 ppb,82 ppb
2026-03-31 18:48:53,119 ppb,137 ppb,102 ppb,82 ppb
2026-03-31 19:19:04,86 ppb,100 ppb,78 ppb,59 ppb
2026-03-31 19:19:04,86 ppb,100 ppb,78 ppb,59 ppb
2026-03-31 19:49:11,99 ppb,115 ppb,79 ppb,68 ppb
2026-03-31 19:49:11,99 ppb,115 ppb,79 ppb,68 ppb
2026-03-31 19:49:11,99 ppb,115 ppb,79 ppb,68 ppb
2026-03-31 20:19:17,106 ppb,116 ppb,89 ppb,73 ppb
2026-03-31 20:19:17,106 ppb,116 ppb,89 ppb,73 ppb
2026-03-31 20:49:23,123 ppb,130 ppb,117 ppb,84 ppb
2026-03-31 20:49:23,123 ppb,130 ppb,117 ppb,84 ppb
2026-03-31 21:19:29,128 ppb,135 ppb,124 ppb,88 ppb
2026-03-31 21:19:29,128 ppb,135 ppb,124 ppb,88 ppb
2026-03-31 22:49:48,176 ppb,193 ppb,162 ppb,121 ppb
2026-03-31 23:19:54,171 ppb,176 ppb,168 ppb,117 ppb
2026-03-31 23:50:00,162 ppb,170 ppb,155 ppb,111 ppb
2026-03-31 23:50:00,162 ppb,170 ppb,155 ppb,111 ppb
2026-03-31 23:50:00,162 ppb,170 ppb,155 ppb,111 ppb
2026-04-01 00:20:07,158 ppb,167 ppb,153 ppb,108 ppb
2026-04-01 00:20:07,158 ppb,167 ppb,153 ppb,108 ppb
2026-04-01 00:50:25,152 ppb,158 ppb,147 ppb,104 ppb
2026-04-01 00:50:25,152 ppb,158 ppb,147 ppb,104 ppb
2026-04-01 01:20:31,142 ppb,151 ppb,131 ppb,98 ppb
2026-04-01 01:20:31,142 ppb,151 ppb,131 ppb,98 ppb
2026-04-01 01:50:44,119 ppb,132 ppb,109 ppb,82 ppb
2026-04-01 01:50:44,119 ppb,132 ppb,109 ppb,82 ppb
2026-04-01 02:21:04,105 ppb,112 ppb,98 ppb,72 ppb
2026-04-01 02:21:04,105 ppb,112 ppb,98 ppb,72 ppb
2026-04-01 02:51:10,91 ppb,99 ppb,85 ppb,63 ppb
2026-04-01 02:51:10,91 ppb,99 ppb,85 ppb,63 ppb
2026-04-01 03:21:23,81 ppb,85 ppb,78 ppb,56 ppb
2026-04-01 04:21:46,83 ppb,85 ppb,79 ppb,57 ppb
2026-04-01 04:51:52,76 ppb,81 ppb,73 ppb,52 ppb
2026-04-01 05:21:59,68 ppb,76 ppb,52 ppb,47 ppb
2026-04-01 05:21:59,68 ppb,76 ppb,52 ppb,47 ppb
2026-04-01 05:52:05,68 ppb,71 ppb,63 ppb,47 ppb
2026-04-01 06:22:11,70 ppb,73 ppb,69 ppb,48 ppb
2026-04-01 06:22:11,70 ppb,73 ppb,69 ppb,48 ppb
2026-04-01 07:22:24,67 ppb,71 ppb,62 ppb,46 ppb
2026-04-01 07:52:30,47 ppb,63 ppb,22 ppb,32 ppb
2026-04-01 07:52:30,47 ppb,63 ppb,22 ppb,32 ppb
2026-04-01 08:22:36,62 ppb,75 ppb,54 ppb,43 ppb
2026-04-01 09:22:48,59 ppb,63 ppb,53 ppb,41 ppb
2026-04-01 09:53:00,55 ppb,59 ppb,50 ppb,38 ppb
2026-04-01 10:23:13,49 ppb,59 ppb,37 ppb,34 ppb
2026-04-01 10:53:26,50 ppb,69 ppb,32 ppb,34 ppb
2026-04-01 11:23:39,54 ppb,69 ppb,33 ppb,37 ppb
2026-04-01 11:23:39,54 ppb,69 ppb,33 ppb,37 ppb
2026-04-01 11:23:39,54 ppb,69 ppb,33 ppb,37 ppb
2026-04-01 11:53:52,75 ppb,93 ppb,66 ppb,52 ppb
2026-04-01 12:24:03,91 ppb,99 ppb,83 ppb,63 ppb
2026-04-01 12:54:10,95 ppb,108 ppb,78 ppb,65 ppb
2026-04-01 12:54:10,95 ppb,108 ppb,78 ppb,65 ppb
2026-04-01 13:24:16,93 ppb,124 ppb,69 ppb,64 ppb
2026-04-01 13:54:22,73 ppb,92 ppb,47 ppb,50 ppb
2026-04-01 13:54:22,73 ppb,92 ppb,47 ppb,50 ppb
2026-04-01 13:54:22,73 ppb,92 ppb,47 ppb,50 ppb
2026-04-01 14:24:28,81 ppb,95 ppb,62 ppb,56 ppb
2026-04-01 14:54:35,240 ppb,490 ppb,83 ppb,165 ppb
2026-04-01 14:54:35,240 ppb,490 ppb,83 ppb,165 ppb
2026-04-01 15:24:41,226 ppb,369 ppb,165 ppb,156 ppb
2026-04-01 15:24:41,226 ppb,369 ppb,165 ppb,156 ppb
2026-04-01 15:24:41,226 ppb,369 ppb,165 ppb,156 ppb
2026-04-01 15:54:47,141 ppb,230 ppb,83 ppb,98 ppb
2026-04-01 16:24:53,60 ppb,92 ppb,39 ppb,42 ppb
2026-04-01 16:55:05,59 ppb,79 ppb,38 ppb,41 ppb
2026-04-01 17:25:11,49 ppb,57 ppb,40 ppb,34 ppb
2026-04-01 17:55:17,48 ppb,59 ppb,36 ppb,33 ppb
2026-04-01 18:25:23,51 ppb,95 ppb,23 ppb,35 ppb
2026-04-01 18:55:30,35 ppb,62 ppb,1 ppb,24 ppb
2026-04-01 19:25:36,44 ppb,63 ppb,16 ppb,30 ppb
2026-04-01 19:55:42,51 ppb,60 ppb,40 ppb,35 ppb
2026-04-01 20:25:49,59 ppb,69 ppb,50 ppb,41 ppb
2026-04-01 20:55:55,54 ppb,60 ppb,43 ppb,37 ppb
2026-04-01 21:26:07,60 ppb,84 ppb,39 ppb,41 ppb
2026-04-01 21:56:13,57 ppb,62 ppb,54 ppb,39 ppb
2026-04-01 21:56:13,57 ppb,62 ppb,54 ppb,39 ppb
2026-04-01 22:26:19,59 ppb,63 ppb,57 ppb,41 ppb
2026-04-01 23:26:31,70 ppb,74 ppb,67 ppb,48 ppb
2026-04-01 23:56:38,68 ppb,75 ppb,61 ppb,47 ppb
2026-04-02 00:26:44,59 ppb,67 ppb,53 ppb,41 ppb
2026-04-02 00:26:44,59 ppb,67 ppb,53 ppb,41 ppb
2026-04-02 00:56:50,59 ppb,65 ppb,52 ppb,41 ppb
2026-04-02 01:26:56,56 ppb,62 ppb,51 ppb,39 ppb
2026-04-02 01:26:56,56 ppb,62 ppb,51 ppb,39 ppb
2026-04-02 01:57:03,52 ppb,57 ppb,49 ppb,36 ppb
2026-04-02 01:57:03,52 ppb,57 ppb,49 ppb,36 ppb
2026-04-02 02:27:09,62 ppb,69 ppb,56 ppb,43 ppb
2026-04-02 02:27:09,62 ppb,69 ppb,56 ppb,43 ppb
2026-04-02 02:57:15,67 ppb,71 ppb,62 ppb,46 ppb
2026-04-02 03:27:21,67 ppb,73 ppb,62 ppb,46 ppb
2026-04-02 03:57:27,74 ppb,79 ppb,68 ppb,51 ppb
2026-04-02 03:57:27,74 ppb,79 ppb,68 ppb,51 ppb
2026-04-02 04:27:34,78 ppb,83 ppb,74 ppb,54 ppb
2026-04-02 04:57:40,83 ppb,87 ppb,80 ppb,57 ppb
2026-04-02 05:27:46,83 ppb,89 ppb,77 ppb,58 ppb
2026-04-02 05:57:52,79 ppb,84 ppb,77 ppb,55 ppb
2026-04-02 05:57:52,79 ppb,84 ppb,77 ppb,55 ppb
2026-04-02 06:27:59,77 ppb,81 ppb,75 ppb,53 ppb
2026-04-02 06:58:05,76 ppb,78 ppb,74 ppb,53 ppb
2026-04-02 07:28:22,56 ppb,110 ppb,1 ppb,39 ppb
2026-04-02 07:58:29,18 ppb,29 ppb,1 ppb,12 ppb
2026-04-02 07:58:29,18 ppb,29 ppb,1 ppb,12 ppb
2026-04-02 08:28:35,20 ppb,28 ppb,1 ppb,14 ppb
2026-04-02 08:58:41,14 ppb,27 ppb,1 ppb,10 ppb
2026-04-02 09:28:47,7 ppb,22 ppb,1 ppb,5 ppb
2026-04-02 10:28:59,44 ppb,63 ppb,29 ppb,31 ppb
2026-04-02 10:28:59,44 ppb,63 ppb,29 ppb,31 ppb
2026-04-02 10:59:06,61 ppb,70 ppb,50 ppb,42 ppb
2026-04-02 10:59:06,61 ppb,70 ppb,50 ppb,42 ppb
2026-04-02 11:29:12,75 ppb,100 ppb,60 ppb,52 ppb
2026-04-02 11:29:12,75 ppb,100 ppb,60 ppb,52 ppb
2026-04-02 11:59:18,104 ppb,116 ppb,91 ppb,72 ppb
2026-04-02 12:29:24,111 ppb,124 ppb,95 ppb,77 ppb
2026-04-02 12:59:30,100 ppb,123 ppb,83 ppb,69 ppb
2026-04-02 12:59:30,100 ppb,123 ppb,83 ppb,69 ppb
2026-04-02 13:29:37,109 ppb,125 ppb,81 ppb,75 ppb
2026-04-02 13:59:43,120 ppb,129 ppb,108 ppb,83 ppb
2026-04-02 14:29:49,128 ppb,145 ppb,117 ppb,88 ppb
2026-04-02 14:29:49,128 ppb,145 ppb,117 ppb,88 ppb
2026-04-02 14:59:55,130 ppb,138 ppb,120 ppb,90 ppb
2026-04-02 15:30:02,136 ppb,149 ppb,129 ppb,94 ppb
2026-04-02 16:00:08,149 ppb,160 ppb,139 ppb,103 ppb
2026-04-02 16:30:14,147 ppb,156 ppb,139 ppb,101 ppb
2026-04-02 17:00:31,143 ppb,158 ppb,121 ppb,99 ppb
2026-04-02 17:30:38,149 ppb,159 ppb,140 ppb,103 ppb
2026-04-02 18:00:44,139 ppb,159 ppb,121 ppb,96 ppb
2026-04-02 18:00:44,139 ppb,159 ppb,121 ppb,96 ppb
2026-04-02 18:30:50,144 ppb,156 ppb,134 ppb,99 ppb
2026-04-02 19:00:56,142 ppb,151 ppb,130 ppb,98 ppb
2026-04-02 19:31:02,145 ppb,154 ppb,137 ppb,100 ppb
2026-04-02 20:01:08,154 ppb,162 ppb,145 ppb,106 ppb
2026-04-02 20:31:15,144 ppb,150 ppb,129 ppb,100 ppb
2026-04-02 20:31:15,144 ppb,150 ppb,129 ppb,100 ppb
2026-04-02 20:31:15,144 ppb,150 ppb,129 ppb,100 ppb
2026-04-02 21:01:21,147 ppb,154 ppb,139 ppb,102 ppb
2026-04-02 21:31:27,143 ppb,155 ppb,127 ppb,99 ppb
2026-04-02 21:31:27,143 ppb,155 ppb,127 ppb,99 ppb
2026-04-02 22:31:40,142 ppb,156 ppb,129 ppb,98 ppb
2026-04-02 23:01:46,141 ppb,144 ppb,138 ppb,98 ppb
2026-04-02 23:01:46,141 ppb,144 ppb,138 ppb,98 ppb
2026-04-02 23:31:52,139 ppb,142 ppb,137 ppb,96 ppb
2026-04-03 00:01:58,140 ppb,143 ppb,138 ppb,97 ppb
2026-04-03 00:32:04,138 ppb,141 ppb,135 ppb,96 ppb
2026-04-03 01:02:11,136 ppb,140 ppb,134 ppb,94 ppb
2026-04-03 01:02:11,136 ppb,140 ppb,134 ppb,94 ppb
2026-04-03 01:32:17,139 ppb,142 ppb,137 ppb,96 ppb
2026-04-03 01:32:17,139 ppb,142 ppb,137 ppb,96 ppb
2026-04-03 01:32:17,139 ppb,142 ppb,137 ppb,96 ppb
2026-04-03 02:02:23,139 ppb,143 ppb,136 ppb,96 ppb
2026-04-03 02:32:29,137 ppb,139 ppb,135 ppb,95 ppb
2026-04-03 02:32:29,137 ppb,139 ppb,135 ppb,95 ppb
2026-04-03 03:02:46,136 ppb,141 ppb,132 ppb,94 ppb
2026-04-03 03:32:53,129 ppb,134 ppb,125 ppb,89 ppb
2026-04-03 03:32:53,129 ppb,134 ppb,125 ppb,89 ppb
2026-04-03 04:02:59,127 ppb,132 ppb,125 ppb,88 ppb
2026-04-03 04:33:05,124 ppb,129 ppb,120 ppb,86 ppb
2026-04-03 05:03:11,118 ppb,124 ppb,111 ppb,82 ppb
2026-04-03 05:33:18,113 ppb,116 ppb,108 ppb,78 ppb
2026-04-03 06:03:24,110 ppb,115 ppb,106 ppb,76 ppb
2026-04-03 06:03:24,110 ppb,115 ppb,106 ppb,76 ppb
2026-04-03 06:33:30,106 ppb,110 ppb,104 ppb,74 ppb
2026-04-03 07:03:36,106 ppb,113 ppb,101 ppb,74 ppb
2026-04-03 07:33:42,99 ppb,108 ppb,90 ppb,69 ppb
2026-04-03 07:33:42,99 ppb,108 ppb,90 ppb,69 ppb
2026-04-03 08:03:49,94 ppb,99 ppb,89 ppb,65 ppb
2026-04-03 08:33:55,92 ppb,99 ppb,84 ppb,64 ppb
2026-04-03 09:04:01,96 ppb,106 ppb,82 ppb,67 ppb
2026-04-03 09:04:01,96 ppb,106 ppb,82 ppb,67 ppb
2026-04-03 09:34:07,106 ppb,124 ppb,93 ppb,74 ppb
2026-04-03 10:04:14,126 ppb,147 ppb,101 ppb,88 ppb
2026-04-03 11:04:26,166 ppb,175 ppb,155 ppb,115 ppb
2026-04-03 11:04:26,166 ppb,175 ppb,155 ppb,115 ppb
2026-04-03 11:04:26,166 ppb,175 ppb,155 ppb,115 ppb
2026-04-03 11:34:32,178 ppb,190 ppb,168 ppb,123 ppb
2026-04-03 12:04:39,183 ppb,199 ppb,170 ppb,127 ppb
2026-04-03 12:34:45,179 ppb,192 ppb,170 ppb,124 ppb
2026-04-03 13:04:57,184 ppb,209 ppb,170 ppb,127 ppb
2026-04-03 13:04:57,184 ppb,209 ppb,170 ppb,127 ppb
2026-04-03 13:35:03,181 ppb,189 ppb,170 ppb,125 ppb
2026-04-03 14:05:09,186 ppb,198 ppb,178 ppb,129 ppb
2026-04-03 14:35:15,191 ppb,199 ppb,181 ppb,132 ppb
2026-04-03 14:35:15,191 ppb,199 ppb,181 ppb,132 ppb
2026-04-03 15:35:28,186 ppb,202 ppb,178 ppb,128 ppb
2026-04-03 16:05:34,185 ppb,199 ppb,174 ppb,128 ppb
2026-04-03 16:05:34,185 ppb,199 ppb,174 ppb,128 ppb
2026-04-03 16:35:40,176 ppb,198 ppb,164 ppb,121 ppb
2026-04-03 17:05:52,166 ppb,181 ppb,158 ppb,114 ppb
2026-04-03 17:35:58,169 ppb,183 ppb,160 ppb,117 ppb
2026-04-03 18:06:05,171 ppb,180 ppb,165 ppb,118 ppb
2026-04-03 18:06:05,171 ppb,180 ppb,165 ppb,118 ppb
2026-04-03 18:36:11,166 ppb,173 ppb,155 ppb,115 ppb
2026-04-03 19:06:17,151 ppb,159 ppb,147 ppb,104 ppb
2026-04-03 19:36:24,150 ppb,157 ppb,143 ppb,104 ppb
2026-04-03 20:06:29,162 ppb,169 ppb,158 ppb,112 ppb
2026-04-03 20:06:29,162 ppb,169 ppb,158 ppb,112 ppb
2026-04-03 20:36:36,166 ppb,174 ppb,155 ppb,115 ppb
2026-04-03 21:06:42,183 ppb,198 ppb,164 ppb,126 ppb
2026-04-03 21:06:42,183 ppb,198 ppb,164 ppb,126 ppb
2026-04-03 22:06:54,193 ppb,205 ppb,175 ppb,133 ppb
2026-04-03 22:37:01,186 ppb,193 ppb,177 ppb,129 ppb
2026-04-03 22:37:01,186 ppb,193 ppb,177 ppb,129 ppb
2026-04-03 23:07:18,192 ppb,196 ppb,188 ppb,133 ppb
2026-04-03 23:37:24,190 ppb,211 ppb,178 ppb,131 ppb
2026-04-03 23:37:24,190 ppb,211 ppb,178 ppb,131 ppb
2026-04-04 00:07:30,206 ppb,213 ppb,199 ppb,143 ppb
2026-04-04 00:37:36,213 ppb,220 ppb,208 ppb,147 ppb
2026-04-04 00:37:36,213 ppb,220 ppb,208 ppb,147 ppb
2026-04-04 01:07:43,215 ppb,226 ppb,209 ppb,149 ppb
2026-04-04 01:37:49,215 ppb,221 ppb,202 ppb,149 ppb
2026-04-04 02:07:55,211 ppb,217 ppb,201 ppb,146 ppb
2026-04-04 02:38:01,210 ppb,215 ppb,207 ppb,145 ppb
2026-04-04 03:08:08,208 ppb,211 ppb,205 ppb,144 ppb
2026-04-04 03:08:08,208 ppb,211 ppb,205 ppb,144 ppb
2026-04-04 03:38:14,203 ppb,209 ppb,199 ppb,140 ppb
2026-04-04 04:08:20,199 ppb,203 ppb,196 ppb,138 ppb
2026-04-04 04:38:27,199 ppb,201 ppb,197 ppb,138 ppb
2026-04-04 05:08:33,198 ppb,202 ppb,195 ppb,137 ppb
2026-04-04 05:08:33,198 ppb,202 ppb,195 ppb,137 ppb
2026-04-04 05:38:39,194 ppb,200 ppb,191 ppb,134 ppb
2026-04-04 06:08:45,192 ppb,195 ppb,190 ppb,133 ppb
2026-04-04 06:38:51,187 ppb,194 ppb,183 ppb,130 ppb
2026-04-04 06:38:51,187 ppb,194 ppb,183 ppb,130 ppb
2026-04-04 07:08:58,183 ppb,187 ppb,180 ppb,127 ppb
2026-04-04 07:08:58,183 ppb,187 ppb,180 ppb,127 ppb
2026-04-04 07:39:03,184 ppb,187 ppb,182 ppb,127 ppb
2026-04-04 08:09:10,183 ppb,189 ppb,180 ppb,127 ppb
2026-04-04 08:39:22,197 ppb,206 ppb,189 ppb,137 ppb
2026-04-04 09:09:28,211 ppb,223 ppb,205 ppb,146 ppb
2026-04-04 09:09:28,211 ppb,223 ppb,205 ppb,146 ppb
2026-04-04 10:09:41,222 ppb,232 ppb,217 ppb,154 ppb
2026-04-04 11:09:53,233 ppb,245 ppb,223 ppb,161 ppb
2026-04-04 11:39:59,233 ppb,244 ppb,226 ppb,161 ppb
2026-04-04 12:10:05,222 ppb,233 ppb,214 ppb,153 ppb
2026-04-04 12:10:05,222 ppb,233 ppb,214 ppb,153 ppb
2026-04-04 12:10:05,222 ppb,233 ppb,214 ppb,153 ppb
2026-04-04 12:40:11,221 ppb,228 ppb,214 ppb,153 ppb
2026-04-04 12:40:11,221 ppb,228 ppb,214 ppb,153 ppb
2026-04-04 13:10:17,224 ppb,235 ppb,212 ppb,155 ppb
2026-04-04 13:10:17,224 ppb,235 ppb,212 ppb,155 ppb
2026-04-04 13:40:24,229 ppb,244 ppb,213 ppb,158 ppb
2026-04-04 14:10:35,224 ppb,234 ppb,216 ppb,154 ppb
2026-04-04 14:10:36,224 ppb,234 ppb,216 ppb,154 ppb
2026-04-04 14:40:48,218 ppb,229 ppb,209 ppb,150 ppb
2026-04-04 15:11:01,216 ppb,229 ppb,207 ppb,149 ppb
2026-04-04 15:41:14,227 ppb,239 ppb,219 ppb,156 ppb
2026-04-04 15:41:14,227 ppb,239 ppb,219 ppb,156 ppb
2026-04-04 15:41:14,227 ppb,239 ppb,219 ppb,156 ppb
2026-04-04 16:11:27,227 ppb,243 ppb,214 ppb,156 ppb
2026-04-04 16:11:27,227 ppb,243 ppb,214 ppb,156 ppb
2026-04-04 16:41:46,222 ppb,237 ppb,212 ppb,153 ppb
2026-04-04 17:11:57,213 ppb,225 ppb,204 ppb,146 ppb
2026-04-04 17:11:57,213 ppb,225 ppb,204 ppb,146 ppb
2026-04-04 17:42:04,202 ppb,210 ppb,193 ppb,139 ppb
2026-04-04 17:42:04,202 ppb,210 ppb,193 ppb,139 ppb
2026-04-04 18:12:10,205 ppb,213 ppb,200 ppb,141 ppb
2026-04-04 18:42:16,206 ppb,211 ppb,201 ppb,142 ppb
2026-04-04 19:12:22,184 ppb,206 ppb,165 ppb,127 ppb
2026-04-04 19:42:28,168 ppb,174 ppb,161 ppb,116 ppb
2026-04-04 19:42:28,168 ppb,174 ppb,161 ppb,116 ppb
2026-04-04 19:42:28,168 ppb,174 ppb,161 ppb,116 ppb
2026-04-04 20:12:34,168 ppb,175 ppb,162 ppb,116 ppb
2026-04-04 20:42:41,174 ppb,182 ppb,169 ppb,120 ppb
2026-04-04 21:12:47,174 ppb,178 ppb,166 ppb,120 ppb
2026-04-04 21:12:47,174 ppb,178 ppb,166 ppb,120 ppb
2026-04-04 21:12:47,174 ppb,178 ppb,166 ppb,120 ppb
2026-04-04 21:42:53,174 ppb,186 ppb,166 ppb,120 ppb
2026-04-04 21:42:53,174 ppb,186 ppb,166 ppb,120 ppb
2026-04-04 21:42:53,174 ppb,186 ppb,166 ppb,120 ppb
2026-04-04 22:13:00,181 ppb,190 ppb,171 ppb,125 ppb
2026-04-04 22:43:06,185 ppb,203 ppb,169 ppb,128 ppb
2026-04-04 23:13:12,200 ppb,207 ppb,191 ppb,138 ppb
2026-04-04 23:13:12,200 ppb,207 ppb,191 ppb,138 ppb
2026-04-04 23:43:18,184 ppb,192 ppb,178 ppb,127 ppb
2026-04-04 23:43:18,184 ppb,192 ppb,178 ppb,127 ppb
2026-04-04 23:43:18,184 ppb,192 ppb,178 ppb,127 ppb
2026-04-05 00:13:24,179 ppb,190 ppb,172 ppb,123 ppb
2026-04-05 00:13:24,179 ppb,190 ppb,172 ppb,123 ppb
2026-04-05 00:43:30,192 ppb,200 ppb,183 ppb,132 ppb
2026-04-05 01:13:37,204 ppb,221 ppb,174 ppb,141 ppb
2026-04-05 01:43:43,218 ppb,227 ppb,210 ppb,150 ppb
2026-04-05 01:43:43,218 ppb,227 ppb,210 ppb,150 ppb
2026-04-05 01:43:43,218 ppb,227 ppb,210 ppb,150 ppb
2026-04-05 02:13:49,215 ppb,230 ppb,201 ppb,148 ppb
2026-04-05 02:43:55,202 ppb,209 ppb,197 ppb,139 ppb
2026-04-05 03:14:07,208 ppb,226 ppb,192 ppb,143 ppb
2026-04-05 04:14:20,212 ppb,220 ppb,207 ppb,146 ppb
2026-04-05 04:14:20,212 ppb,220 ppb,207 ppb,146 ppb
2026-04-05 05:14:32,202 ppb,213 ppb,195 ppb,139 ppb
2026-04-05 05:14:32,202 ppb,213 ppb,195 ppb,139 ppb
2026-04-05 05:44:38,199 ppb,214 ppb,181 ppb,137 ppb
2026-04-05 06:14:44,186 ppb,197 ppb,178 ppb,128 ppb
2026-04-05 06:44:51,188 ppb,193 ppb,179 ppb,130 ppb
2026-04-05 06:44:51,188 ppb,193 ppb,179 ppb,130 ppb
2026-04-05 06:44:51,188 ppb,193 ppb,179 ppb,130 ppb
2026-04-05 07:14:57,194 ppb,206 ppb,184 ppb,134 ppb
2026-04-05 07:45:03,192 ppb,202 ppb,185 ppb,133 ppb
2026-04-05 07:45:03,192 ppb,202 ppb,185 ppb,133 ppb
2026-04-05 08:15:09,187 ppb,198 ppb,180 ppb,129 ppb
2026-04-05 08:45:27,177 ppb,184 ppb,173 ppb,122 ppb
2026-04-05 09:15:39,185 ppb,195 ppb,179 ppb,128 ppb
2026-04-05 09:45:53,211 ppb,249 ppb,190 ppb,146 ppb
2026-04-05 10:16:05,242 ppb,263 ppb,231 ppb,167 ppb
2026-04-05 10:46:18,251 ppb,264 ppb,237 ppb,173 ppb
2026-04-05 11:16:36,245 ppb,260 ppb,231 ppb,169 ppb
2026-04-05 11:16:36,245 ppb,260 ppb,231 ppb,169 ppb
2026-04-05 11:46:43,239 ppb,256 ppb,222 ppb,165 ppb
2026-04-05 12:16:49,238 ppb,256 ppb,217 ppb,164 ppb
2026-04-05 12:46:55,225 ppb,267 ppb,210 ppb,155 ppb
2026-04-05 13:17:01,220 ppb,239 ppb,212 ppb,151 ppb
2026-04-05 13:47:08,228 ppb,240 ppb,220 ppb,157 ppb
2026-04-05 14:17:14,240 ppb,262 ppb,227 ppb,165 ppb
2026-04-05 14:47:20,253 ppb,268 ppb,241 ppb,174 ppb
2026-04-05 14:47:20,253 ppb,268 ppb,241 ppb,174 ppb
2026-04-05 15:17:26,248 ppb,261 ppb,233 ppb,170 ppb
2026-04-05 15:17:26,248 ppb,261 ppb,233 ppb,170 ppb
2026-04-05 15:47:33,254 ppb,269 ppb,242 ppb,174 ppb
2026-04-05 16:17:39,256 ppb,274 ppb,243 ppb,175 ppb
2026-04-05 16:47:45,235 ppb,261 ppb,213 ppb,161 ppb
2026-04-05 17:17:57,213 ppb,233 ppb,204 ppb,146 ppb
2026-04-05 17:17:57,213 ppb,233 ppb,204 ppb,146 ppb
2026-04-05 17:48:03,203 ppb,217 ppb,195 ppb,139 ppb
2026-04-05 17:48:03,203 ppb,217 ppb,195 ppb,139 ppb
2026-04-05 18:18:09,200 ppb,220 ppb,180 ppb,137 ppb
2026-04-05 18:48:15,145 ppb,185 ppb,124 ppb,99 ppb
2026-04-05 18:48:15,145 ppb,185 ppb,124 ppb,99 ppb
2026-04-05 19:18:22,127 ppb,131 ppb,119 ppb,87 ppb
2026-04-05 19:48:28,137 ppb,146 ppb,128 ppb,94 ppb
2026-04-05 19:48:28,137 ppb,146 ppb,128 ppb,94 ppb
2026-04-05 20:18:39,151 ppb,161 ppb,136 ppb,104 ppb
2026-04-05 20:48:46,157 ppb,161 ppb,152 ppb,108 ppb
2026-04-05 20:48:46,157 ppb,161 ppb,152 ppb,108 ppb
2026-04-05 21:18:52,157 ppb,164 ppb,154 ppb,108 ppb
2026-04-05 21:48:58,160 ppb,164 ppb,156 ppb,110 ppb
2026-04-05 21:48:58,160 ppb,164 ppb,156 ppb,110 ppb
2026-04-05 22:19:04,174 ppb,190 ppb,160 ppb,120 ppb
2026-04-05 22:49:11,188 ppb,199 ppb,175 ppb,129 ppb
2026-04-05 23:19:17,189 ppb,208 ppb,179 ppb,130 ppb
2026-04-05 23:49:23,208 ppb,219 ppb,196 ppb,143 ppb
2026-04-05 23:49:23,208 ppb,219 ppb,196 ppb,143 ppb
2026-04-06 00:19:29,227 ppb,240 ppb,210 ppb,156 ppb
2026-04-06 00:19:29,227 ppb,240 ppb,210 ppb,156 ppb
2026-04-06 00:49:35,227 ppb,234 ppb,219 ppb,156 ppb
2026-04-06 01:19:42,211 ppb,220 ppb,202 ppb,145 ppb
2026-04-06 01:49:48,193 ppb,205 ppb,175 ppb,133 ppb
2026-04-06 02:19:54,173 ppb,182 ppb,167 ppb,119 ppb
2026-04-06 02:50:00,164 ppb,170 ppb,161 ppb,113 ppb
2026-04-06 02:50:00,164 ppb,170 ppb,161 ppb,113 ppb
2026-04-06 02:50:00,164 ppb,170 ppb,161 ppb,113 ppb
2026-04-06 03:20:07,163 ppb,172 ppb,156 ppb,112 ppb
2026-04-06 03:50:13,158 ppb,164 ppb,148 ppb,109 ppb
2026-04-06 04:20:19,151 ppb,158 ppb,144 ppb,104 ppb
2026-04-06 04:50:25,142 ppb,146 ppb,137 ppb,98 ppb
2026-04-06 04:50:25,142 ppb,146 ppb,137 ppb,98 ppb
2026-04-06 05:20:31,129 ppb,138 ppb,124 ppb,89 ppb
2026-04-06 05:50:49,117 ppb,125 ppb,110 ppb,81 ppb
2026-04-06 06:20:55,111 ppb,114 ppb,107 ppb,77 ppb
2026-04-06 06:51:01,113 ppb,118 ppb,106 ppb,78 ppb
2026-04-06 07:21:07,116 ppb,120 ppb,112 ppb,80 ppb
2026-04-06 07:51:14,111 ppb,121 ppb,95 ppb,77 ppb
2026-04-06 08:21:20,97 ppb,115 ppb,82 ppb,67 ppb
2026-04-06 08:51:26,70 ppb,88 ppb,46 ppb,48 ppb
2026-04-06 09:21:32,53 ppb,64 ppb,43 ppb,37 ppb
2026-04-06 10:21:45,50 ppb,55 ppb,44 ppb,34 ppb
2026-04-06 10:51:51,82 ppb,107 ppb,50 ppb,57 ppb
2026-04-06 10:51:51,82 ppb,107 ppb,50 ppb,57 ppb
2026-04-06 11:21:57,113 ppb,140 ppb,89 ppb,78 ppb
2026-04-06 11:21:57,113 ppb,140 ppb,89 ppb,78 ppb
2026-04-06 11:52:03,122 ppb,183 ppb,96 ppb,84 ppb
2026-04-06 12:22:10,110 ppb,148 ppb,94 ppb,76 ppb
2026-04-06 12:52:16,119 ppb,156 ppb,96 ppb,82 ppb
2026-04-06 13:22:22,144 ppb,155 ppb,123 ppb,99 ppb
2026-04-06 13:52:28,149 ppb,167 ppb,120 ppb,102 ppb
2026-04-06 14:22:34,160 ppb,189 ppb,143 ppb,110 ppb
2026-04-06 14:52:41,178 ppb,201 ppb,162 ppb,122 ppb
2026-04-06 15:22:47,183 ppb,196 ppb,170 ppb,125 ppb
2026-04-06 15:52:59,183 ppb,197 ppb,164 ppb,125 ppb
2026-04-06 16:23:05,181 ppb,195 ppb,161 ppb,124 ppb
2026-04-06 16:23:05,181 ppb,195 ppb,161 ppb,124 ppb
2026-04-06 16:53:11,157 ppb,199 ppb,133 ppb,108 ppb
2026-04-06 16:53:11,157 ppb,199 ppb,133 ppb,108 ppb
2026-04-06 17:23:23,170 ppb,190 ppb,155 ppb,117 ppb
2026-04-06 18:23:36,189 ppb,210 ppb,178 ppb,130 ppb
2026-04-06 18:53:42,199 ppb,250 ppb,181 ppb,137 ppb
2026-04-06 19:23:48,171 ppb,189 ppb,159 ppb,117 ppb
2026-04-06 19:53:54,161 ppb,175 ppb,144 ppb,110 ppb
2026-04-06 20:24:00,124 ppb,158 ppb,99 ppb,85 ppb
2026-04-06 20:24:00,124 ppb,158 ppb,99 ppb,85 ppb
2026-04-06 20:54:06,118 ppb,146 ppb,105 ppb,81 ppb
2026-04-06 20:54:06,118 ppb,146 ppb,105 ppb,81 ppb
2026-04-06 21:54:19,110 ppb,122 ppb,99 ppb,76 ppb
2026-04-06 22:24:37,124 ppb,128 ppb,117 ppb,85 ppb
2026-04-06 22:54:43,128 ppb,136 ppb,120 ppb,88 ppb
2026-04-06 23:24:57,149 ppb,162 ppb,135 ppb,103 ppb
2026-04-06 23:55:09,140 ppb,152 ppb,133 ppb,96 ppb
2026-04-07 00:25:22,138 ppb,141 ppb,135 ppb,95 ppb
2026-04-07 00:55:42,130 ppb,137 ppb,125 ppb,89 ppb
2026-04-07 01:25:54,115 ppb,128 ppb,107 ppb,79 ppb
2026-04-07 01:56:05,106 ppb,111 ppb,100 ppb,73 ppb
2026-04-07 02:26:32,98 ppb,104 ppb,89 ppb,67 ppb
2026-04-07 02:56:45,93 ppb,104 ppb,82 ppb,64 ppb
2026-04-07 03:27:04,92 ppb,98 ppb,87 ppb,63 ppb
2026-04-07 03:57:16,83 ppb,91 ppb,73 ppb,57 ppb
2026-04-07 04:27:29,77 ppb,87 ppb,66 ppb,53 ppb
2026-04-07 04:57:42,77 ppb,84 ppb,72 ppb,53 ppb
2026-04-07 04:57:42,77 ppb,84 ppb,72 ppb,53 ppb
2026-04-07 05:27:54,78 ppb,85 ppb,62 ppb,54 ppb
2026-04-07 05:27:54,78 ppb,85 ppb,62 ppb,54 ppb
2026-04-07 05:58:07,61 ppb,76 ppb,52 ppb,42 ppb
2026-04-07 06:28:19,55 ppb,65 ppb,42 ppb,38 ppb
2026-04-07 06:58:25,39 ppb,47 ppb,34 ppb,27 ppb
2026-04-07 07:28:32,34 ppb,46 ppb,4 ppb,23 ppb
2026-04-07 07:58:38,39 ppb,55 ppb,6 ppb,27 ppb
2026-04-07 08:28:44,37 ppb,48 ppb,16 ppb,26 ppb
2026-04-07 08:58:50,24 ppb,39 ppb,4 ppb,17 ppb
2026-04-07 08:58:50,24 ppb,39 ppb,4 ppb,17 ppb
2026-04-07 09:28:56,7 ppb,25 ppb,1 ppb,5 ppb
2026-04-07 09:59:03,14 ppb,29 ppb,1 ppb,10 ppb
2026-04-07 10:59:15,52 ppb,74 ppb,24 ppb,36 ppb
2026-04-07 11:29:21,99 ppb,135 ppb,73 ppb,68 ppb
2026-04-07 11:29:21,99 ppb,135 ppb,73 ppb,68 ppb
2026-04-07 11:59:28,124 ppb,177 ppb,98 ppb,85 ppb
2026-04-07 12:29:34,138 ppb,167 ppb,93 ppb,95 ppb
2026-04-07 12:59:40,163 ppb,176 ppb,140 ppb,112 ppb
2026-04-07 13:29:46,173 ppb,182 ppb,167 ppb,119 ppb
2026-04-07 13:59:53,174 ppb,188 ppb,166 ppb,119 ppb
2026-04-07 14:29:59,160 ppb,178 ppb,149 ppb,110 ppb
2026-04-07 15:00:05,185 ppb,204 ppb,165 ppb,127 ppb
2026-04-07 15:30:11,202 ppb,209 ppb,196 ppb,138 ppb
2026-04-07 16:00:17,199 ppb,210 ppb,190 ppb,136 ppb
2026-04-07 16:30:30,204 ppb,229 ppb,183 ppb,139 ppb
2026-04-07 17:00:36,170 ppb,214 ppb,107 ppb,116 ppb
2026-04-07 17:00:36,170 ppb,214 ppb,107 ppb,116 ppb
2026-04-07 17:00:36,170 ppb,214 ppb,107 ppb,116 ppb
2026-04-07 17:30:47,105 ppb,121 ppb,96 ppb,72 ppb
2026-04-07 18:00:54,101 ppb,109 ppb,72 ppb,69 ppb
2026-04-07 18:00:54,101 ppb,109 ppb,72 ppb,69 ppb
2026-04-07 18:31:00,109 ppb,120 ppb,97 ppb,75 ppb
2026-04-07 19:31:12,106 ppb,113 ppb,94 ppb,73 ppb
2026-04-07 20:01:18,121 ppb,135 ppb,102 ppb,83 ppb
2026-04-07 20:31:25,142 ppb,147 ppb,130 ppb,98 ppb
2026-04-07 21:01:31,154 ppb,163 ppb,143 ppb,106 ppb
2026-04-07 21:31:37,149 ppb,156 ppb,142 ppb,103 ppb
2026-04-07 22:01:43,148 ppb,153 ppb,138 ppb,102 ppb
2026-04-07 22:31:50,151 ppb,154 ppb,147 ppb,104 ppb
2026-04-07 22:31:50,151 ppb,154 ppb,147 ppb,104 ppb
2026-04-07 23:01:56,157 ppb,164 ppb,151 ppb,108 ppb
2026-04-07 23:32:02,156 ppb,164 ppb,148 ppb,108 ppb
2026-04-08 00:02:08,145 ppb,149 ppb,140 ppb,100 ppb
2026-04-08 00:32:14,141 ppb,149 ppb,133 ppb,97 ppb
2026-04-08 01:02:20,144 ppb,150 ppb,139 ppb,99 ppb
2026-04-08 01:32:27,139 ppb,145 ppb,133 ppb,96 ppb
2026-04-08 01:32:27,139 ppb,145 ppb,133 ppb,96 ppb
2026-04-08 02:02:38,134 ppb,150 ppb,116 ppb,92 ppb
2026-04-08 02:02:38,134 ppb,150 ppb,116 ppb,92 ppb
2026-04-08 02:32:45,153 ppb,162 ppb,142 ppb,106 ppb
2026-04-08 03:02:51,164 ppb,169 ppb,161 ppb,113 ppb
2026-04-08 03:32:57,162 ppb,167 ppb,155 ppb,112 ppb
2026-04-08 04:03:03,136 ppb,160 ppb,126 ppb,94 ppb
2026-04-08 04:33:10,123 ppb,128 ppb,119 ppb,85 ppb
2026-04-08 05:03:16,126 ppb,135 ppb,121 ppb,87 ppb
2026-04-08 05:03:16,126 ppb,135 ppb,121 ppb,87 ppb
2026-04-08 05:33:22,118 ppb,133 ppb,104 ppb,82 ppb
2026-04-08 05:33:22,118 ppb,133 ppb,104 ppb,82 ppb
2026-04-08 06:03:28,115 ppb,119 ppb,112 ppb,80 ppb
2026-04-08 06:33:35,110 ppb,115 ppb,106 ppb,76 ppb
2026-04-08 06:33:35,110 ppb,115 ppb,106 ppb,76 ppb
2026-04-08 07:33:47,68 ppb,83 ppb,45 ppb,47 ppb
2026-04-08 08:03:53,64 ppb,71 ppb,60 ppb,44 ppb
2026-04-08 08:03:53,64 ppb,71 ppb,60 ppb,44 ppb
2026-04-08 08:33:59,72 ppb,78 ppb,69 ppb,50 ppb
2026-04-08 09:04:06,79 ppb,84 ppb,75 ppb,55 ppb
2026-04-08 09:04:06,79 ppb,84 ppb,75 ppb,55 ppb
2026-04-08 09:34:12,90 ppb,99 ppb,83 ppb,62 ppb
2026-04-08 10:34:24,104 ppb,110 ppb,99 ppb,72 ppb
2026-04-08 10:34:24,104 ppb,110 ppb,99 ppb,72 ppb
2026-04-08 10:34:24,104 ppb,110 ppb,99 ppb,72 ppb
2026-04-08 11:04:42,93 ppb,105 ppb,85 ppb,65 ppb
2026-04-08 11:34:55,87 ppb,92 ppb,79 ppb,60 ppb
2026-04-08 11:34:55,87 ppb,92 ppb,79 ppb,60 ppb
2026-04-08 12:05:07,81 ppb,85 ppb,75 ppb,56 ppb
2026-04-08 12:35:20,76 ppb,86 ppb,66 ppb,53 ppb
2026-04-08 13:05:33,54 ppb,60 ppb,49 ppb,37 ppb
2026-04-08 13:35:52,58 ppb,81 ppb,40 ppb,40 ppb
2026-04-08 14:05:58,87 ppb,108 ppb,69 ppb,60 ppb
2026-04-08 14:36:04,86 ppb,114 ppb,64 ppb,59 ppb
2026-04-08 15:06:10,111 ppb,122 ppb,105 ppb,77 ppb
2026-04-08 15:06:10,111 ppb,122 ppb,105 ppb,77 ppb
2026-04-08 15:36:17,88 ppb,114 ppb,60 ppb,61 ppb
2026-04-08 16:06:23,86 ppb,100 ppb,67 ppb,59 ppb
2026-04-08 17:06:35,105 ppb,111 ppb,97 ppb,73 ppb
2026-04-08 18:06:53,63 ppb,66 ppb,61 ppb,44 ppb
2026-04-08 18:37:05,59 ppb,63 ppb,56 ppb,41 ppb
2026-04-08 19:07:18,54 ppb,60 ppb,50 ppb,37 ppb
2026-04-08 19:37:31,52 ppb,58 ppb,48 ppb,36 ppb
2026-04-08 20:07:51,57 ppb,60 ppb,55 ppb,40 ppb
2026-04-08 20:07:51,57 ppb,60 ppb,55 ppb,40 ppb
2026-04-08 20:37:57,61 ppb,64 ppb,58 ppb,42 ppb
2026-04-08 21:38:21,76 ppb,80 ppb,70 ppb,53 ppb
2026-04-08 22:08:27,69 ppb,76 ppb,62 ppb,48 ppb
2026-04-08 22:38:34,58 ppb,63 ppb,55 ppb,40 ppb
2026-04-08 23:38:46,57 ppb,62 ppb,54 ppb,40 ppb
2026-04-08 23:38:46,57 ppb,62 ppb,54 ppb,40 ppb
2026-04-09 00:08:52,58 ppb,62 ppb,56 ppb,40 ppb
2026-04-09 00:08:52,58 ppb,62 ppb,56 ppb,40 ppb
2026-04-09 00:38:59,58 ppb,60 ppb,55 ppb,40 ppb
2026-04-09 01:09:05,59 ppb,61 ppb,56 ppb,41 ppb
2026-04-09 01:09:05,59 ppb,61 ppb,56 ppb,41 ppb
2026-04-09 01:09:05,59 ppb,61 ppb,56 ppb,41 ppb
2026-04-09 01:39:11,57 ppb,60 ppb,55 ppb,40 ppb
2026-04-09 02:39:24,37 ppb,44 ppb,32 ppb,26 ppb
2026-04-09 03:09:35,27 ppb,33 ppb,21 ppb,19 ppb
2026-04-09 03:39:48,20 ppb,23 ppb,18 ppb,14 ppb
2026-04-09 04:10:08,14 ppb,20 ppb,1 ppb,10 ppb
2026-04-09 04:10:08,14 ppb,20 ppb,1 ppb,10 ppb
2026-04-09 04:40:14,4 ppb,9 ppb,1 ppb,3 ppb
2026-04-09 04:40:14,4 ppb,9 ppb,1 ppb,3 ppb
2026-04-09 05:10:27,9 ppb,11 ppb,6 ppb,6 ppb
2026-04-09 05:40:46,13 ppb,19 ppb,9 ppb,9 ppb
2026-04-09 06:10:51,23 ppb,26 ppb,19 ppb,16 ppb
2026-04-09 07:11:04,16 ppb,19 ppb,14 ppb,11 ppb
2026-04-09 07:41:10,6 ppb,15 ppb,1 ppb,4 ppb
2026-04-09 08:11:16,4 ppb,10 ppb,1 ppb,3 ppb
2026-04-09 08:41:22,3 ppb,7 ppb,1 ppb,2 ppb
2026-04-09 09:11:29,4 ppb,12 ppb,1 ppb,3 ppb
2026-04-09 09:11:29,4 ppb,12 ppb,1 ppb,3 ppb