TIME,Pressão Média,Pressão Máxima,Pressão Mínima
2026-03-25 18:11:02,,,
2026-03-25 18:41:40,1013.77 hPa,1013.85 hPa,1013.68 hPa
2026-03-25 18:41:40,1013.77 hPa,1013.85 hPa,1013.68 hPa
2026-03-25 19:11:46,1014.22 hPa,1014.67 hPa,1013.79 hPa
2026-03-25 19:11:46,1014.22 hPa,1014.67 hPa,1013.79 hPa
2026-03-25 19:41:52,1014.82 hPa,1014.91 hPa,1014.70 hPa
2026-03-25 19:41:52,1014.82 hPa,1014.91 hPa,1014.70 hPa
2026-03-25 20:11:58,1014.91 hPa,1015.00 hPa,1014.83 hPa
2026-03-25 20:11:58,1014.91 hPa,1015.00 hPa,1014.83 hPa
2026-03-25 20:42:04,1015.05 hPa,1015.15 hPa,1014.97 hPa
2026-03-25 21:12:10,1015.28 hPa,1015.47 hPa,1015.05 hPa
2026-03-25 21:42:17,1015.57 hPa,1015.74 hPa,1015.45 hPa
2026-03-25 21:42:17,1015.57 hPa,1015.74 hPa,1015.45 hPa
2026-03-25 22:12:23,1015.71 hPa,1015.92 hPa,1015.58 hPa
2026-03-25 22:42:29,1015.87 hPa,1015.96 hPa,1015.80 hPa
2026-03-25 22:42:29,1015.87 hPa,1015.96 hPa,1015.80 hPa
2026-03-25 23:12:35,1016.04 hPa,1016.19 hPa,1015.90 hPa
2026-03-25 23:12:35,1016.04 hPa,1016.19 hPa,1015.90 hPa
2026-03-25 23:42:42,1015.72 hPa,1015.86 hPa,1015.64 hPa
2026-03-26 00:12:48,1016.16 hPa,1016.50 hPa,1015.68 hPa
2026-03-26 00:12:48,1016.16 hPa,1016.50 hPa,1015.68 hPa
2026-03-26 00:42:54,1015.50 hPa,1015.64 hPa,1015.39 hPa
2026-03-26 00:42:54,1015.50 hPa,1015.64 hPa,1015.39 hPa
2026-03-26 01:13:00,1015.53 hPa,1015.61 hPa,1015.46 hPa
2026-03-26 01:13:00,1015.53 hPa,1015.61 hPa,1015.46 hPa
2026-03-26 01:43:07,1015.71 hPa,1015.81 hPa,1015.60 hPa
2026-03-26 01:43:07,1015.71 hPa,1015.81 hPa,1015.60 hPa
2026-03-26 02:13:13,1015.45 hPa,1015.60 hPa,1015.23 hPa
2026-03-26 02:43:19,1015.44 hPa,1015.54 hPa,1015.37 hPa
2026-03-26 02:43:19,1015.44 hPa,1015.54 hPa,1015.37 hPa
2026-03-26 03:13:31,1015.48 hPa,1015.54 hPa,1015.43 hPa
2026-03-26 03:43:37,1015.28 hPa,1015.47 hPa,1015.15 hPa
2026-03-26 04:13:43,1015.12 hPa,1015.18 hPa,1015.07 hPa
2026-03-26 04:13:43,1015.12 hPa,1015.18 hPa,1015.07 hPa
2026-03-26 05:13:56,1014.93 hPa,1014.97 hPa,1014.91 hPa
2026-03-26 05:13:56,1014.93 hPa,1014.97 hPa,1014.91 hPa
2026-03-26 05:44:02,1014.94 hPa,1015.00 hPa,1014.89 hPa
2026-03-26 05:44:02,1014.94 hPa,1015.00 hPa,1014.89 hPa
2026-03-26 06:14:08,1015.06 hPa,1015.15 hPa,1014.92 hPa
2026-03-26 06:14:08,1015.06 hPa,1015.15 hPa,1014.92 hPa
2026-03-26 06:44:14,1015.29 hPa,1015.55 hPa,1015.14 hPa
2026-03-26 06:44:14,1015.29 hPa,1015.55 hPa,1015.14 hPa
2026-03-26 07:14:20,1015.78 hPa,1015.97 hPa,1015.58 hPa
2026-03-26 07:14:20,1015.78 hPa,1015.97 hPa,1015.58 hPa
2026-03-26 07:44:27,1016.09 hPa,1016.30 hPa,1015.93 hPa
2026-03-26 08:44:39,1016.89 hPa,1017.04 hPa,1016.70 hPa
2026-03-26 08:44:39,1016.89 hPa,1017.04 hPa,1016.70 hPa
2026-03-26 09:14:57,1017.27 hPa,1017.50 hPa,1017.03 hPa
2026-03-26 09:14:57,1017.27 hPa,1017.50 hPa,1017.03 hPa
2026-03-26 09:45:04,1017.50 hPa,1017.59 hPa,1017.44 hPa
2026-03-26 10:15:17,1017.59 hPa,1017.66 hPa,1017.52 hPa
2026-03-26 10:45:30,1017.62 hPa,1017.69 hPa,1017.56 hPa
2026-03-26 11:15:43,1017.60 hPa,1017.66 hPa,1017.54 hPa
2026-03-26 11:46:01,1017.51 hPa,1017.60 hPa,1017.45 hPa
2026-03-26 12:16:07,1017.42 hPa,1017.51 hPa,1017.29 hPa
2026-03-26 12:46:13,1017.18 hPa,1017.34 hPa,1016.97 hPa
2026-03-26 13:16:20,1016.75 hPa,1016.99 hPa,1016.63 hPa
2026-03-26 14:16:32,1016.14 hPa,1016.30 hPa,1015.99 hPa
2026-03-26 14:46:38,1015.77 hPa,1016.03 hPa,1015.49 hPa
2026-03-26 15:16:44,1015.35 hPa,1015.51 hPa,1015.19 hPa
2026-03-26 15:46:56,1014.95 hPa,1015.24 hPa,1014.70 hPa
2026-03-26 16:17:02,1014.45 hPa,1014.71 hPa,1014.24 hPa
2026-03-26 16:47:09,1014.21 hPa,1014.30 hPa,1014.11 hPa
2026-03-26 16:47:09,1014.21 hPa,1014.30 hPa,1014.11 hPa
2026-03-26 17:17:15,1014.21 hPa,1014.31 hPa,1014.09 hPa
2026-03-26 17:47:21,1014.05 hPa,1014.13 hPa,1013.96 hPa
2026-03-26 18:17:27,1014.22 hPa,1014.35 hPa,1014.11 hPa
2026-03-26 18:17:27,1014.22 hPa,1014.35 hPa,1014.11 hPa
2026-03-26 18:47:34,1014.44 hPa,1014.58 hPa,1014.32 hPa
2026-03-26 19:17:40,1014.69 hPa,1014.91 hPa,1014.56 hPa
2026-03-26 19:17:40,1014.69 hPa,1014.91 hPa,1014.56 hPa
2026-03-26 19:47:46,1015.04 hPa,1015.21 hPa,1014.90 hPa
2026-03-26 20:17:52,1015.40 hPa,1015.67 hPa,1015.18 hPa
2026-03-26 21:18:04,1015.96 hPa,1016.05 hPa,1015.87 hPa
2026-03-26 21:18:04,1015.96 hPa,1016.05 hPa,1015.87 hPa
2026-03-26 21:48:11,1016.24 hPa,1016.35 hPa,1016.09 hPa
2026-03-26 21:48:11,1016.24 hPa,1016.35 hPa,1016.09 hPa
2026-03-26 22:18:17,1016.46 hPa,1016.55 hPa,1016.37 hPa
2026-03-26 22:18:17,1016.46 hPa,1016.55 hPa,1016.37 hPa
2026-03-26 22:48:23,1016.50 hPa,1016.56 hPa,1016.45 hPa
2026-03-26 22:48:23,1016.50 hPa,1016.56 hPa,1016.45 hPa
2026-03-26 23:18:29,1016.45 hPa,1016.50 hPa,1016.41 hPa
2026-03-26 23:48:36,1016.39 hPa,1016.50 hPa,1016.28 hPa
2026-03-27 00:18:42,1016.28 hPa,1016.32 hPa,1016.25 hPa
2026-03-27 00:48:48,1016.23 hPa,1016.32 hPa,1016.15 hPa
2026-03-27 01:18:54,1016.23 hPa,1016.30 hPa,1016.19 hPa
2026-03-27 01:49:12,1016.20 hPa,1016.24 hPa,1016.16 hPa
2026-03-27 17:52:42,1016.25 hPa,1016.38 hPa,1016.07 hPa
2026-03-27 17:52:42,1016.25 hPa,1016.38 hPa,1016.07 hPa
2026-03-27 18:22:48,1015.96 hPa,1016.07 hPa,1015.80 hPa
2026-03-27 18:52:54,1015.79 hPa,1015.95 hPa,1015.72 hPa
2026-03-27 18:52:54,1015.79 hPa,1015.95 hPa,1015.72 hPa
2026-03-27 18:52:54,1015.79 hPa,1015.95 hPa,1015.72 hPa
2026-03-27 19:23:00,1016.06 hPa,1016.26 hPa,1015.92 hPa
2026-03-27 19:23:00,1016.06 hPa,1016.26 hPa,1015.92 hPa
2026-03-27 19:23:00,1016.06 hPa,1016.26 hPa,1015.92 hPa
2026-03-27 19:53:06,1016.49 hPa,1016.75 hPa,1016.27 hPa
2026-03-27 20:23:13,1016.92 hPa,1017.21 hPa,1016.75 hPa
2026-03-27 20:53:19,1017.40 hPa,1017.67 hPa,1017.18 hPa
2026-03-27 21:23:25,1017.76 hPa,1017.88 hPa,1017.68 hPa
2026-03-27 21:23:25,1017.76 hPa,1017.88 hPa,1017.68 hPa
2026-03-27 21:53:31,1018.00 hPa,1018.13 hPa,1017.89 hPa
2026-03-27 21:53:31,1018.00 hPa,1018.13 hPa,1017.89 hPa
2026-03-27 22:23:37,1018.17 hPa,1018.27 hPa,1018.12 hPa
2026-03-27 22:23:37,1018.17 hPa,1018.27 hPa,1018.12 hPa
2026-03-27 22:23:37,1018.17 hPa,1018.27 hPa,1018.12 hPa
2026-03-27 22:53:44,1018.33 hPa,1018.39 hPa,1018.26 hPa
2026-03-27 23:23:50,1018.38 hPa,1018.46 hPa,1018.32 hPa
2026-03-27 23:23:50,1018.38 hPa,1018.46 hPa,1018.32 hPa
2026-03-27 23:53:56,1018.31 hPa,1018.36 hPa,1018.26 hPa
2026-03-27 23:53:56,1018.31 hPa,1018.36 hPa,1018.26 hPa
2026-03-28 00:24:02,1018.22 hPa,1018.37 hPa,1018.12 hPa
2026-03-28 00:54:08,1018.15 hPa,1018.19 hPa,1018.10 hPa
2026-03-28 00:54:08,1018.15 hPa,1018.19 hPa,1018.10 hPa
2026-03-28 00:54:08,1018.15 hPa,1018.19 hPa,1018.10 hPa
2026-03-28 01:24:14,1018.02 hPa,1018.12 hPa,1017.95 hPa
2026-03-28 01:24:14,1018.02 hPa,1018.12 hPa,1017.95 hPa
2026-03-28 01:24:14,1018.02 hPa,1018.12 hPa,1017.95 hPa
2026-03-28 01:54:21,1017.86 hPa,1017.94 hPa,1017.80 hPa
2026-03-28 01:54:21,1017.86 hPa,1017.94 hPa,1017.80 hPa
2026-03-28 02:24:27,1017.79 hPa,1017.86 hPa,1017.72 hPa
2026-03-28 02:54:34,1017.77 hPa,1017.82 hPa,1017.72 hPa
2026-03-28 02:54:34,1017.77 hPa,1017.82 hPa,1017.72 hPa
2026-03-28 02:54:34,1017.77 hPa,1017.82 hPa,1017.72 hPa
2026-03-28 03:24:39,1017.70 hPa,1017.78 hPa,1017.63 hPa
2026-03-28 03:24:39,1017.70 hPa,1017.78 hPa,1017.63 hPa
2026-03-28 03:54:46,1017.55 hPa,1017.72 hPa,1017.45 hPa
2026-03-28 03:54:46,1017.55 hPa,1017.72 hPa,1017.45 hPa
2026-03-28 04:24:52,1017.40 hPa,1017.46 hPa,1017.35 hPa
2026-03-28 04:24:52,1017.40 hPa,1017.46 hPa,1017.35 hPa
2026-03-28 04:54:58,1017.41 hPa,1017.48 hPa,1017.37 hPa
2026-03-28 04:54:58,1017.41 hPa,1017.48 hPa,1017.37 hPa
2026-03-28 05:25:04,1017.66 hPa,1017.85 hPa,1017.48 hPa
2026-03-28 05:25:04,1017.66 hPa,1017.85 hPa,1017.48 hPa
2026-03-28 05:25:04,1017.66 hPa,1017.85 hPa,1017.48 hPa
2026-03-28 05:55:11,1018.04 hPa,1018.15 hPa,1017.85 hPa
2026-03-28 05:55:11,1018.04 hPa,1018.15 hPa,1017.85 hPa
2026-03-28 06:25:17,1018.30 hPa,1018.48 hPa,1018.14 hPa
2026-03-28 06:25:17,1018.30 hPa,1018.48 hPa,1018.14 hPa
2026-03-28 06:55:23,1018.56 hPa,1018.64 hPa,1018.47 hPa
2026-03-28 07:25:29,1018.74 hPa,1018.89 hPa,1018.56 hPa
2026-03-28 07:55:36,1019.20 hPa,1019.46 hPa,1018.88 hPa
2026-03-28 08:25:42,1019.66 hPa,1019.86 hPa,1019.44 hPa
2026-03-28 08:55:48,1020.15 hPa,1020.38 hPa,1019.86 hPa
2026-03-28 09:25:54,1020.50 hPa,1020.60 hPa,1020.39 hPa
2026-03-28 09:25:54,1020.50 hPa,1020.60 hPa,1020.39 hPa
2026-03-28 09:25:54,1020.50 hPa,1020.60 hPa,1020.39 hPa
2026-03-28 09:56:00,1020.72 hPa,1020.84 hPa,1020.55 hPa
2026-03-28 10:26:18,1020.72 hPa,1020.84 hPa,1020.67 hPa
2026-03-28 10:56:24,1020.65 hPa,1020.77 hPa,1020.59 hPa
2026-03-28 11:26:31,1020.63 hPa,1020.74 hPa,1020.56 hPa
2026-03-28 11:56:37,1020.55 hPa,1020.63 hPa,1020.47 hPa
2026-03-28 11:56:37,1020.55 hPa,1020.63 hPa,1020.47 hPa
2026-03-28 12:26:43,1020.39 hPa,1020.52 hPa,1020.20 hPa
2026-03-28 12:56:49,1020.03 hPa,1020.23 hPa,1019.91 hPa
2026-03-28 12:56:49,1020.03 hPa,1020.23 hPa,1019.91 hPa
2026-03-28 13:26:56,1019.77 hPa,1019.96 hPa,1019.58 hPa
2026-03-28 13:57:01,1019.42 hPa,1019.64 hPa,1019.23 hPa
2026-03-28 14:27:08,1019.03 hPa,1019.24 hPa,1018.86 hPa
2026-03-28 14:27:08,1019.03 hPa,1019.24 hPa,1018.86 hPa
2026-03-28 15:27:20,1018.62 hPa,1018.68 hPa,1018.56 hPa
2026-03-28 15:57:32,1018.39 hPa,1018.59 hPa,1018.26 hPa
2026-03-28 15:57:32,1018.39 hPa,1018.59 hPa,1018.26 hPa
2026-03-28 16:27:38,1018.19 hPa,1018.32 hPa,1018.07 hPa
2026-03-28 16:27:38,1018.19 hPa,1018.32 hPa,1018.07 hPa
2026-03-28 16:57:44,1017.99 hPa,1018.07 hPa,1017.92 hPa
2026-03-28 16:57:44,1017.99 hPa,1018.07 hPa,1017.92 hPa
2026-03-28 17:27:51,1017.94 hPa,1018.03 hPa,1017.89 hPa
2026-03-28 17:57:57,1017.93 hPa,1017.99 hPa,1017.88 hPa
2026-03-28 18:28:03,1017.85 hPa,1017.94 hPa,1017.80 hPa
2026-03-28 18:28:03,1017.85 hPa,1017.94 hPa,1017.80 hPa
2026-03-28 19:28:15,1018.06 hPa,1018.17 hPa,1017.97 hPa
2026-03-28 19:58:21,1018.25 hPa,1018.34 hPa,1018.16 hPa
2026-03-28 20:28:33,1018.41 hPa,1018.52 hPa,1018.33 hPa
2026-03-28 20:28:33,1018.41 hPa,1018.52 hPa,1018.33 hPa
2026-03-28 20:58:40,1018.69 hPa,1018.85 hPa,1018.53 hPa
2026-03-28 21:28:46,1018.86 hPa,1018.96 hPa,1018.80 hPa
2026-03-28 21:58:52,1018.97 hPa,1019.02 hPa,1018.93 hPa
2026-03-28 21:58:52,1018.97 hPa,1019.02 hPa,1018.93 hPa
2026-03-28 21:58:52,1018.97 hPa,1019.02 hPa,1018.93 hPa
2026-03-28 22:28:58,1019.02 hPa,1019.10 hPa,1018.98 hPa
2026-03-28 22:59:04,1019.06 hPa,1019.13 hPa,1019.01 hPa
2026-03-28 22:59:04,1019.06 hPa,1019.13 hPa,1019.01 hPa
2026-03-28 22:59:04,1019.06 hPa,1019.13 hPa,1019.01 hPa
2026-03-28 23:29:11,1019.01 hPa,1019.06 hPa,1018.93 hPa
2026-03-28 23:59:17,1018.96 hPa,1019.03 hPa,1018.92 hPa
2026-03-29 00:29:23,1018.96 hPa,1019.03 hPa,1018.91 hPa
2026-03-29 00:59:29,1018.84 hPa,1018.90 hPa,1018.71 hPa
2026-03-29 01:29:36,1018.66 hPa,1018.74 hPa,1018.56 hPa
2026-03-29 01:29:36,1018.66 hPa,1018.74 hPa,1018.56 hPa
2026-03-29 01:29:36,1018.66 hPa,1018.74 hPa,1018.56 hPa
2026-03-29 01:59:42,1018.43 hPa,1018.55 hPa,1018.36 hPa
2026-03-29 02:29:48,1018.25 hPa,1018.37 hPa,1018.15 hPa
2026-03-29 02:59:54,1018.03 hPa,1018.15 hPa,1017.89 hPa
2026-03-29 02:59:54,1018.03 hPa,1018.15 hPa,1017.89 hPa
2026-03-29 03:30:00,1017.97 hPa,1018.01 hPa,1017.89 hPa
2026-03-29 04:00:07,1017.89 hPa,1017.94 hPa,1017.86 hPa
2026-03-29 04:30:13,1017.84 hPa,1017.93 hPa,1017.78 hPa
2026-03-29 04:30:13,1017.84 hPa,1017.93 hPa,1017.78 hPa
2026-03-29 05:00:19,1017.97 hPa,1018.08 hPa,1017.84 hPa
2026-03-29 05:30:25,1018.20 hPa,1018.35 hPa,1018.08 hPa
2026-03-29 06:00:37,1018.36 hPa,1018.43 hPa,1018.34 hPa
2026-03-29 06:00:37,1018.36 hPa,1018.43 hPa,1018.34 hPa
2026-03-29 06:30:43,1018.65 hPa,1018.81 hPa,1018.42 hPa
2026-03-29 07:00:49,1018.96 hPa,1019.16 hPa,1018.79 hPa
2026-03-29 07:30:56,1019.32 hPa,1019.48 hPa,1019.19 hPa
2026-03-29 08:01:02,1019.61 hPa,1019.84 hPa,1019.38 hPa
2026-03-29 08:31:08,1020.10 hPa,1020.32 hPa,1019.85 hPa
2026-03-29 09:01:14,1020.52 hPa,1020.64 hPa,1020.32 hPa
2026-03-29 09:31:20,1020.67 hPa,1020.75 hPa,1020.63 hPa
2026-03-29 10:01:27,1020.75 hPa,1020.80 hPa,1020.70 hPa
2026-03-29 10:31:33,1020.80 hPa,1020.87 hPa,1020.74 hPa
2026-03-29 10:31:33,1020.80 hPa,1020.87 hPa,1020.74 hPa
2026-03-29 11:01:39,1020.72 hPa,1020.84 hPa,1020.61 hPa
2026-03-29 11:01:39,1020.72 hPa,1020.84 hPa,1020.61 hPa
2026-03-29 11:31:45,1020.51 hPa,1020.63 hPa,1020.39 hPa
2026-03-29 12:01:51,1020.26 hPa,1020.45 hPa,1020.11 hPa
2026-03-29 12:31:58,1019.86 hPa,1020.10 hPa,1019.67 hPa
2026-03-29 13:32:10,1019.12 hPa,1019.32 hPa,1018.91 hPa
2026-03-29 14:02:16,1018.70 hPa,1018.92 hPa,1018.50 hPa
2026-03-29 14:02:16,1018.70 hPa,1018.92 hPa,1018.50 hPa
2026-03-29 14:32:23,1018.36 hPa,1018.56 hPa,1018.18 hPa
2026-03-29 15:02:29,1017.89 hPa,1018.15 hPa,1017.63 hPa
2026-03-29 15:32:35,1017.56 hPa,1017.67 hPa,1017.47 hPa
2026-03-29 15:32:35,1017.56 hPa,1017.67 hPa,1017.47 hPa
2026-03-29 15:32:35,1017.56 hPa,1017.67 hPa,1017.47 hPa
2026-03-29 16:02:52,1017.39 hPa,1017.53 hPa,1017.27 hPa
2026-03-29 16:32:58,1017.16 hPa,1017.26 hPa,1017.03 hPa
2026-03-29 17:33:11,1016.90 hPa,1016.97 hPa,1016.82 hPa
2026-03-29 18:03:17,1016.92 hPa,1016.96 hPa,1016.89 hPa
2026-03-29 18:03:17,1016.92 hPa,1016.96 hPa,1016.89 hPa
2026-03-29 18:33:23,1017.12 hPa,1017.27 hPa,1016.92 hPa
2026-03-29 19:03:30,1017.30 hPa,1017.36 hPa,1017.25 hPa
2026-03-29 19:33:36,1017.39 hPa,1017.48 hPa,1017.32 hPa
2026-03-29 19:33:36,1017.39 hPa,1017.48 hPa,1017.32 hPa
2026-03-29 20:03:42,1017.63 hPa,1017.84 hPa,1017.48 hPa
2026-03-29 20:33:48,1017.94 hPa,1018.06 hPa,1017.87 hPa
2026-03-29 21:03:54,1018.16 hPa,1018.28 hPa,1018.07 hPa
2026-03-29 21:34:01,1018.45 hPa,1018.62 hPa,1018.30 hPa
2026-03-29 22:04:07,1018.62 hPa,1018.67 hPa,1018.56 hPa
2026-03-29 22:34:13,1018.57 hPa,1018.61 hPa,1018.52 hPa
2026-03-29 23:04:19,1018.57 hPa,1018.59 hPa,1018.55 hPa
2026-03-29 23:34:26,1018.50 hPa,1018.59 hPa,1018.45 hPa
2026-03-29 23:34:26,1018.50 hPa,1018.59 hPa,1018.45 hPa
2026-03-30 00:34:38,1018.33 hPa,1018.44 hPa,1018.25 hPa
2026-03-30 01:04:50,1018.13 hPa,1018.30 hPa,1017.99 hPa
2026-03-30 01:35:03,1017.87 hPa,1018.00 hPa,1017.76 hPa
2026-03-30 02:05:16,1017.59 hPa,1017.76 hPa,1017.48 hPa
2026-03-30 02:05:16,1017.59 hPa,1017.76 hPa,1017.48 hPa
2026-03-30 02:35:28,1017.31 hPa,1017.47 hPa,1017.17 hPa
2026-03-30 02:35:28,1017.31 hPa,1017.47 hPa,1017.17 hPa
2026-03-30 03:05:48,1017.02 hPa,1017.18 hPa,1016.89 hPa
2026-03-30 03:36:00,1016.76 hPa,1016.92 hPa,1016.61 hPa
2026-03-30 04:36:12,1016.38 hPa,1016.45 hPa,1016.35 hPa
2026-03-30 05:06:18,1016.35 hPa,1016.40 hPa,1016.29 hPa
2026-03-30 05:36:25,1016.42 hPa,1016.49 hPa,1016.37 hPa
2026-03-30 06:06:31,1016.56 hPa,1016.66 hPa,1016.49 hPa
2026-03-30 06:06:31,1016.56 hPa,1016.66 hPa,1016.49 hPa
2026-03-30 06:36:37,1016.71 hPa,1016.80 hPa,1016.66 hPa
2026-03-30 07:06:43,1016.97 hPa,1017.19 hPa,1016.82 hPa
2026-03-30 07:36:49,1017.32 hPa,1017.46 hPa,1017.15 hPa
2026-03-30 07:36:49,1017.32 hPa,1017.46 hPa,1017.15 hPa
2026-03-30 08:06:56,1017.60 hPa,1017.71 hPa,1017.48 hPa
2026-03-30 08:37:02,1017.80 hPa,1017.90 hPa,1017.69 hPa
2026-03-30 08:37:02,1017.80 hPa,1017.90 hPa,1017.69 hPa
2026-03-30 09:07:08,1017.89 hPa,1017.95 hPa,1017.86 hPa
2026-03-30 09:37:14,1017.98 hPa,1018.08 hPa,1017.89 hPa
2026-03-30 09:37:14,1017.98 hPa,1018.08 hPa,1017.89 hPa
2026-03-30 09:37:14,1017.98 hPa,1018.08 hPa,1017.89 hPa
2026-03-30 10:07:21,1017.92 hPa,1018.03 hPa,1017.86 hPa
2026-03-30 11:07:33,1017.71 hPa,1017.80 hPa,1017.63 hPa
2026-03-30 11:37:45,1017.54 hPa,1017.64 hPa,1017.44 hPa
2026-03-30 12:07:58,1017.26 hPa,1017.48 hPa,1017.01 hPa
2026-03-30 12:38:11,1016.88 hPa,1017.06 hPa,1016.69 hPa
2026-03-30 13:08:23,1016.50 hPa,1016.72 hPa,1016.26 hPa
2026-03-30 13:38:36,1016.08 hPa,1016.27 hPa,1015.88 hPa
2026-03-30 13:38:36,1016.08 hPa,1016.27 hPa,1015.88 hPa
2026-03-30 14:08:48,1015.67 hPa,1015.89 hPa,1015.46 hPa
2026-03-30 15:09:01,1014.72 hPa,1014.99 hPa,1014.49 hPa
2026-03-30 16:09:13,1013.92 hPa,1014.17 hPa,1013.73 hPa
2026-03-30 16:09:13,1013.92 hPa,1014.17 hPa,1013.73 hPa
2026-03-30 16:39:25,1013.62 hPa,1013.72 hPa,1013.55 hPa
2026-03-30 17:09:31,1013.65 hPa,1013.71 hPa,1013.60 hPa
2026-03-30 17:09:31,1013.65 hPa,1013.71 hPa,1013.60 hPa
2026-03-30 17:09:31,1013.65 hPa,1013.71 hPa,1013.60 hPa
2026-03-30 17:39:37,1013.64 hPa,1013.69 hPa,1013.60 hPa
2026-03-30 17:39:37,1013.64 hPa,1013.69 hPa,1013.60 hPa
2026-03-30 17:39:37,1013.64 hPa,1013.69 hPa,1013.60 hPa
2026-03-30 18:09:43,1013.62 hPa,1013.66 hPa,1013.58 hPa
2026-03-30 18:39:50,1013.49 hPa,1013.60 hPa,1013.38 hPa
2026-03-30 19:10:01,1013.41 hPa,1013.45 hPa,1013.38 hPa
2026-03-30 19:40:14,1013.41 hPa,1013.46 hPa,1013.33 hPa
2026-03-30 20:10:27,1013.54 hPa,1013.71 hPa,1013.42 hPa
2026-03-30 20:40:40,1013.86 hPa,1014.01 hPa,1013.75 hPa
2026-03-30 21:10:53,1014.00 hPa,1014.06 hPa,1013.96 hPa
2026-03-30 21:10:53,1014.00 hPa,1014.06 hPa,1013.96 hPa
2026-03-30 21:41:05,1014.19 hPa,1014.26 hPa,1014.08 hPa
2026-03-30 22:11:16,1014.27 hPa,1014.33 hPa,1014.24 hPa
2026-03-30 22:41:36,1014.20 hPa,1014.24 hPa,1014.16 hPa
2026-03-30 23:11:56,1014.18 hPa,1014.23 hPa,1014.10 hPa
2026-03-30 23:42:15,1014.11 hPa,1014.21 hPa,1013.96 hPa
2026-03-31 00:12:34,1013.80 hPa,1013.95 hPa,1013.73 hPa
2026-03-31 00:12:34,1013.80 hPa,1013.95 hPa,1013.73 hPa
2026-03-31 11:47:20,1014.00 hPa,1014.15 hPa,1013.79 hPa
2026-03-31 12:47:33,1013.09 hPa,1013.44 hPa,1012.73 hPa
2026-03-31 12:47:33,1013.09 hPa,1013.44 hPa,1012.73 hPa
2026-03-31 12:47:33,1013.09 hPa,1013.44 hPa,1012.73 hPa
2026-03-31 13:17:39,1012.46 hPa,1012.74 hPa,1012.19 hPa
2026-03-31 13:17:39,1012.46 hPa,1012.74 hPa,1012.19 hPa
2026-03-31 13:17:39,1012.46 hPa,1012.74 hPa,1012.19 hPa
2026-03-31 13:47:45,1011.89 hPa,1012.13 hPa,1011.60 hPa
2026-03-31 13:47:45,1011.89 hPa,1012.13 hPa,1011.60 hPa
2026-03-31 14:17:51,1011.15 hPa,1011.55 hPa,1010.81 hPa
2026-03-31 14:17:51,1011.15 hPa,1011.55 hPa,1010.81 hPa
2026-03-31 14:47:57,1010.93 hPa,1011.20 hPa,1010.69 hPa
2026-03-31 14:47:57,1010.93 hPa,1011.20 hPa,1010.69 hPa
2026-03-31 15:18:04,1010.89 hPa,1011.24 hPa,1010.39 hPa
2026-03-31 15:18:04,1010.89 hPa,1011.24 hPa,1010.39 hPa
2026-03-31 15:18:04,1010.89 hPa,1011.24 hPa,1010.39 hPa
2026-03-31 15:48:10,1011.32 hPa,1011.46 hPa,1011.22 hPa
2026-03-31 15:48:10,1011.32 hPa,1011.46 hPa,1011.22 hPa
2026-03-31 16:18:16,1011.20 hPa,1011.33 hPa,1011.00 hPa
2026-03-31 16:18:16,1011.20 hPa,1011.33 hPa,1011.00 hPa
2026-03-31 16:48:28,1011.26 hPa,1011.41 hPa,1011.00 hPa
2026-03-31 16:48:28,1011.26 hPa,1011.41 hPa,1011.00 hPa
2026-03-31 16:48:28,1011.26 hPa,1011.41 hPa,1011.00 hPa
2026-03-31 17:18:34,1010.59 hPa,1010.95 hPa,1010.30 hPa
2026-03-31 18:18:47,1011.22 hPa,1011.57 hPa,1010.83 hPa
2026-03-31 18:18:47,1011.22 hPa,1011.57 hPa,1010.83 hPa
2026-03-31 18:48:53,1012.30 hPa,1012.93 hPa,1011.58 hPa
2026-03-31 18:48:53,1012.30 hPa,1012.93 hPa,1011.58 hPa
2026-03-31 19:19:04,1012.98 hPa,1013.26 hPa,1012.81 hPa
2026-03-31 19:19:04,1012.98 hPa,1013.26 hPa,1012.81 hPa
2026-03-31 19:49:11,1013.00 hPa,1013.29 hPa,1012.46 hPa
2026-03-31 19:49:11,1013.00 hPa,1013.29 hPa,1012.46 hPa
2026-03-31 19:49:11,1013.00 hPa,1013.29 hPa,1012.46 hPa
2026-03-31 20:19:17,1012.31 hPa,1012.61 hPa,1012.03 hPa
2026-03-31 20:19:17,1012.31 hPa,1012.61 hPa,1012.03 hPa
2026-03-31 20:49:23,1012.55 hPa,1012.76 hPa,1012.32 hPa
2026-03-31 20:49:23,1012.55 hPa,1012.76 hPa,1012.32 hPa
2026-03-31 21:19:29,1012.51 hPa,1012.61 hPa,1012.36 hPa
2026-03-31 21:19:29,1012.51 hPa,1012.61 hPa,1012.36 hPa
2026-03-31 22:49:48,1011.98 hPa,1012.04 hPa,1011.92 hPa
2026-03-31 23:19:54,1011.98 hPa,1012.07 hPa,1011.89 hPa
2026-03-31 23:50:00,1012.09 hPa,1012.23 hPa,1011.97 hPa
2026-03-31 23:50:00,1012.09 hPa,1012.23 hPa,1011.97 hPa
2026-03-31 23:50:00,1012.09 hPa,1012.23 hPa,1011.97 hPa
2026-04-01 00:20:07,1012.19 hPa,1012.28 hPa,1012.12 hPa
2026-04-01 00:20:07,1012.19 hPa,1012.28 hPa,1012.12 hPa
2026-04-01 00:50:25,1012.31 hPa,1012.53 hPa,1012.11 hPa
2026-04-01 00:50:25,1012.31 hPa,1012.53 hPa,1012.11 hPa
2026-04-01 01:20:31,1012.53 hPa,1012.64 hPa,1012.41 hPa
2026-04-01 01:20:31,1012.53 hPa,1012.64 hPa,1012.41 hPa
2026-04-01 01:50:44,1012.42 hPa,1012.54 hPa,1012.30 hPa
2026-04-01 01:50:44,1012.42 hPa,1012.54 hPa,1012.30 hPa
2026-04-01 02:21:04,1012.14 hPa,1012.31 hPa,1012.01 hPa
2026-04-01 02:21:04,1012.14 hPa,1012.31 hPa,1012.01 hPa
2026-04-01 02:51:10,1012.01 hPa,1012.10 hPa,1011.91 hPa
2026-04-01 02:51:10,1012.01 hPa,1012.10 hPa,1011.91 hPa
2026-04-01 03:21:23,1011.93 hPa,1012.02 hPa,1011.81 hPa
2026-04-01 04:21:46,1011.69 hPa,1011.76 hPa,1011.57 hPa
2026-04-01 04:51:52,1011.50 hPa,1011.60 hPa,1011.40 hPa
2026-04-01 05:21:59,1011.54 hPa,1011.71 hPa,1011.37 hPa
2026-04-01 05:21:59,1011.54 hPa,1011.71 hPa,1011.37 hPa
2026-04-01 05:52:05,1011.81 hPa,1011.92 hPa,1011.65 hPa
2026-04-01 06:22:11,1012.02 hPa,1012.12 hPa,1011.90 hPa
2026-04-01 06:22:11,1012.02 hPa,1012.12 hPa,1011.90 hPa
2026-04-01 07:22:24,1012.44 hPa,1012.63 hPa,1012.26 hPa
2026-04-01 07:52:30,1012.95 hPa,1013.26 hPa,1012.67 hPa
2026-04-01 07:52:30,1012.95 hPa,1013.26 hPa,1012.67 hPa
2026-04-01 08:22:36,1013.54 hPa,1013.69 hPa,1013.27 hPa
2026-04-01 09:22:48,1014.10 hPa,1014.19 hPa,1014.01 hPa
2026-04-01 09:53:00,1014.14 hPa,1014.27 hPa,1014.04 hPa
2026-04-01 10:23:13,1014.17 hPa,1014.27 hPa,1014.11 hPa
2026-04-01 10:53:26,1014.26 hPa,1014.39 hPa,1014.16 hPa
2026-04-01 11:23:39,1014.25 hPa,1014.42 hPa,1014.16 hPa
2026-04-01 11:23:39,1014.25 hPa,1014.42 hPa,1014.16 hPa
2026-04-01 11:23:39,1014.25 hPa,1014.42 hPa,1014.16 hPa
2026-04-01 11:53:52,1014.17 hPa,1014.26 hPa,1014.10 hPa
2026-04-01 12:24:03,1014.16 hPa,1014.25 hPa,1014.07 hPa
2026-04-01 12:54:10,1014.12 hPa,1014.19 hPa,1014.07 hPa
2026-04-01 12:54:10,1014.12 hPa,1014.19 hPa,1014.07 hPa
2026-04-01 13:24:16,1013.74 hPa,1014.12 hPa,1013.44 hPa
2026-04-01 13:54:22,1013.45 hPa,1013.59 hPa,1013.16 hPa
2026-04-01 13:54:22,1013.45 hPa,1013.59 hPa,1013.16 hPa
2026-04-01 13:54:22,1013.45 hPa,1013.59 hPa,1013.16 hPa
2026-04-01 14:24:28,1012.94 hPa,1013.14 hPa,1012.66 hPa
2026-04-01 14:54:35,1012.25 hPa,1012.65 hPa,1011.92 hPa
2026-04-01 14:54:35,1012.25 hPa,1012.65 hPa,1011.92 hPa
2026-04-01 15:24:41,1011.72 hPa,1011.86 hPa,1011.64 hPa
2026-04-01 15:24:41,1011.72 hPa,1011.86 hPa,1011.64 hPa
2026-04-01 15:24:41,1011.72 hPa,1011.86 hPa,1011.64 hPa
2026-04-01 15:54:47,1011.43 hPa,1011.66 hPa,1011.23 hPa
2026-04-01 16:24:53,1011.12 hPa,1011.24 hPa,1011.06 hPa
2026-04-01 16:55:05,1011.15 hPa,1011.38 hPa,1011.05 hPa
2026-04-01 17:25:11,1011.48 hPa,1011.59 hPa,1011.38 hPa
2026-04-01 17:55:17,1011.62 hPa,1011.68 hPa,1011.56 hPa
2026-04-01 18:25:23,1011.57 hPa,1011.65 hPa,1011.51 hPa
2026-04-01 18:55:30,1011.75 hPa,1012.04 hPa,1011.54 hPa
2026-04-01 19:25:36,1012.18 hPa,1012.38 hPa,1011.99 hPa
2026-04-01 19:55:42,1012.48 hPa,1012.68 hPa,1012.37 hPa
2026-04-01 20:25:49,1012.74 hPa,1012.86 hPa,1012.63 hPa
2026-04-01 20:55:55,1013.00 hPa,1013.10 hPa,1012.86 hPa
2026-04-01 21:26:07,1013.31 hPa,1013.49 hPa,1013.06 hPa
2026-04-01 21:56:13,1013.67 hPa,1013.84 hPa,1013.50 hPa
2026-04-01 21:56:13,1013.67 hPa,1013.84 hPa,1013.50 hPa
2026-04-01 22:26:19,1013.96 hPa,1014.03 hPa,1013.87 hPa
2026-04-01 23:26:31,1013.98 hPa,1014.06 hPa,1013.92 hPa
2026-04-01 23:56:38,1013.84 hPa,1014.03 hPa,1013.73 hPa
2026-04-02 00:26:44,1013.71 hPa,1013.82 hPa,1013.63 hPa
2026-04-02 00:26:44,1013.71 hPa,1013.82 hPa,1013.63 hPa
2026-04-02 00:56:50,1013.76 hPa,1013.83 hPa,1013.65 hPa
2026-04-02 01:26:56,1013.57 hPa,1013.75 hPa,1013.37 hPa
2026-04-02 01:26:56,1013.57 hPa,1013.75 hPa,1013.37 hPa
2026-04-02 01:57:03,1013.31 hPa,1013.41 hPa,1013.13 hPa
2026-04-02 01:57:03,1013.31 hPa,1013.41 hPa,1013.13 hPa
2026-04-02 02:27:09,1013.09 hPa,1013.18 hPa,1013.03 hPa
2026-04-02 02:27:09,1013.09 hPa,1013.18 hPa,1013.03 hPa
2026-04-02 02:57:15,1013.11 hPa,1013.23 hPa,1013.04 hPa
2026-04-02 03:27:21,1013.23 hPa,1013.30 hPa,1013.18 hPa
2026-04-02 03:57:27,1013.34 hPa,1013.47 hPa,1013.24 hPa
2026-04-02 03:57:27,1013.34 hPa,1013.47 hPa,1013.24 hPa
2026-04-02 04:27:34,1013.56 hPa,1013.66 hPa,1013.48 hPa
2026-04-02 04:57:40,1013.41 hPa,1013.48 hPa,1013.33 hPa
2026-04-02 05:27:46,1013.60 hPa,1013.67 hPa,1013.51 hPa
2026-04-02 05:57:52,1013.78 hPa,1013.86 hPa,1013.63 hPa
2026-04-02 05:57:52,1013.78 hPa,1013.86 hPa,1013.63 hPa
2026-04-02 06:27:59,1013.88 hPa,1013.97 hPa,1013.80 hPa
2026-04-02 06:58:05,1014.19 hPa,1014.33 hPa,1013.97 hPa
2026-04-02 07:28:22,1014.27 hPa,1014.37 hPa,1014.20 hPa
2026-04-02 07:58:29,1014.40 hPa,1014.51 hPa,1014.34 hPa
2026-04-02 07:58:29,1014.40 hPa,1014.51 hPa,1014.34 hPa
2026-04-02 08:28:35,1014.65 hPa,1014.91 hPa,1014.50 hPa
2026-04-02 08:58:41,1014.93 hPa,1015.02 hPa,1014.84 hPa
2026-04-02 09:28:47,1015.23 hPa,1015.39 hPa,1014.97 hPa
2026-04-02 10:28:59,1015.69 hPa,1015.85 hPa,1015.58 hPa
2026-04-02 10:28:59,1015.69 hPa,1015.85 hPa,1015.58 hPa
2026-04-02 10:59:06,1015.94 hPa,1016.08 hPa,1015.83 hPa
2026-04-02 10:59:06,1015.94 hPa,1016.08 hPa,1015.83 hPa
2026-04-02 11:29:12,1016.09 hPa,1016.15 hPa,1016.02 hPa
2026-04-02 11:29:12,1016.09 hPa,1016.15 hPa,1016.02 hPa
2026-04-02 11:59:18,1016.12 hPa,1016.17 hPa,1016.06 hPa
2026-04-02 12:29:24,1016.05 hPa,1016.18 hPa,1015.86 hPa
2026-04-02 12:59:30,1015.71 hPa,1015.84 hPa,1015.60 hPa
2026-04-02 12:59:30,1015.71 hPa,1015.84 hPa,1015.60 hPa
2026-04-02 13:29:37,1015.42 hPa,1015.62 hPa,1015.13 hPa
2026-04-02 13:59:43,1015.01 hPa,1015.17 hPa,1014.84 hPa
2026-04-02 14:29:49,1014.59 hPa,1014.86 hPa,1014.39 hPa
2026-04-02 14:29:49,1014.59 hPa,1014.86 hPa,1014.39 hPa
2026-04-02 14:59:55,1014.29 hPa,1014.45 hPa,1014.13 hPa
2026-04-02 15:30:02,1013.92 hPa,1014.10 hPa,1013.77 hPa
2026-04-02 16:00:08,1013.64 hPa,1013.80 hPa,1013.47 hPa
2026-04-02 16:30:14,1013.50 hPa,1013.55 hPa,1013.43 hPa
2026-04-02 17:00:31,1013.55 hPa,1013.62 hPa,1013.45 hPa
2026-04-02 17:30:38,1013.56 hPa,1013.65 hPa,1013.45 hPa
2026-04-02 18:00:44,1013.51 hPa,1013.59 hPa,1013.44 hPa
2026-04-02 18:00:44,1013.51 hPa,1013.59 hPa,1013.44 hPa
2026-04-02 18:30:50,1013.45 hPa,1013.52 hPa,1013.40 hPa
2026-04-02 19:00:56,1013.52 hPa,1013.65 hPa,1013.42 hPa
2026-04-02 19:31:02,1013.75 hPa,1013.87 hPa,1013.63 hPa
2026-04-02 20:01:08,1014.00 hPa,1014.19 hPa,1013.85 hPa
2026-04-02 20:31:15,1014.42 hPa,1014.60 hPa,1014.21 hPa
2026-04-02 20:31:15,1014.42 hPa,1014.60 hPa,1014.21 hPa
2026-04-02 20:31:15,1014.42 hPa,1014.60 hPa,1014.21 hPa
2026-04-02 21:01:21,1014.84 hPa,1015.04 hPa,1014.60 hPa
2026-04-02 21:31:27,1015.16 hPa,1015.35 hPa,1015.03 hPa
2026-04-02 21:31:27,1015.16 hPa,1015.35 hPa,1015.03 hPa
2026-04-02 22:31:40,1015.66 hPa,1015.76 hPa,1015.54 hPa
2026-04-02 23:01:46,1015.60 hPa,1015.68 hPa,1015.45 hPa
2026-04-02 23:01:46,1015.60 hPa,1015.68 hPa,1015.45 hPa
2026-04-02 23:31:52,1015.47 hPa,1015.54 hPa,1015.40 hPa
2026-04-03 00:01:58,1015.40 hPa,1015.46 hPa,1015.35 hPa
2026-04-03 00:32:04,1015.48 hPa,1015.58 hPa,1015.37 hPa
2026-04-03 01:02:11,1015.59 hPa,1015.63 hPa,1015.52 hPa
2026-04-03 01:02:11,1015.59 hPa,1015.63 hPa,1015.52 hPa
2026-04-03 01:32:17,1015.42 hPa,1015.51 hPa,1015.39 hPa
2026-04-03 01:32:17,1015.42 hPa,1015.51 hPa,1015.39 hPa
2026-04-03 01:32:17,1015.42 hPa,1015.51 hPa,1015.39 hPa
2026-04-03 02:02:23,1015.42 hPa,1015.47 hPa,1015.38 hPa
2026-04-03 02:32:29,1015.36 hPa,1015.45 hPa,1015.28 hPa
2026-04-03 02:32:29,1015.36 hPa,1015.45 hPa,1015.28 hPa
2026-04-03 03:02:46,1015.22 hPa,1015.28 hPa,1015.13 hPa
2026-04-03 03:32:53,1015.11 hPa,1015.16 hPa,1015.06 hPa
2026-04-03 03:32:53,1015.11 hPa,1015.16 hPa,1015.06 hPa
2026-04-03 04:02:59,1015.08 hPa,1015.16 hPa,1015.04 hPa
2026-04-03 04:33:05,1015.10 hPa,1015.20 hPa,1015.05 hPa
2026-04-03 05:03:11,1015.20 hPa,1015.29 hPa,1015.13 hPa
2026-04-03 05:33:18,1015.28 hPa,1015.35 hPa,1015.24 hPa
2026-04-03 06:03:24,1015.58 hPa,1015.75 hPa,1015.34 hPa
2026-04-03 06:03:24,1015.58 hPa,1015.75 hPa,1015.34 hPa
2026-04-03 06:33:30,1015.85 hPa,1015.96 hPa,1015.74 hPa
2026-04-03 07:03:36,1016.10 hPa,1016.30 hPa,1015.94 hPa
2026-04-03 07:33:42,1016.48 hPa,1016.62 hPa,1016.29 hPa
2026-04-03 07:33:42,1016.48 hPa,1016.62 hPa,1016.29 hPa
2026-04-03 08:03:49,1016.73 hPa,1016.85 hPa,1016.63 hPa
2026-04-03 08:33:55,1016.96 hPa,1017.07 hPa,1016.83 hPa
2026-04-03 09:04:01,1017.17 hPa,1017.32 hPa,1017.07 hPa
2026-04-03 09:04:01,1017.17 hPa,1017.32 hPa,1017.07 hPa
2026-04-03 09:34:07,1017.40 hPa,1017.46 hPa,1017.33 hPa
2026-04-03 10:04:14,1017.47 hPa,1017.54 hPa,1017.39 hPa
2026-04-03 11:04:26,1017.70 hPa,1017.76 hPa,1017.66 hPa
2026-04-03 11:04:26,1017.70 hPa,1017.76 hPa,1017.66 hPa
2026-04-03 11:04:26,1017.70 hPa,1017.76 hPa,1017.66 hPa
2026-04-03 11:34:32,1017.64 hPa,1017.74 hPa,1017.59 hPa
2026-04-03 12:04:39,1017.50 hPa,1017.60 hPa,1017.41 hPa
2026-04-03 12:34:45,1017.29 hPa,1017.46 hPa,1017.12 hPa
2026-04-03 13:04:57,1016.98 hPa,1017.17 hPa,1016.82 hPa
2026-04-03 13:04:57,1016.98 hPa,1017.17 hPa,1016.82 hPa
2026-04-03 13:35:03,1016.67 hPa,1016.88 hPa,1016.54 hPa
2026-04-03 14:05:09,1016.42 hPa,1016.58 hPa,1016.31 hPa
2026-04-03 14:35:15,1016.17 hPa,1016.35 hPa,1015.96 hPa
2026-04-03 14:35:15,1016.17 hPa,1016.35 hPa,1015.96 hPa
2026-04-03 15:35:28,1015.42 hPa,1015.63 hPa,1015.28 hPa
2026-04-03 16:05:34,1015.19 hPa,1015.34 hPa,1015.04 hPa
2026-04-03 16:05:34,1015.19 hPa,1015.34 hPa,1015.04 hPa
2026-04-03 16:35:40,1015.07 hPa,1015.12 hPa,1015.03 hPa
2026-04-03 17:05:52,1015.03 hPa,1015.11 hPa,1014.98 hPa
2026-04-03 17:35:58,1014.98 hPa,1015.04 hPa,1014.92 hPa
2026-04-03 18:06:05,1015.03 hPa,1015.11 hPa,1014.98 hPa
2026-04-03 18:06:05,1015.03 hPa,1015.11 hPa,1014.98 hPa
2026-04-03 18:36:11,1014.94 hPa,1014.97 hPa,1014.90 hPa
2026-04-03 19:06:17,1015.12 hPa,1015.25 hPa,1014.96 hPa
2026-04-03 19:36:24,1015.42 hPa,1015.60 hPa,1015.28 hPa
2026-04-03 20:06:29,1015.59 hPa,1015.67 hPa,1015.53 hPa
2026-04-03 20:06:29,1015.59 hPa,1015.67 hPa,1015.53 hPa
2026-04-03 20:36:36,1015.73 hPa,1015.90 hPa,1015.64 hPa
2026-04-03 21:06:42,1015.96 hPa,1016.05 hPa,1015.87 hPa
2026-04-03 21:06:42,1015.96 hPa,1016.05 hPa,1015.87 hPa
2026-04-03 22:06:54,1016.53 hPa,1016.59 hPa,1016.45 hPa
2026-04-03 22:37:01,1016.69 hPa,1016.87 hPa,1016.59 hPa
2026-04-03 22:37:01,1016.69 hPa,1016.87 hPa,1016.59 hPa
2026-04-03 23:07:18,1016.89 hPa,1017.01 hPa,1016.80 hPa
2026-04-03 23:37:24,1016.94 hPa,1017.01 hPa,1016.86 hPa
2026-04-03 23:37:24,1016.94 hPa,1017.01 hPa,1016.86 hPa
2026-04-04 00:07:30,1016.83 hPa,1016.89 hPa,1016.78 hPa
2026-04-04 00:37:36,1016.85 hPa,1016.92 hPa,1016.80 hPa
2026-04-04 00:37:36,1016.85 hPa,1016.92 hPa,1016.80 hPa
2026-04-04 01:07:43,1016.72 hPa,1016.77 hPa,1016.68 hPa
2026-04-04 01:37:49,1016.75 hPa,1016.81 hPa,1016.71 hPa
2026-04-04 02:07:55,1016.60 hPa,1016.72 hPa,1016.44 hPa
2026-04-04 02:38:01,1016.32 hPa,1016.43 hPa,1016.20 hPa
2026-04-04 03:08:08,1016.26 hPa,1016.31 hPa,1016.23 hPa
2026-04-04 03:08:08,1016.26 hPa,1016.31 hPa,1016.23 hPa
2026-04-04 03:38:14,1016.31 hPa,1016.38 hPa,1016.23 hPa
2026-04-04 04:08:20,1016.15 hPa,1016.31 hPa,1016.01 hPa
2026-04-04 04:38:27,1015.94 hPa,1016.05 hPa,1015.84 hPa
2026-04-04 05:08:33,1015.88 hPa,1016.04 hPa,1015.75 hPa
2026-04-04 05:08:33,1015.88 hPa,1016.04 hPa,1015.75 hPa
2026-04-04 05:38:39,1016.01 hPa,1016.07 hPa,1015.94 hPa
2026-04-04 06:08:45,1016.07 hPa,1016.32 hPa,1015.91 hPa
2026-04-04 06:38:51,1016.50 hPa,1016.67 hPa,1016.35 hPa
2026-04-04 06:38:51,1016.50 hPa,1016.67 hPa,1016.35 hPa
2026-04-04 07:08:58,1016.67 hPa,1016.80 hPa,1016.63 hPa
2026-04-04 07:08:58,1016.67 hPa,1016.80 hPa,1016.63 hPa
2026-04-04 07:39:03,1017.02 hPa,1017.33 hPa,1016.77 hPa
2026-04-04 08:09:10,1017.43 hPa,1017.54 hPa,1017.30 hPa
2026-04-04 08:39:22,1017.65 hPa,1017.84 hPa,1017.47 hPa
2026-04-04 09:09:28,1017.95 hPa,1018.14 hPa,1017.81 hPa
2026-04-04 09:09:28,1017.95 hPa,1018.14 hPa,1017.81 hPa
2026-04-04 10:09:41,1018.49 hPa,1018.60 hPa,1018.36 hPa
2026-04-04 11:09:53,1018.42 hPa,1018.53 hPa,1018.30 hPa
2026-04-04 11:39:59,1018.30 hPa,1018.34 hPa,1018.26 hPa
2026-04-04 12:10:05,1018.21 hPa,1018.31 hPa,1018.11 hPa
2026-04-04 12:10:05,1018.21 hPa,1018.31 hPa,1018.11 hPa
2026-04-04 12:10:05,1018.21 hPa,1018.31 hPa,1018.11 hPa
2026-04-04 12:40:11,1018.07 hPa,1018.19 hPa,1017.94 hPa
2026-04-04 12:40:11,1018.07 hPa,1018.19 hPa,1017.94 hPa
2026-04-04 13:10:17,1017.90 hPa,1018.00 hPa,1017.84 hPa
2026-04-04 13:10:17,1017.90 hPa,1018.00 hPa,1017.84 hPa
2026-04-04 13:40:24,1017.61 hPa,1017.85 hPa,1017.40 hPa
2026-04-04 14:10:35,1017.24 hPa,1017.40 hPa,1017.03 hPa
2026-04-04 14:10:36,1017.24 hPa,1017.40 hPa,1017.03 hPa
2026-04-04 14:40:48,1016.86 hPa,1017.05 hPa,1016.67 hPa
2026-04-04 15:11:01,1016.52 hPa,1016.67 hPa,1016.38 hPa
2026-04-04 15:41:14,1016.12 hPa,1016.35 hPa,1015.88 hPa
2026-04-04 15:41:14,1016.12 hPa,1016.35 hPa,1015.88 hPa
2026-04-04 15:41:14,1016.12 hPa,1016.35 hPa,1015.88 hPa
2026-04-04 16:11:27,1015.67 hPa,1015.87 hPa,1015.47 hPa
2026-04-04 16:11:27,1015.67 hPa,1015.87 hPa,1015.47 hPa
2026-04-04 16:41:46,1015.31 hPa,1015.47 hPa,1015.16 hPa
2026-04-04 17:11:57,1015.06 hPa,1015.19 hPa,1014.94 hPa
2026-04-04 17:11:57,1015.06 hPa,1015.19 hPa,1014.94 hPa
2026-04-04 17:42:04,1015.04 hPa,1015.17 hPa,1014.97 hPa
2026-04-04 17:42:04,1015.04 hPa,1015.17 hPa,1014.97 hPa
2026-04-04 18:12:10,1015.08 hPa,1015.14 hPa,1015.03 hPa
2026-04-04 18:42:16,1015.15 hPa,1015.22 hPa,1015.07 hPa
2026-04-04 19:12:22,1015.20 hPa,1015.24 hPa,1015.17 hPa
2026-04-04 19:42:28,1015.36 hPa,1015.57 hPa,1015.19 hPa
2026-04-04 19:42:28,1015.36 hPa,1015.57 hPa,1015.19 hPa
2026-04-04 19:42:28,1015.36 hPa,1015.57 hPa,1015.19 hPa
2026-04-04 20:12:34,1015.71 hPa,1015.85 hPa,1015.58 hPa
2026-04-04 20:42:41,1016.03 hPa,1016.31 hPa,1015.89 hPa
2026-04-04 21:12:47,1016.56 hPa,1016.73 hPa,1016.30 hPa
2026-04-04 21:12:47,1016.56 hPa,1016.73 hPa,1016.30 hPa
2026-04-04 21:12:47,1016.56 hPa,1016.73 hPa,1016.30 hPa
2026-04-04 21:42:53,1016.77 hPa,1016.96 hPa,1016.62 hPa
2026-04-04 21:42:53,1016.77 hPa,1016.96 hPa,1016.62 hPa
2026-04-04 21:42:53,1016.77 hPa,1016.96 hPa,1016.62 hPa
2026-04-04 22:13:00,1017.08 hPa,1017.20 hPa,1016.97 hPa
2026-04-04 22:43:06,1017.02 hPa,1017.16 hPa,1016.95 hPa
2026-04-04 23:13:12,1016.89 hPa,1017.00 hPa,1016.83 hPa
2026-04-04 23:13:12,1016.89 hPa,1017.00 hPa,1016.83 hPa
2026-04-04 23:43:18,1016.85 hPa,1016.93 hPa,1016.78 hPa
2026-04-04 23:43:18,1016.85 hPa,1016.93 hPa,1016.78 hPa
2026-04-04 23:43:18,1016.85 hPa,1016.93 hPa,1016.78 hPa
2026-04-05 00:13:24,1016.70 hPa,1016.78 hPa,1016.59 hPa
2026-04-05 00:13:24,1016.70 hPa,1016.78 hPa,1016.59 hPa
2026-04-05 00:43:30,1016.69 hPa,1016.79 hPa,1016.59 hPa
2026-04-05 01:13:37,1016.67 hPa,1016.81 hPa,1016.51 hPa
2026-04-05 01:43:43,1016.41 hPa,1016.52 hPa,1016.32 hPa
2026-04-05 01:43:43,1016.41 hPa,1016.52 hPa,1016.32 hPa
2026-04-05 01:43:43,1016.41 hPa,1016.52 hPa,1016.32 hPa
2026-04-05 02:13:49,1016.30 hPa,1016.36 hPa,1016.26 hPa
2026-04-05 02:43:55,1016.29 hPa,1016.35 hPa,1016.23 hPa
2026-04-05 03:14:07,1016.28 hPa,1016.34 hPa,1016.20 hPa
2026-04-05 04:14:20,1016.05 hPa,1016.12 hPa,1016.00 hPa
2026-04-05 04:14:20,1016.05 hPa,1016.12 hPa,1016.00 hPa
2026-04-05 05:14:32,1016.28 hPa,1016.43 hPa,1016.10 hPa
2026-04-05 05:14:32,1016.28 hPa,1016.43 hPa,1016.10 hPa
2026-04-05 05:44:38,1016.39 hPa,1016.46 hPa,1016.32 hPa
2026-04-05 06:14:44,1016.66 hPa,1016.86 hPa,1016.44 hPa
2026-04-05 06:44:51,1016.99 hPa,1017.20 hPa,1016.83 hPa
2026-04-05 06:44:51,1016.99 hPa,1017.20 hPa,1016.83 hPa
2026-04-05 06:44:51,1016.99 hPa,1017.20 hPa,1016.83 hPa
2026-04-05 07:14:57,1017.21 hPa,1017.26 hPa,1017.17 hPa
2026-04-05 07:45:03,1017.26 hPa,1017.37 hPa,1017.20 hPa
2026-04-05 07:45:03,1017.26 hPa,1017.37 hPa,1017.20 hPa
2026-04-05 08:15:09,1017.41 hPa,1017.47 hPa,1017.34 hPa
2026-04-05 08:45:27,1017.48 hPa,1017.53 hPa,1017.43 hPa
2026-04-05 09:15:39,1017.52 hPa,1017.62 hPa,1017.46 hPa
2026-04-05 09:45:53,1017.56 hPa,1017.64 hPa,1017.50 hPa
2026-04-05 10:16:05,1017.49 hPa,1017.53 hPa,1017.46 hPa
2026-04-05 10:46:18,1017.42 hPa,1017.48 hPa,1017.37 hPa
2026-04-05 11:16:36,1017.36 hPa,1017.45 hPa,1017.29 hPa
2026-04-05 11:16:36,1017.36 hPa,1017.45 hPa,1017.29 hPa
2026-04-05 11:46:43,1017.30 hPa,1017.37 hPa,1017.19 hPa
2026-04-05 12:16:49,1017.11 hPa,1017.25 hPa,1016.99 hPa
2026-04-05 12:46:55,1017.04 hPa,1017.14 hPa,1016.92 hPa
2026-04-05 13:17:01,1016.83 hPa,1016.95 hPa,1016.73 hPa
2026-04-05 13:47:08,1016.52 hPa,1016.77 hPa,1016.35 hPa
2026-04-05 14:17:14,1016.14 hPa,1016.33 hPa,1015.95 hPa
2026-04-05 14:47:20,1015.79 hPa,1015.99 hPa,1015.58 hPa
2026-04-05 14:47:20,1015.79 hPa,1015.99 hPa,1015.58 hPa
2026-04-05 15:17:26,1015.30 hPa,1015.56 hPa,1015.15 hPa
2026-04-05 15:17:26,1015.30 hPa,1015.56 hPa,1015.15 hPa
2026-04-05 15:47:33,1015.04 hPa,1015.23 hPa,1014.81 hPa
2026-04-05 16:17:39,1014.66 hPa,1014.85 hPa,1014.59 hPa
2026-04-05 16:47:45,1014.53 hPa,1014.59 hPa,1014.48 hPa
2026-04-05 17:17:57,1014.27 hPa,1014.48 hPa,1014.14 hPa
2026-04-05 17:17:57,1014.27 hPa,1014.48 hPa,1014.14 hPa
2026-04-05 17:48:03,1014.09 hPa,1014.17 hPa,1014.01 hPa
2026-04-05 17:48:03,1014.09 hPa,1014.17 hPa,1014.01 hPa
2026-04-05 18:18:09,1014.21 hPa,1014.30 hPa,1014.11 hPa
2026-04-05 18:48:15,1014.38 hPa,1014.56 hPa,1014.26 hPa
2026-04-05 18:48:15,1014.38 hPa,1014.56 hPa,1014.26 hPa
2026-04-05 19:18:22,1014.59 hPa,1014.69 hPa,1014.52 hPa
2026-04-05 19:48:28,1014.80 hPa,1015.02 hPa,1014.66 hPa
2026-04-05 19:48:28,1014.80 hPa,1015.02 hPa,1014.66 hPa
2026-04-05 20:18:39,1015.17 hPa,1015.25 hPa,1015.04 hPa
2026-04-05 20:48:46,1015.38 hPa,1015.53 hPa,1015.23 hPa
2026-04-05 20:48:46,1015.38 hPa,1015.53 hPa,1015.23 hPa
2026-04-05 21:18:52,1015.43 hPa,1015.54 hPa,1015.39 hPa
2026-04-05 21:48:58,1015.67 hPa,1015.78 hPa,1015.53 hPa
2026-04-05 21:48:58,1015.67 hPa,1015.78 hPa,1015.53 hPa
2026-04-05 22:19:04,1015.82 hPa,1015.95 hPa,1015.71 hPa
2026-04-05 22:49:11,1015.97 hPa,1016.04 hPa,1015.91 hPa
2026-04-05 23:19:17,1015.94 hPa,1016.03 hPa,1015.89 hPa
2026-04-05 23:49:23,1015.91 hPa,1016.05 hPa,1015.78 hPa
2026-04-05 23:49:23,1015.91 hPa,1016.05 hPa,1015.78 hPa
2026-04-06 00:19:29,1015.79 hPa,1015.85 hPa,1015.73 hPa
2026-04-06 00:19:29,1015.79 hPa,1015.85 hPa,1015.73 hPa
2026-04-06 00:49:35,1015.72 hPa,1015.77 hPa,1015.68 hPa
2026-04-06 01:19:42,1015.65 hPa,1015.74 hPa,1015.61 hPa
2026-04-06 01:49:48,1015.65 hPa,1015.76 hPa,1015.54 hPa
2026-04-06 02:19:54,1015.61 hPa,1015.70 hPa,1015.57 hPa
2026-04-06 02:50:00,1015.48 hPa,1015.62 hPa,1015.36 hPa
2026-04-06 02:50:00,1015.48 hPa,1015.62 hPa,1015.36 hPa
2026-04-06 02:50:00,1015.48 hPa,1015.62 hPa,1015.36 hPa
2026-04-06 03:20:07,1015.37 hPa,1015.51 hPa,1015.25 hPa
2026-04-06 03:50:13,1015.46 hPa,1015.58 hPa,1015.37 hPa
2026-04-06 04:20:19,1015.49 hPa,1015.58 hPa,1015.41 hPa
2026-04-06 04:50:25,1015.66 hPa,1015.79 hPa,1015.51 hPa
2026-04-06 04:50:25,1015.66 hPa,1015.79 hPa,1015.51 hPa
2026-04-06 05:20:31,1015.67 hPa,1015.83 hPa,1015.60 hPa
2026-04-06 05:50:49,1015.85 hPa,1016.14 hPa,1015.65 hPa
2026-04-06 06:20:55,1016.23 hPa,1016.43 hPa,1016.07 hPa
2026-04-06 06:51:01,1016.52 hPa,1016.80 hPa,1016.40 hPa
2026-04-06 07:21:07,1016.93 hPa,1017.04 hPa,1016.78 hPa
2026-04-06 07:51:14,1017.21 hPa,1017.39 hPa,1016.92 hPa
2026-04-06 08:21:20,1017.47 hPa,1017.61 hPa,1017.32 hPa
2026-04-06 08:51:26,1017.58 hPa,1017.72 hPa,1017.49 hPa
2026-04-06 09:21:32,1017.65 hPa,1017.76 hPa,1017.57 hPa
2026-04-06 10:21:45,1017.84 hPa,1017.99 hPa,1017.72 hPa
2026-04-06 10:51:51,1017.75 hPa,1017.94 hPa,1017.60 hPa
2026-04-06 10:51:51,1017.75 hPa,1017.94 hPa,1017.60 hPa
2026-04-06 11:21:57,1017.48 hPa,1017.67 hPa,1017.27 hPa
2026-04-06 11:21:57,1017.48 hPa,1017.67 hPa,1017.27 hPa
2026-04-06 11:52:03,1017.12 hPa,1017.26 hPa,1017.03 hPa
2026-04-06 12:22:10,1016.86 hPa,1017.13 hPa,1016.62 hPa
2026-04-06 12:52:16,1016.39 hPa,1016.60 hPa,1016.23 hPa
2026-04-06 13:22:22,1016.04 hPa,1016.31 hPa,1015.92 hPa
2026-04-06 13:52:28,1015.67 hPa,1015.89 hPa,1015.45 hPa
2026-04-06 14:22:34,1015.27 hPa,1015.51 hPa,1015.11 hPa
2026-04-06 14:52:41,1015.06 hPa,1015.20 hPa,1014.89 hPa
2026-04-06 15:22:47,1014.87 hPa,1015.02 hPa,1014.77 hPa
2026-04-06 15:52:59,1014.81 hPa,1014.88 hPa,1014.69 hPa
2026-04-06 16:23:05,1014.59 hPa,1014.73 hPa,1014.37 hPa
2026-04-06 16:23:05,1014.59 hPa,1014.73 hPa,1014.37 hPa
2026-04-06 16:53:11,1014.32 hPa,1014.45 hPa,1014.18 hPa
2026-04-06 16:53:11,1014.32 hPa,1014.45 hPa,1014.18 hPa
2026-04-06 17:23:23,1014.08 hPa,1014.19 hPa,1014.02 hPa
2026-04-06 18:23:36,1013.78 hPa,1013.97 hPa,1013.67 hPa
2026-04-06 18:53:42,1013.84 hPa,1013.96 hPa,1013.70 hPa
2026-04-06 19:23:48,1013.91 hPa,1014.03 hPa,1013.84 hPa
2026-04-06 19:53:54,1013.92 hPa,1013.99 hPa,1013.81 hPa
2026-04-06 20:24:00,1014.00 hPa,1014.31 hPa,1013.59 hPa
2026-04-06 20:24:00,1014.00 hPa,1014.31 hPa,1013.59 hPa
2026-04-06 20:54:06,1014.45 hPa,1014.63 hPa,1014.29 hPa
2026-04-06 20:54:06,1014.45 hPa,1014.63 hPa,1014.29 hPa
2026-04-06 21:54:19,1014.89 hPa,1015.01 hPa,1014.71 hPa
2026-04-06 22:24:37,1015.02 hPa,1015.12 hPa,1014.93 hPa
2026-04-06 22:54:43,1015.40 hPa,1015.56 hPa,1015.15 hPa
2026-04-06 23:24:57,1015.47 hPa,1015.57 hPa,1015.39 hPa
2026-04-06 23:55:09,1015.50 hPa,1015.62 hPa,1015.37 hPa
2026-04-07 00:25:22,1015.52 hPa,1015.60 hPa,1015.46 hPa
2026-04-07 00:55:42,1015.44 hPa,1015.52 hPa,1015.31 hPa
2026-04-07 01:25:54,1015.49 hPa,1015.63 hPa,1015.32 hPa
2026-04-07 01:56:05,1015.52 hPa,1015.61 hPa,1015.44 hPa
2026-04-07 02:26:32,1015.57 hPa,1015.71 hPa,1015.43 hPa
2026-04-07 02:56:45,1015.58 hPa,1015.70 hPa,1015.46 hPa
2026-04-07 03:27:04,1015.42 hPa,1015.56 hPa,1015.26 hPa
2026-04-07 03:57:16,1014.91 hPa,1015.30 hPa,1014.69 hPa
2026-04-07 04:27:29,1014.69 hPa,1014.76 hPa,1014.62 hPa
2026-04-07 04:57:42,1014.51 hPa,1014.68 hPa,1014.35 hPa
2026-04-07 04:57:42,1014.51 hPa,1014.68 hPa,1014.35 hPa
2026-04-07 05:27:54,1014.50 hPa,1014.63 hPa,1014.42 hPa
2026-04-07 05:27:54,1014.50 hPa,1014.63 hPa,1014.42 hPa
2026-04-07 05:58:07,1014.65 hPa,1014.81 hPa,1014.49 hPa
2026-04-07 06:28:19,1014.98 hPa,1015.17 hPa,1014.80 hPa
2026-04-07 06:58:25,1015.00 hPa,1015.10 hPa,1014.88 hPa
2026-04-07 07:28:32,1015.23 hPa,1015.45 hPa,1015.05 hPa
2026-04-07 07:58:38,1015.49 hPa,1015.63 hPa,1015.34 hPa
2026-04-07 08:28:44,1015.50 hPa,1015.62 hPa,1015.41 hPa
2026-04-07 08:58:50,1015.69 hPa,1015.85 hPa,1015.46 hPa
2026-04-07 08:58:50,1015.69 hPa,1015.85 hPa,1015.46 hPa
2026-04-07 09:28:56,1015.87 hPa,1016.02 hPa,1015.76 hPa
2026-04-07 09:59:03,1015.83 hPa,1015.98 hPa,1015.76 hPa
2026-04-07 10:59:15,1015.99 hPa,1016.16 hPa,1015.91 hPa
2026-04-07 11:29:21,1016.03 hPa,1016.16 hPa,1015.91 hPa
2026-04-07 11:29:21,1016.03 hPa,1016.16 hPa,1015.91 hPa
2026-04-07 11:59:28,1015.76 hPa,1015.97 hPa,1015.62 hPa
2026-04-07 12:29:34,1015.59 hPa,1015.76 hPa,1015.38 hPa
2026-04-07 12:59:40,1015.17 hPa,1015.48 hPa,1014.77 hPa
2026-04-07 13:29:46,1014.37 hPa,1014.76 hPa,1013.93 hPa
2026-04-07 13:59:53,1013.55 hPa,1013.99 hPa,1013.20 hPa
2026-04-07 14:29:59,1012.58 hPa,1013.08 hPa,1012.16 hPa
2026-04-07 15:00:05,1012.21 hPa,1012.40 hPa,1011.90 hPa
2026-04-07 15:30:11,1011.95 hPa,1012.02 hPa,1011.89 hPa
2026-04-07 16:00:17,1011.56 hPa,1011.91 hPa,1011.16 hPa
2026-04-07 16:30:30,1011.18 hPa,1011.42 hPa,1010.93 hPa
2026-04-07 17:00:36,1011.63 hPa,1012.04 hPa,1011.43 hPa
2026-04-07 17:00:36,1011.63 hPa,1012.04 hPa,1011.43 hPa
2026-04-07 17:00:36,1011.63 hPa,1012.04 hPa,1011.43 hPa
2026-04-07 17:30:47,1011.98 hPa,1012.56 hPa,1011.44 hPa
2026-04-07 18:00:54,1013.20 hPa,1013.65 hPa,1012.35 hPa
2026-04-07 18:00:54,1013.20 hPa,1013.65 hPa,1012.35 hPa
2026-04-07 18:31:00,1013.74 hPa,1014.14 hPa,1013.33 hPa
2026-04-07 19:31:12,1014.09 hPa,1014.15 hPa,1013.99 hPa
2026-04-07 20:01:18,1014.01 hPa,1014.16 hPa,1013.88 hPa
2026-04-07 20:31:25,1014.03 hPa,1014.20 hPa,1013.79 hPa
2026-04-07 21:01:31,1014.26 hPa,1014.43 hPa,1014.09 hPa
2026-04-07 21:31:37,1014.75 hPa,1014.86 hPa,1014.46 hPa
2026-04-07 22:01:43,1014.74 hPa,1014.88 hPa,1014.62 hPa
2026-04-07 22:31:50,1014.74 hPa,1014.86 hPa,1014.66 hPa
2026-04-07 22:31:50,1014.74 hPa,1014.86 hPa,1014.66 hPa
2026-04-07 23:01:56,1014.83 hPa,1014.92 hPa,1014.67 hPa
2026-04-07 23:32:02,1014.88 hPa,1014.95 hPa,1014.79 hPa
2026-04-08 00:02:08,1014.53 hPa,1014.79 hPa,1014.26 hPa
2026-04-08 00:32:14,1014.19 hPa,1014.28 hPa,1014.09 hPa
2026-04-08 01:02:20,1014.26 hPa,1014.35 hPa,1014.21 hPa
2026-04-08 01:32:27,1014.17 hPa,1014.27 hPa,1014.07 hPa
2026-04-08 01:32:27,1014.17 hPa,1014.27 hPa,1014.07 hPa
2026-04-08 02:02:38,1014.11 hPa,1014.27 hPa,1014.02 hPa
2026-04-08 02:02:38,1014.11 hPa,1014.27 hPa,1014.02 hPa
2026-04-08 02:32:45,1014.06 hPa,1014.14 hPa,1013.95 hPa
2026-04-08 03:02:51,1013.91 hPa,1014.01 hPa,1013.82 hPa
2026-04-08 03:32:57,1013.89 hPa,1014.00 hPa,1013.80 hPa
2026-04-08 04:03:03,1013.86 hPa,1013.98 hPa,1013.76 hPa
2026-04-08 04:33:10,1013.95 hPa,1014.01 hPa,1013.86 hPa
2026-04-08 05:03:16,1014.09 hPa,1014.26 hPa,1013.98 hPa
2026-04-08 05:03:16,1014.09 hPa,1014.26 hPa,1013.98 hPa
2026-04-08 05:33:22,1014.40 hPa,1014.62 hPa,1014.12 hPa
2026-04-08 05:33:22,1014.40 hPa,1014.62 hPa,1014.12 hPa
2026-04-08 06:03:28,1014.74 hPa,1014.98 hPa,1014.61 hPa
2026-04-08 06:33:35,1015.15 hPa,1015.33 hPa,1014.97 hPa
2026-04-08 06:33:35,1015.15 hPa,1015.33 hPa,1014.97 hPa
2026-04-08 07:33:47,1015.70 hPa,1015.94 hPa,1015.54 hPa
2026-04-08 08:03:53,1016.08 hPa,1016.31 hPa,1015.85 hPa
2026-04-08 08:03:53,1016.08 hPa,1016.31 hPa,1015.85 hPa
2026-04-08 08:33:59,1016.42 hPa,1016.64 hPa,1016.26 hPa
2026-04-08 09:04:06,1016.79 hPa,1016.91 hPa,1016.68 hPa
2026-04-08 09:04:06,1016.79 hPa,1016.91 hPa,1016.68 hPa
2026-04-08 09:34:12,1017.15 hPa,1017.36 hPa,1016.93 hPa
2026-04-08 10:34:24,1017.28 hPa,1017.44 hPa,1017.13 hPa
2026-04-08 10:34:24,1017.28 hPa,1017.44 hPa,1017.13 hPa
2026-04-08 10:34:24,1017.28 hPa,1017.44 hPa,1017.13 hPa
2026-04-08 11:04:42,1017.24 hPa,1017.34 hPa,1017.18 hPa
2026-04-08 11:34:55,1017.11 hPa,1017.22 hPa,1017.02 hPa
2026-04-08 11:34:55,1017.11 hPa,1017.22 hPa,1017.02 hPa
2026-04-08 12:05:07,1016.84 hPa,1017.12 hPa,1016.63 hPa
2026-04-08 12:35:20,1016.44 hPa,1016.69 hPa,1016.30 hPa
2026-04-08 13:05:33,1016.17 hPa,1016.34 hPa,1016.05 hPa
2026-04-08 13:35:52,1015.91 hPa,1016.02 hPa,1015.85 hPa
2026-04-08 14:05:58,1015.73 hPa,1015.96 hPa,1015.55 hPa
2026-04-08 14:36:04,1015.37 hPa,1015.58 hPa,1015.13 hPa
2026-04-08 15:06:10,1015.02 hPa,1015.12 hPa,1014.94 hPa
2026-04-08 15:06:10,1015.02 hPa,1015.12 hPa,1014.94 hPa
2026-04-08 15:36:17,1014.88 hPa,1014.96 hPa,1014.78 hPa
2026-04-08 16:06:23,1014.80 hPa,1014.88 hPa,1014.72 hPa
2026-04-08 17:06:35,1014.64 hPa,1014.77 hPa,1014.55 hPa
2026-04-08 18:06:53,1014.41 hPa,1014.47 hPa,1014.34 hPa
2026-04-08 18:37:05,1014.53 hPa,1014.70 hPa,1014.39 hPa
2026-04-08 19:07:18,1014.65 hPa,1014.75 hPa,1014.59 hPa
2026-04-08 19:37:31,1014.88 hPa,1014.99 hPa,1014.73 hPa
2026-04-08 20:07:51,1015.03 hPa,1015.13 hPa,1014.94 hPa
2026-04-08 20:07:51,1015.03 hPa,1015.13 hPa,1014.94 hPa
2026-04-08 20:37:57,1015.13 hPa,1015.22 hPa,1015.08 hPa
2026-04-08 21:38:21,1015.65 hPa,1015.83 hPa,1015.46 hPa
2026-04-08 22:08:27,1015.95 hPa,1016.06 hPa,1015.83 hPa
2026-04-08 22:38:34,1016.13 hPa,1016.24 hPa,1016.02 hPa
2026-04-08 23:38:46,1016.45 hPa,1016.51 hPa,1016.41 hPa
2026-04-08 23:38:46,1016.45 hPa,1016.51 hPa,1016.41 hPa
2026-04-09 00:08:52,1016.54 hPa,1016.59 hPa,1016.47 hPa
2026-04-09 00:08:52,1016.54 hPa,1016.59 hPa,1016.47 hPa
2026-04-09 00:38:59,1016.58 hPa,1016.62 hPa,1016.55 hPa
2026-04-09 01:09:05,1016.64 hPa,1016.70 hPa,1016.58 hPa
2026-04-09 01:09:05,1016.64 hPa,1016.70 hPa,1016.58 hPa
2026-04-09 01:09:05,1016.64 hPa,1016.70 hPa,1016.58 hPa
2026-04-09 01:39:11,1016.69 hPa,1016.74 hPa,1016.63 hPa
2026-04-09 02:39:24,1016.54 hPa,1016.63 hPa,1016.42 hPa
2026-04-09 03:09:35,1016.46 hPa,1016.52 hPa,1016.43 hPa
2026-04-09 03:39:48,1016.62 hPa,1016.70 hPa,1016.55 hPa
2026-04-09 04:10:08,1016.50 hPa,1016.61 hPa,1016.41 hPa
2026-04-09 04:10:08,1016.50 hPa,1016.61 hPa,1016.41 hPa
2026-04-09 04:40:14,1016.53 hPa,1016.60 hPa,1016.44 hPa
2026-04-09 04:40:14,1016.53 hPa,1016.60 hPa,1016.44 hPa
2026-04-09 05:10:27,1016.55 hPa,1016.60 hPa,1016.47 hPa
2026-04-09 05:40:46,1016.59 hPa,1016.68 hPa,1016.46 hPa
2026-04-09 06:10:51,1016.64 hPa,1016.88 hPa,1016.47 hPa
2026-04-09 07:11:04,1017.63 hPa,1017.92 hPa,1017.35 hPa
2026-04-09 07:41:10,1018.17 hPa,1018.42 hPa,1017.96 hPa
2026-04-09 08:11:16,1018.61 hPa,1018.88 hPa,1018.41 hPa
2026-04-09 08:41:22,1019.06 hPa,1019.17 hPa,1018.89 hPa
2026-04-09 09:11:29,1019.19 hPa,1019.26 hPa,1019.15 hPa
2026-04-09 09:11:29,1019.19 hPa,1019.26 hPa,1019.15 hPa