TIME,Umidade Média,Umidade Máxima,Umidade Mínima
2026-03-18 16:58:37,49.83 %H,51.09 %H,48.75 %H
2026-03-18 17:28:43,49.88 %H,50.15 %H,49.61 %H
2026-03-18 17:59:00,49.22 %H,49.61 %H,48.85 %H
2026-03-18 18:29:07,49.10 %H,49.21 %H,48.93 %H
2026-03-18 18:59:13,49.30 %H,51.13 %H,48.40 %H
2026-03-18 19:29:19,50.35 %H,51.10 %H,49.12 %H
2026-03-18 19:59:25,51.22 %H,51.61 %H,50.98 %H
2026-03-18 20:59:38,52.71 %H,53.08 %H,52.29 %H
2026-03-18 21:29:44,53.45 %H,53.88 %H,53.08 %H
2026-03-18 21:59:50,54.36 %H,54.77 %H,53.87 %H
2026-03-18 22:29:56,55.01 %H,55.31 %H,54.76 %H
2026-03-18 23:00:03,55.58 %H,55.92 %H,55.29 %H
2026-03-18 23:30:09,56.23 %H,56.46 %H,55.82 %H
2026-03-19 00:00:15,56.74 %H,57.01 %H,56.44 %H
2026-03-19 00:30:21,57.38 %H,57.65 %H,56.98 %H
2026-03-19 01:00:27,57.86 %H,58.15 %H,57.57 %H
2026-03-19 01:30:34,58.39 %H,58.58 %H,58.14 %H
2026-03-19 02:00:40,58.77 %H,59.04 %H,58.49 %H
2026-03-19 02:30:46,59.23 %H,59.37 %H,59.00 %H
2026-03-19 03:00:52,59.60 %H,59.81 %H,59.32 %H
2026-03-19 03:30:58,60.06 %H,60.39 %H,59.80 %H
2026-03-19 04:01:10,60.83 %H,61.18 %H,60.38 %H
2026-03-19 05:01:22,61.52 %H,61.75 %H,61.36 %H
2026-03-19 05:31:28,61.50 %H,61.61 %H,61.35 %H
2026-03-19 06:01:35,61.89 %H,62.29 %H,61.44 %H
2026-03-19 06:31:41,62.23 %H,62.34 %H,62.11 %H
2026-03-19 07:01:47,62.46 %H,62.62 %H,62.16 %H
2026-03-19 07:31:53,62.59 %H,62.78 %H,62.36 %H
2026-03-19 08:02:00,62.56 %H,62.97 %H,62.30 %H
2026-03-19 08:32:06,62.77 %H,62.96 %H,62.51 %H
2026-03-19 09:02:12,62.27 %H,62.51 %H,62.10 %H
2026-03-19 09:32:18,61.90 %H,62.12 %H,61.76 %H
2026-03-19 10:02:24,61.67 %H,61.82 %H,61.56 %H
2026-03-19 10:32:30,61.46 %H,61.58 %H,61.34 %H
2026-03-19 11:02:37,61.22 %H,61.38 %H,61.04 %H
2026-03-19 11:32:43,61.01 %H,61.12 %H,60.81 %H
2026-03-19 12:02:49,60.52 %H,60.82 %H,60.25 %H
2026-03-19 12:32:55,60.19 %H,60.26 %H,60.11 %H
2026-03-19 13:03:01,60.15 %H,60.21 %H,60.10 %H
2026-03-19 13:33:08,60.32 %H,60.47 %H,60.14 %H
2026-03-19 14:03:25,60.56 %H,60.73 %H,60.40 %H
2026-03-19 14:33:37,60.49 %H,60.74 %H,60.34 %H
2026-03-19 15:03:43,60.23 %H,60.43 %H,60.10 %H
2026-03-19 15:33:49,60.36 %H,60.50 %H,60.26 %H
2026-03-19 16:03:55,60.66 %H,60.87 %H,60.44 %H
2026-03-19 16:34:01,60.98 %H,61.20 %H,60.80 %H
2026-03-19 17:04:08,61.18 %H,61.37 %H,61.08 %H
2026-03-19 17:34:14,62.32 %H,62.76 %H,61.28 %H
2026-03-19 18:04:20,62.25 %H,62.46 %H,62.14 %H
2026-03-19 18:34:26,62.36 %H,62.47 %H,62.26 %H
2026-03-19 19:04:33,62.57 %H,62.65 %H,62.43 %H
2026-03-19 19:34:39,62.75 %H,62.85 %H,62.62 %H
2026-03-19 20:04:45,62.52 %H,62.80 %H,62.26 %H
2026-03-19 20:34:51,62.40 %H,62.49 %H,62.28 %H
2026-03-19 21:04:57,62.26 %H,62.32 %H,62.22 %H
2026-03-19 21:35:04,62.20 %H,62.26 %H,62.16 %H
2026-03-19 22:05:10,62.14 %H,62.23 %H,61.84 %H
2026-03-19 23:05:22,62.07 %H,62.12 %H,62.00 %H
2026-03-19 23:35:34,62.01 %H,62.09 %H,61.92 %H
2026-03-20 00:05:40,61.88 %H,61.96 %H,61.83 %H
2026-03-20 00:35:46,61.83 %H,61.89 %H,61.77 %H
2026-03-20 01:05:53,62.01 %H,62.09 %H,61.87 %H
2026-03-20 01:35:59,62.16 %H,62.28 %H,62.06 %H
2026-03-20 02:06:05,62.25 %H,62.41 %H,62.17 %H
2026-03-20 02:36:11,62.37 %H,62.44 %H,62.29 %H
2026-03-20 03:06:17,62.23 %H,62.38 %H,62.09 %H
2026-03-20 03:36:23,62.14 %H,62.20 %H,62.09 %H
2026-03-20 04:06:30,62.15 %H,62.23 %H,62.10 %H
2026-03-20 04:36:36,62.22 %H,62.33 %H,62.15 %H
2026-03-20 05:06:42,62.43 %H,62.51 %H,62.29 %H
2026-03-20 05:36:49,62.56 %H,62.67 %H,62.45 %H
2026-03-20 06:06:54,62.72 %H,62.82 %H,62.61 %H
2026-03-20 06:37:01,62.91 %H,63.05 %H,62.75 %H
2026-03-20 07:07:07,63.04 %H,63.09 %H,62.98 %H
2026-03-20 07:37:13,63.81 %H,65.40 %H,62.90 %H
2026-03-20 08:07:19,64.34 %H,64.78 %H,64.15 %H
2026-03-20 08:37:26,64.43 %H,64.55 %H,64.22 %H
2026-03-20 09:07:37,64.11 %H,64.50 %H,63.75 %H
2026-03-20 09:37:49,64.12 %H,64.25 %H,63.90 %H
2026-03-20 10:07:55,64.13 %H,64.43 %H,64.02 %H
2026-03-20 10:38:01,64.37 %H,64.57 %H,64.18 %H
2026-03-20 11:08:08,64.09 %H,64.22 %H,63.76 %H
2026-03-20 11:38:14,63.76 %H,63.87 %H,63.65 %H
2026-03-20 12:08:20,63.41 %H,63.75 %H,63.09 %H
2026-03-20 12:38:26,62.97 %H,63.15 %H,62.84 %H
2026-03-20 13:08:32,62.86 %H,63.01 %H,62.71 %H
2026-03-20 13:38:39,62.55 %H,62.80 %H,62.34 %H
2026-03-20 14:08:45,62.15 %H,62.35 %H,61.99 %H
2026-03-20 14:38:56,54.76 %H,62.25 %H,47.07 %H
2026-03-20 15:09:03,47.08 %H,47.24 %H,46.72 %H
2026-03-20 15:39:09,46.16 %H,46.70 %H,45.76 %H
2026-03-20 16:09:15,46.22 %H,46.79 %H,45.78 %H
2026-03-20 16:39:21,45.77 %H,46.15 %H,45.37 %H
2026-03-20 17:09:28,46.27 %H,46.81 %H,45.65 %H
2026-03-20 17:39:34,46.62 %H,47.03 %H,46.30 %H
2026-03-20 18:09:40,48.07 %H,49.18 %H,47.04 %H
2026-03-20 18:39:52,50.38 %H,51.47 %H,49.19 %H
2026-03-20 19:09:58,52.34 %H,53.11 %H,51.48 %H
2026-03-20 19:40:04,53.75 %H,54.38 %H,53.11 %H
2026-03-20 20:10:10,54.75 %H,55.09 %H,54.37 %H
2026-03-20 20:40:16,55.50 %H,55.89 %H,55.08 %H
2026-03-20 21:10:23,56.18 %H,56.49 %H,55.87 %H
2026-03-20 21:40:29,56.76 %H,57.03 %H,56.48 %H
2026-03-20 22:10:35,57.28 %H,57.58 %H,57.01 %H
2026-03-20 23:10:47,58.09 %H,58.21 %H,57.91 %H
2026-03-20 23:40:54,58.29 %H,58.40 %H,58.19 %H
2026-03-21 00:11:00,58.44 %H,58.57 %H,58.35 %H
2026-03-21 00:41:06,58.70 %H,58.91 %H,58.55 %H
2026-03-21 01:11:12,59.04 %H,59.23 %H,58.87 %H
2026-03-21 01:41:18,59.32 %H,59.45 %H,59.16 %H
2026-03-21 02:11:25,59.66 %H,59.95 %H,59.41 %H
2026-03-21 02:41:31,60.16 %H,60.36 %H,59.93 %H
2026-03-21 03:11:37,60.50 %H,60.74 %H,60.33 %H
2026-03-21 03:41:43,60.96 %H,61.14 %H,60.70 %H
2026-03-21 04:11:49,61.29 %H,61.46 %H,61.10 %H
2026-03-21 04:42:01,61.49 %H,61.61 %H,61.35 %H
2026-03-21 05:12:07,61.83 %H,62.02 %H,61.56 %H
2026-03-21 05:42:13,62.27 %H,62.53 %H,61.98 %H
2026-03-21 06:12:20,62.60 %H,62.79 %H,62.40 %H
2026-03-21 06:42:26,63.12 %H,63.66 %H,62.91 %H
2026-03-21 07:12:32,63.13 %H,63.40 %H,63.01 %H
2026-03-21 07:42:38,65.95 %H,67.74 %H,63.51 %H
2026-03-21 08:12:44,65.46 %H,65.97 %H,65.11 %H
2026-03-21 08:42:51,65.02 %H,65.37 %H,64.77 %H
2026-03-21 09:12:57,64.61 %H,64.84 %H,64.38 %H
2026-03-21 09:43:03,63.21 %H,65.88 %H,54.81 %H
2026-03-21 10:13:09,51.85 %H,54.73 %H,50.62 %H
2026-03-21 10:43:16,53.73 %H,55.04 %H,52.37 %H
2026-03-21 11:13:22,56.06 %H,56.92 %H,54.99 %H
2026-03-21 11:43:28,57.64 %H,58.19 %H,56.91 %H
2026-03-21 12:13:34,58.82 %H,59.38 %H,58.14 %H
2026-03-21 12:43:41,53.86 %H,60.03 %H,51.76 %H
2026-03-21 13:55:11,49.93 %H,51.01 %H,47.58 %H
2026-03-21 14:25:22,52.16 %H,53.75 %H,50.88 %H
2026-03-21 14:55:34,54.82 %H,55.76 %H,53.76 %H
2026-03-21 15:25:40,56.76 %H,57.51 %H,55.79 %H
2026-03-21 15:55:47,57.79 %H,58.06 %H,57.47 %H
2026-03-21 16:25:53,58.18 %H,58.48 %H,58.01 %H
2026-03-21 16:55:59,58.82 %H,59.02 %H,58.44 %H
2026-03-21 17:26:05,59.36 %H,59.77 %H,59.01 %H
2026-03-21 17:56:11,60.00 %H,60.27 %H,59.75 %H
2026-03-21 18:26:18,60.44 %H,60.61 %H,60.27 %H
2026-03-21 18:56:24,60.75 %H,60.87 %H,60.57 %H
2026-03-21 19:26:30,60.96 %H,61.15 %H,60.84 %H
2026-03-21 19:56:36,61.23 %H,61.30 %H,61.09 %H
2026-03-21 20:26:43,61.32 %H,61.39 %H,61.24 %H
2026-03-21 20:56:49,61.42 %H,61.47 %H,61.36 %H
2026-03-21 21:26:55,61.47 %H,61.51 %H,61.42 %H
2026-03-21 21:57:01,61.61 %H,61.75 %H,61.46 %H
2026-03-21 22:27:08,61.80 %H,61.87 %H,61.72 %H
2026-03-21 22:57:14,61.82 %H,61.89 %H,61.77 %H
2026-03-21 23:27:20,61.88 %H,61.97 %H,61.77 %H
2026-03-21 23:57:26,62.04 %H,62.12 %H,61.95 %H
2026-03-22 00:27:38,62.18 %H,62.30 %H,62.09 %H
2026-03-22 00:57:44,62.39 %H,62.52 %H,62.27 %H
2026-03-22 01:27:50,62.60 %H,62.69 %H,62.49 %H
2026-03-22 01:57:57,62.78 %H,62.92 %H,62.65 %H
2026-03-22 02:28:03,63.04 %H,63.15 %H,62.90 %H
2026-03-22 02:58:09,63.34 %H,63.49 %H,63.13 %H
2026-03-22 03:28:15,63.70 %H,64.03 %H,63.45 %H
2026-03-22 03:58:21,64.10 %H,64.17 %H,64.03 %H
2026-03-22 04:28:27,64.39 %H,64.63 %H,64.14 %H
2026-03-22 04:58:34,64.77 %H,64.87 %H,64.61 %H
2026-03-22 05:28:40,64.84 %H,64.87 %H,64.79 %H
2026-03-22 05:58:46,64.72 %H,64.83 %H,64.67 %H
2026-03-22 06:28:52,64.71 %H,64.75 %H,64.66 %H
2026-03-22 06:58:59,64.75 %H,64.86 %H,64.69 %H
2026-03-22 07:29:05,64.77 %H,64.87 %H,64.69 %H
2026-03-22 07:59:11,64.84 %H,65.02 %H,64.67 %H
2026-03-22 08:29:17,65.03 %H,65.12 %H,64.89 %H
2026-03-22 08:59:23,65.00 %H,65.14 %H,64.78 %H
2026-03-22 09:29:30,64.56 %H,64.79 %H,64.34 %H
2026-03-22 09:59:36,64.06 %H,64.36 %H,63.75 %H
2026-03-22 10:29:42,63.51 %H,63.78 %H,63.31 %H
2026-03-22 10:59:54,63.19 %H,63.32 %H,63.02 %H
2026-03-22 11:30:00,63.03 %H,63.09 %H,62.98 %H
2026-03-22 12:00:06,62.84 %H,63.04 %H,62.60 %H
2026-03-22 12:30:12,62.28 %H,62.62 %H,62.06 %H
2026-03-22 13:00:19,62.16 %H,62.20 %H,62.10 %H
2026-03-22 13:30:25,61.98 %H,62.14 %H,61.79 %H
2026-03-22 14:00:31,61.56 %H,61.79 %H,61.32 %H
2026-03-22 14:30:37,61.16 %H,61.34 %H,61.08 %H
2026-03-22 15:30:55,61.20 %H,61.26 %H,61.14 %H
2026-03-22 16:31:08,61.23 %H,61.36 %H,61.13 %H
2026-03-22 17:01:25,61.41 %H,61.47 %H,61.33 %H
2026-03-22 17:31:38,61.59 %H,61.75 %H,61.45 %H
2026-03-22 18:01:51,61.69 %H,61.78 %H,61.58 %H
2026-03-22 18:32:03,62.02 %H,62.23 %H,61.78 %H
2026-03-22 19:02:17,62.51 %H,62.82 %H,62.21 %H
2026-03-22 19:32:28,63.04 %H,63.25 %H,62.80 %H
2026-03-22 20:02:34,63.32 %H,63.42 %H,63.22 %H
2026-03-22 20:32:41,63.42 %H,63.49 %H,63.37 %H
2026-03-22 21:02:47,63.36 %H,63.43 %H,63.27 %H
2026-03-22 21:32:53,63.34 %H,63.38 %H,63.29 %H
2026-03-22 22:02:59,63.23 %H,63.33 %H,63.08 %H
2026-03-22 22:33:06,62.94 %H,63.09 %H,62.76 %H
2026-03-22 23:03:12,62.68 %H,62.79 %H,62.54 %H
2026-03-22 23:33:18,62.41 %H,62.55 %H,62.30 %H
2026-03-23 00:33:30,61.89 %H,62.12 %H,61.60 %H
2026-03-23 01:03:37,61.39 %H,61.61 %H,61.15 %H
2026-03-23 01:33:43,61.08 %H,61.20 %H,61.00 %H
2026-03-23 02:03:49,60.94 %H,61.07 %H,60.78 %H
2026-03-23 02:33:55,60.68 %H,60.84 %H,60.54 %H
2026-03-23 03:04:02,60.43 %H,60.58 %H,60.24 %H
2026-03-23 03:34:08,60.13 %H,60.30 %H,60.00 %H
2026-03-23 04:04:14,59.94 %H,60.10 %H,59.80 %H
2026-03-23 04:34:21,59.69 %H,59.84 %H,59.54 %H
2026-03-23 05:04:27,59.41 %H,59.63 %H,59.27 %H
2026-03-23 05:34:39,59.20 %H,59.35 %H,59.06 %H
2026-03-23 06:04:45,59.22 %H,59.36 %H,59.02 %H
2026-03-23 06:34:51,59.34 %H,59.49 %H,58.90 %H
2026-03-23 07:04:57,59.38 %H,59.49 %H,59.24 %H
2026-03-23 07:35:04,59.08 %H,59.27 %H,58.81 %H
2026-03-23 08:05:10,58.50 %H,58.85 %H,58.30 %H
2026-03-23 08:35:16,58.04 %H,58.33 %H,57.79 %H
2026-03-23 09:05:22,57.70 %H,57.85 %H,57.57 %H
2026-03-23 09:35:28,57.66 %H,57.76 %H,57.57 %H
2026-03-23 10:05:34,57.67 %H,57.79 %H,57.56 %H
2026-03-23 10:35:41,57.90 %H,58.02 %H,57.77 %H
2026-03-23 11:05:47,57.96 %H,58.17 %H,57.60 %H
2026-03-23 11:35:53,58.32 %H,58.56 %H,58.15 %H
2026-03-23 12:05:59,58.68 %H,58.78 %H,58.54 %H
2026-03-23 12:36:06,58.46 %H,58.59 %H,58.30 %H
2026-03-23 13:06:12,58.36 %H,58.45 %H,58.08 %H
2026-03-23 13:36:18,58.45 %H,58.65 %H,58.19 %H
2026-03-23 14:06:24,58.87 %H,59.05 %H,58.65 %H
2026-03-23 14:36:30,59.12 %H,59.20 %H,59.01 %H
2026-03-23 15:06:48,59.16 %H,59.22 %H,59.06 %H
2026-03-23 15:36:54,58.95 %H,59.07 %H,58.76 %H
2026-03-23 16:07:00,58.93 %H,59.10 %H,58.78 %H
2026-03-23 16:37:06,59.16 %H,59.28 %H,59.07 %H
2026-03-23 17:37:19,59.39 %H,59.55 %H,59.14 %H
2026-03-23 18:07:25,59.56 %H,59.79 %H,59.38 %H
2026-03-23 18:37:31,60.02 %H,60.16 %H,59.78 %H
2026-03-23 19:07:38,60.28 %H,60.44 %H,60.13 %H
2026-03-23 19:37:44,60.73 %H,60.95 %H,60.43 %H
2026-03-23 20:07:50,60.59 %H,60.98 %H,60.24 %H
2026-03-23 20:37:56,60.85 %H,60.96 %H,60.71 %H
2026-03-23 21:08:02,61.06 %H,61.15 %H,60.97 %H
2026-03-23 21:38:09,61.18 %H,61.22 %H,61.13 %H
2026-03-23 22:08:15,61.06 %H,61.35 %H,60.74 %H
2026-03-23 22:38:21,60.90 %H,61.00 %H,60.77 %H
2026-03-23 23:08:27,61.06 %H,61.17 %H,60.92 %H
2026-03-23 23:38:33,61.11 %H,61.20 %H,61.04 %H
2026-03-24 00:08:40,61.58 %H,61.79 %H,61.15 %H
2026-03-24 00:38:46,61.73 %H,61.79 %H,61.70 %H
2026-03-24 01:08:58,61.79 %H,62.04 %H,61.68 %H
2026-03-24 01:39:04,62.10 %H,62.16 %H,62.03 %H
2026-03-24 02:09:10,62.03 %H,62.08 %H,61.99 %H
2026-03-24 02:39:16,62.12 %H,62.17 %H,62.06 %H
2026-03-24 03:09:23,62.13 %H,62.17 %H,62.08 %H
2026-03-24 03:39:29,62.02 %H,62.10 %H,61.95 %H
2026-03-24 04:09:35,61.92 %H,61.99 %H,61.83 %H
2026-03-24 04:39:41,61.78 %H,61.86 %H,61.72 %H
2026-03-24 05:09:47,61.72 %H,61.76 %H,61.69 %H
2026-03-24 05:39:54,61.67 %H,61.72 %H,61.62 %H
2026-03-24 06:10:00,61.59 %H,61.64 %H,61.51 %H
2026-03-24 06:40:06,61.44 %H,61.54 %H,61.39 %H
2026-03-24 07:10:13,61.38 %H,61.41 %H,61.33 %H
2026-03-24 07:40:19,61.30 %H,61.45 %H,61.18 %H
2026-03-24 08:10:25,60.95 %H,61.21 %H,60.72 %H
2026-03-24 08:40:31,60.30 %H,60.74 %H,59.99 %H
2026-03-24 09:10:37,58.97 %H,60.04 %H,58.29 %H
2026-03-24 09:40:43,58.93 %H,59.04 %H,58.85 %H
2026-03-24 10:10:49,59.08 %H,59.21 %H,58.92 %H
2026-03-24 10:41:07,59.01 %H,59.22 %H,58.70 %H
2026-03-24 11:11:13,58.37 %H,58.68 %H,58.12 %H
2026-03-24 11:41:19,58.33 %H,58.52 %H,58.10 %H
2026-03-24 12:11:26,58.04 %H,58.12 %H,57.95 %H
2026-03-24 12:41:32,57.98 %H,58.05 %H,57.93 %H
2026-03-24 13:11:38,57.72 %H,57.97 %H,57.27 %H
2026-03-24 13:41:44,58.01 %H,58.23 %H,57.80 %H
2026-03-24 14:11:51,58.35 %H,58.47 %H,58.21 %H
2026-03-24 14:41:57,58.52 %H,58.60 %H,58.45 %H
2026-03-24 15:12:08,58.59 %H,58.66 %H,58.28 %H
2026-03-24 15:42:15,58.41 %H,58.53 %H,58.23 %H
2026-03-24 16:12:21,58.49 %H,58.65 %H,58.38 %H
2026-03-24 16:42:27,58.48 %H,58.61 %H,58.33 %H
2026-03-24 17:12:34,58.48 %H,58.59 %H,58.37 %H
2026-03-24 17:42:40,58.48 %H,58.82 %H,58.18 %H
2026-03-24 18:12:46,58.99 %H,59.14 %H,58.81 %H
2026-03-24 18:42:52,60.23 %H,61.19 %H,59.11 %H
2026-03-24 19:12:58,61.14 %H,61.23 %H,61.05 %H
2026-03-24 19:43:10,61.21 %H,61.46 %H,60.65 %H
2026-03-24 20:13:16,61.18 %H,61.52 %H,60.64 %H
2026-03-24 20:43:22,61.54 %H,61.62 %H,61.46 %H
2026-03-24 21:13:29,61.51 %H,61.56 %H,61.47 %H
2026-03-24 21:43:35,61.56 %H,61.72 %H,61.47 %H
2026-03-24 22:13:41,61.52 %H,61.80 %H,61.24 %H
2026-03-24 22:43:47,61.97 %H,62.19 %H,61.63 %H
2026-03-24 23:13:54,62.21 %H,62.25 %H,62.18 %H
2026-03-24 23:44:00,62.19 %H,62.23 %H,62.16 %H
2026-03-25 00:14:06,62.13 %H,62.19 %H,62.06 %H
2026-03-25 00:44:12,62.06 %H,62.10 %H,62.01 %H
2026-03-25 01:14:18,62.11 %H,62.19 %H,62.05 %H
2026-03-25 01:44:24,62.12 %H,62.17 %H,62.03 %H
2026-03-25 02:14:31,62.03 %H,62.06 %H,61.99 %H
2026-03-25 02:44:37,62.03 %H,62.06 %H,61.99 %H
2026-03-25 03:14:43,62.05 %H,62.07 %H,62.02 %H
2026-03-25 03:44:49,62.07 %H,62.10 %H,62.04 %H
2026-03-25 04:14:56,62.08 %H,62.12 %H,62.06 %H
2026-03-25 04:45:02,62.11 %H,62.14 %H,62.09 %H
2026-03-25 05:15:13,62.13 %H,62.17 %H,62.09 %H
2026-03-25 05:45:20,62.16 %H,62.18 %H,62.12 %H
2026-03-25 06:15:26,62.19 %H,62.37 %H,62.15 %H
2026-03-25 06:45:32,62.34 %H,62.42 %H,62.31 %H
2026-03-25 07:15:38,62.32 %H,62.37 %H,62.28 %H
2026-03-25 07:45:45,62.30 %H,62.37 %H,62.21 %H
2026-03-25 08:15:51,62.14 %H,62.24 %H,62.01 %H
2026-03-25 08:45:57,62.06 %H,62.48 %H,61.76 %H
2026-03-25 09:16:03,61.95 %H,63.03 %H,56.73 %H
2026-03-25 09:46:10,50.65 %H,56.60 %H,48.83 %H
2026-03-25 10:16:16,47.96 %H,48.80 %H,47.39 %H
2026-03-25 10:46:22,47.49 %H,48.15 %H,46.63 %H
2026-03-25 11:16:28,47.68 %H,48.12 %H,46.82 %H
2026-03-25 11:38:02,0.00 %H,0.00 %H,0.00 %H
2026-03-25 11:40:07,0.00 %H,0.00 %H,0.00 %H
2026-03-25 11:42:07,0.00 %H,0.00 %H,0.00 %H
2026-03-25 11:49:55,48.04 %H,48.09 %H,48.01 %H
2026-03-25 11:51:06,48.13 %H,48.16 %H,48.09 %H
2026-03-25 11:52:12,48.17 %H,48.21 %H,48.15 %H
2026-03-25 11:53:18,48.23 %H,48.27 %H,48.20 %H
2026-03-25 11:54:25,48.34 %H,48.40 %H,48.27 %H
2026-03-25 11:55:31,48.42 %H,48.45 %H,48.37 %H
2026-03-25 11:56:37,48.50 %H,48.52 %H,48.46 %H
2026-03-25 11:57:43,48.54 %H,48.57 %H,48.52 %H
2026-03-25 11:58:49,48.58 %H,48.62 %H,48.55 %H
2026-03-25 11:59:56,48.61 %H,48.62 %H,48.59 %H
2026-03-25 12:02:22,48.82 %H,48.85 %H,48.80 %H
2026-03-25 12:03:33,48.84 %H,48.88 %H,48.83 %H
2026-03-25 12:05:44,0.00 %H,0.00 %H,0.00 %H
2026-03-25 12:07:45,0.00 %H,0.00 %H,0.00 %H
2026-03-25 12:14:00,49.31 %H,49.42 %H,49.21 %H
2026-03-25 12:15:18,49.45 %H,49.47 %H,49.42 %H
2026-03-25 12:16:24,49.37 %H,49.42 %H,49.30 %H
2026-03-25 12:17:30,49.20 %H,49.29 %H,49.12 %H
2026-03-25 12:18:36,49.01 %H,49.09 %H,48.90 %H
2026-03-25 12:19:43,48.80 %H,48.89 %H,48.75 %H
2026-03-25 12:20:49,48.74 %H,48.77 %H,48.72 %H
2026-03-25 12:21:55,48.69 %H,48.73 %H,48.66 %H
2026-03-25 12:43:21,48.66 %H,49.01 %H,48.53 %H
2026-03-25 12:53:32,48.45 %H,48.56 %H,48.37 %H
2026-03-25 13:03:38,48.64 %H,48.92 %H,48.48 %H
2026-03-25 13:13:45,49.34 %H,49.85 %H,48.92 %H
2026-03-25 13:23:51,50.36 %H,50.77 %H,49.85 %H
2026-03-25 13:33:57,51.04 %H,51.25 %H,50.77 %H
2026-03-25 13:44:04,51.56 %H,51.81 %H,51.25 %H
2026-03-25 13:54:10,52.22 %H,52.53 %H,51.81 %H
2026-03-25 14:04:16,52.86 %H,53.16 %H,52.54 %H
2026-03-25 14:14:28,53.39 %H,53.61 %H,53.15 %H
2026-03-25 14:24:34,53.77 %H,53.94 %H,53.60 %H
2026-03-25 14:34:40,54.13 %H,54.26 %H,53.93 %H
2026-03-25 14:44:47,54.20 %H,54.24 %H,54.16 %H
2026-03-25 14:54:58,53.80 %H,54.31 %H,51.91 %H
2026-03-25 15:05:33,46.86 %H,47.23 %H,46.54 %H
2026-03-25 18:11:02,,,
2026-03-25 18:41:40,52.66 %H,53.21 %H,52.05 %H
2026-03-25 18:41:40,52.66 %H,53.21 %H,52.05 %H
2026-03-25 19:11:46,53.54 %H,53.89 %H,53.26 %H
2026-03-25 19:11:46,53.54 %H,53.89 %H,53.26 %H
2026-03-25 19:41:52,54.23 %H,54.53 %H,53.90 %H
2026-03-25 19:41:52,54.23 %H,54.53 %H,53.90 %H
2026-03-25 20:11:58,54.88 %H,55.20 %H,54.57 %H
2026-03-25 20:11:58,54.88 %H,55.20 %H,54.57 %H
2026-03-25 20:42:04,55.55 %H,55.87 %H,55.22 %H
2026-03-25 21:12:10,56.24 %H,56.45 %H,55.90 %H
2026-03-25 21:42:17,56.78 %H,57.16 %H,56.46 %H
2026-03-25 21:42:17,56.78 %H,57.16 %H,56.46 %H
2026-03-25 22:12:23,57.40 %H,57.64 %H,57.20 %H
2026-03-25 22:42:29,57.74 %H,57.86 %H,57.63 %H
2026-03-25 22:42:29,57.74 %H,57.86 %H,57.63 %H
2026-03-25 23:12:35,57.87 %H,58.26 %H,57.79 %H
2026-03-25 23:12:35,57.87 %H,58.26 %H,57.79 %H
2026-03-25 23:42:42,59.01 %H,59.32 %H,58.49 %H
2026-03-26 00:12:48,60.07 %H,60.81 %H,59.25 %H
2026-03-26 00:12:48,60.07 %H,60.81 %H,59.25 %H
2026-03-26 00:42:54,60.58 %H,60.75 %H,60.46 %H
2026-03-26 00:42:54,60.58 %H,60.75 %H,60.46 %H
2026-03-26 01:13:00,60.41 %H,60.60 %H,60.28 %H
2026-03-26 01:13:00,60.41 %H,60.60 %H,60.28 %H
2026-03-26 01:43:07,60.51 %H,60.70 %H,60.37 %H
2026-03-26 01:43:07,60.51 %H,60.70 %H,60.37 %H
2026-03-26 02:13:13,60.86 %H,61.01 %H,60.72 %H
2026-03-26 02:43:19,61.00 %H,61.14 %H,60.87 %H
2026-03-26 02:43:19,61.00 %H,61.14 %H,60.87 %H
2026-03-26 03:13:31,61.17 %H,61.31 %H,61.08 %H
2026-03-26 03:43:37,61.46 %H,61.65 %H,61.30 %H
2026-03-26 04:13:43,61.77 %H,61.92 %H,61.64 %H
2026-03-26 04:13:43,61.77 %H,61.92 %H,61.64 %H
2026-03-26 05:13:56,62.09 %H,62.15 %H,62.03 %H
2026-03-26 05:13:56,62.09 %H,62.15 %H,62.03 %H
2026-03-26 05:44:02,62.26 %H,62.37 %H,62.15 %H
2026-03-26 05:44:02,62.26 %H,62.37 %H,62.15 %H
2026-03-26 06:14:08,62.46 %H,62.50 %H,62.38 %H
2026-03-26 06:14:08,62.46 %H,62.50 %H,62.38 %H
2026-03-26 06:44:14,62.54 %H,62.62 %H,62.45 %H
2026-03-26 06:44:14,62.54 %H,62.62 %H,62.45 %H
2026-03-26 07:14:20,62.64 %H,62.86 %H,62.56 %H
2026-03-26 07:14:20,62.64 %H,62.86 %H,62.56 %H
2026-03-26 07:44:27,63.85 %H,64.67 %H,63.42 %H
2026-03-26 08:44:39,63.56 %H,63.68 %H,63.41 %H
2026-03-26 08:44:39,63.56 %H,63.68 %H,63.41 %H
2026-03-26 09:14:57,63.23 %H,63.39 %H,62.95 %H
2026-03-26 09:14:57,63.23 %H,63.39 %H,62.95 %H
2026-03-26 09:45:04,60.31 %H,62.94 %H,52.00 %H
2026-03-26 10:15:17,49.23 %H,51.48 %H,48.07 %H
2026-03-26 10:45:30,47.57 %H,48.19 %H,46.66 %H
2026-03-26 11:15:43,48.06 %H,48.19 %H,47.87 %H
2026-03-26 11:46:01,47.58 %H,47.86 %H,47.14 %H
2026-03-26 12:16:07,46.32 %H,47.09 %H,45.74 %H
2026-03-26 12:46:13,45.93 %H,46.13 %H,45.41 %H
2026-03-26 13:16:20,46.01 %H,46.26 %H,45.72 %H
2026-03-26 14:16:32,47.61 %H,47.94 %H,47.30 %H
2026-03-26 14:46:38,47.47 %H,47.81 %H,47.28 %H
2026-03-26 15:16:44,47.34 %H,47.70 %H,46.72 %H
2026-03-26 15:46:56,46.40 %H,46.69 %H,46.08 %H
2026-03-26 16:17:02,46.08 %H,47.78 %H,45.70 %H
2026-03-26 16:47:09,54.95 %H,57.93 %H,48.57 %H
2026-03-26 16:47:09,54.95 %H,57.93 %H,48.57 %H
2026-03-26 17:17:15,58.23 %H,58.41 %H,57.96 %H
2026-03-26 17:47:21,56.94 %H,59.61 %H,52.51 %H
2026-03-26 18:17:27,58.36 %H,59.82 %H,54.21 %H
2026-03-26 18:17:27,58.36 %H,59.82 %H,54.21 %H
2026-03-26 18:47:34,58.97 %H,60.36 %H,54.67 %H
2026-03-26 19:17:40,59.98 %H,60.83 %H,57.87 %H
2026-03-26 19:17:40,59.98 %H,60.83 %H,57.87 %H
2026-03-26 19:47:46,57.81 %H,57.97 %H,57.72 %H
2026-03-26 20:17:52,57.87 %H,57.96 %H,57.77 %H
2026-03-26 21:18:04,58.37 %H,58.69 %H,58.12 %H
2026-03-26 21:18:04,58.37 %H,58.69 %H,58.12 %H
2026-03-26 21:48:11,58.58 %H,58.92 %H,58.22 %H
2026-03-26 21:48:11,58.58 %H,58.92 %H,58.22 %H
2026-03-26 22:18:17,58.77 %H,59.08 %H,58.52 %H
2026-03-26 22:18:17,58.77 %H,59.08 %H,58.52 %H
2026-03-26 22:48:23,59.36 %H,59.65 %H,59.05 %H
2026-03-26 22:48:23,59.36 %H,59.65 %H,59.05 %H
2026-03-26 23:18:29,59.89 %H,60.01 %H,59.67 %H
2026-03-26 23:48:36,59.94 %H,60.03 %H,59.45 %H
2026-03-27 00:18:42,59.56 %H,59.85 %H,59.21 %H
2026-03-27 00:48:48,59.85 %H,60.07 %H,59.78 %H
2026-03-27 01:18:54,60.11 %H,60.22 %H,60.05 %H
2026-03-27 01:49:12,60.30 %H,60.55 %H,60.14 %H
2026-03-27 17:52:42,58.33 %H,58.77 %H,57.90 %H
2026-03-27 17:52:42,58.33 %H,58.77 %H,57.90 %H
2026-03-27 18:22:48,58.90 %H,58.95 %H,58.79 %H
2026-03-27 18:52:54,59.01 %H,59.18 %H,58.89 %H
2026-03-27 18:52:54,59.01 %H,59.18 %H,58.89 %H
2026-03-27 18:52:54,59.01 %H,59.18 %H,58.89 %H
2026-03-27 19:23:00,59.25 %H,59.36 %H,59.04 %H
2026-03-27 19:23:00,59.25 %H,59.36 %H,59.04 %H
2026-03-27 19:23:00,59.25 %H,59.36 %H,59.04 %H
2026-03-27 19:53:06,59.52 %H,59.69 %H,59.37 %H
2026-03-27 20:23:13,59.91 %H,60.13 %H,59.70 %H
2026-03-27 20:53:19,60.22 %H,60.40 %H,60.13 %H
2026-03-27 21:23:25,60.06 %H,60.28 %H,59.87 %H
2026-03-27 21:23:25,60.06 %H,60.28 %H,59.87 %H
2026-03-27 21:53:31,60.44 %H,60.52 %H,60.30 %H
2026-03-27 21:53:31,60.44 %H,60.52 %H,60.30 %H
2026-03-27 22:23:37,60.56 %H,60.61 %H,60.50 %H
2026-03-27 22:23:37,60.56 %H,60.61 %H,60.50 %H
2026-03-27 22:23:37,60.56 %H,60.61 %H,60.50 %H
2026-03-27 22:53:44,60.53 %H,60.58 %H,60.46 %H
2026-03-27 23:23:50,60.26 %H,60.49 %H,60.01 %H
2026-03-27 23:23:50,60.26 %H,60.49 %H,60.01 %H
2026-03-27 23:53:56,60.28 %H,60.35 %H,60.21 %H
2026-03-27 23:53:56,60.28 %H,60.35 %H,60.21 %H
2026-03-28 00:24:02,60.39 %H,60.50 %H,60.33 %H
2026-03-28 00:54:08,60.56 %H,60.64 %H,60.50 %H
2026-03-28 00:54:08,60.56 %H,60.64 %H,60.50 %H
2026-03-28 00:54:08,60.56 %H,60.64 %H,60.50 %H
2026-03-28 01:24:14,60.68 %H,60.73 %H,60.64 %H
2026-03-28 01:24:14,60.68 %H,60.73 %H,60.64 %H
2026-03-28 01:24:14,60.68 %H,60.73 %H,60.64 %H
2026-03-28 01:54:21,60.73 %H,60.81 %H,60.67 %H
2026-03-28 01:54:21,60.73 %H,60.81 %H,60.67 %H
2026-03-28 02:24:27,60.87 %H,60.91 %H,60.81 %H
2026-03-28 02:54:34,60.93 %H,60.97 %H,60.89 %H
2026-03-28 02:54:34,60.93 %H,60.97 %H,60.89 %H
2026-03-28 02:54:34,60.93 %H,60.97 %H,60.89 %H
2026-03-28 03:24:39,60.98 %H,61.02 %H,60.91 %H
2026-03-28 03:24:39,60.98 %H,61.02 %H,60.91 %H
2026-03-28 03:54:46,61.00 %H,61.06 %H,60.95 %H
2026-03-28 03:54:46,61.00 %H,61.06 %H,60.95 %H
2026-03-28 04:24:52,60.96 %H,60.99 %H,60.94 %H
2026-03-28 04:24:52,60.96 %H,60.99 %H,60.94 %H
2026-03-28 04:54:58,60.99 %H,61.02 %H,60.96 %H
2026-03-28 04:54:58,60.99 %H,61.02 %H,60.96 %H
2026-03-28 05:25:04,60.99 %H,61.02 %H,60.97 %H
2026-03-28 05:25:04,60.99 %H,61.02 %H,60.97 %H
2026-03-28 05:25:04,60.99 %H,61.02 %H,60.97 %H
2026-03-28 05:55:11,61.05 %H,61.10 %H,60.99 %H
2026-03-28 05:55:11,61.05 %H,61.10 %H,60.99 %H
2026-03-28 06:25:17,61.16 %H,61.23 %H,61.09 %H
2026-03-28 06:25:17,61.16 %H,61.23 %H,61.09 %H
2026-03-28 06:55:23,61.27 %H,61.33 %H,61.21 %H
2026-03-28 07:25:29,61.33 %H,61.37 %H,61.30 %H
2026-03-28 07:55:36,63.41 %H,64.64 %H,62.04 %H
2026-03-28 08:25:42,62.69 %H,63.00 %H,62.41 %H
2026-03-28 08:55:48,62.04 %H,62.37 %H,61.77 %H
2026-03-28 09:25:54,61.55 %H,61.77 %H,61.39 %H
2026-03-28 09:25:54,61.55 %H,61.77 %H,61.39 %H
2026-03-28 09:25:54,61.55 %H,61.77 %H,61.39 %H
2026-03-28 09:56:00,61.27 %H,61.37 %H,61.13 %H
2026-03-28 10:26:18,60.99 %H,61.13 %H,60.84 %H
2026-03-28 10:56:24,60.71 %H,60.85 %H,60.62 %H
2026-03-28 11:26:31,60.53 %H,60.62 %H,60.44 %H
2026-03-28 11:56:37,60.37 %H,60.44 %H,60.32 %H
2026-03-28 11:56:37,60.37 %H,60.44 %H,60.32 %H
2026-03-28 12:26:43,60.27 %H,60.35 %H,60.20 %H
2026-03-28 12:56:49,60.14 %H,60.20 %H,60.05 %H
2026-03-28 12:56:49,60.14 %H,60.20 %H,60.05 %H
2026-03-28 13:26:56,59.96 %H,60.07 %H,59.81 %H
2026-03-28 13:57:01,59.66 %H,59.82 %H,59.50 %H
2026-03-28 14:27:08,59.37 %H,59.49 %H,59.28 %H
2026-03-28 14:27:08,59.37 %H,59.49 %H,59.28 %H
2026-03-28 15:27:20,59.14 %H,59.21 %H,59.09 %H
2026-03-28 15:57:32,59.08 %H,59.12 %H,59.02 %H
2026-03-28 15:57:32,59.08 %H,59.12 %H,59.02 %H
2026-03-28 16:27:38,59.07 %H,59.11 %H,59.04 %H
2026-03-28 16:27:38,59.07 %H,59.11 %H,59.04 %H
2026-03-28 16:57:44,59.05 %H,59.10 %H,58.94 %H
2026-03-28 16:57:44,59.05 %H,59.10 %H,58.94 %H
2026-03-28 17:27:51,58.86 %H,58.95 %H,58.76 %H
2026-03-28 17:57:57,58.86 %H,58.91 %H,58.80 %H
2026-03-28 18:28:03,58.99 %H,59.10 %H,58.90 %H
2026-03-28 18:28:03,58.99 %H,59.10 %H,58.90 %H
2026-03-28 19:28:15,59.50 %H,59.56 %H,59.43 %H
2026-03-28 19:58:21,59.53 %H,59.56 %H,59.51 %H
2026-03-28 20:28:33,59.56 %H,59.60 %H,59.52 %H
2026-03-28 20:28:33,59.56 %H,59.60 %H,59.52 %H
2026-03-28 20:58:40,59.62 %H,59.68 %H,59.59 %H
2026-03-28 21:28:46,59.69 %H,59.72 %H,59.66 %H
2026-03-28 21:58:52,59.59 %H,59.67 %H,59.51 %H
2026-03-28 21:58:52,59.59 %H,59.67 %H,59.51 %H
2026-03-28 21:58:52,59.59 %H,59.67 %H,59.51 %H
2026-03-28 22:28:58,59.40 %H,59.51 %H,59.30 %H
2026-03-28 22:59:04,59.25 %H,59.29 %H,59.20 %H
2026-03-28 22:59:04,59.25 %H,59.29 %H,59.20 %H
2026-03-28 22:59:04,59.25 %H,59.29 %H,59.20 %H
2026-03-28 23:29:11,59.15 %H,59.22 %H,59.07 %H
2026-03-28 23:59:17,59.06 %H,59.10 %H,59.01 %H
2026-03-29 00:29:23,58.88 %H,59.00 %H,58.78 %H
2026-03-29 00:59:29,58.84 %H,58.87 %H,58.79 %H
2026-03-29 01:29:36,58.75 %H,58.82 %H,58.65 %H
2026-03-29 01:29:36,58.75 %H,58.82 %H,58.65 %H
2026-03-29 01:29:36,58.75 %H,58.82 %H,58.65 %H
2026-03-29 01:59:42,58.52 %H,58.65 %H,58.41 %H
2026-03-29 02:29:48,58.33 %H,58.44 %H,58.12 %H
2026-03-29 02:59:54,58.25 %H,58.30 %H,58.22 %H
2026-03-29 02:59:54,58.25 %H,58.30 %H,58.22 %H
2026-03-29 03:30:00,58.24 %H,58.29 %H,58.15 %H
2026-03-29 04:00:07,58.37 %H,58.44 %H,58.28 %H
2026-03-29 04:30:13,58.40 %H,58.44 %H,58.36 %H
2026-03-29 04:30:13,58.40 %H,58.44 %H,58.36 %H
2026-03-29 05:00:19,58.35 %H,58.40 %H,58.32 %H
2026-03-29 05:30:25,58.32 %H,58.35 %H,58.29 %H
2026-03-29 06:00:37,58.21 %H,58.29 %H,58.14 %H
2026-03-29 06:00:37,58.21 %H,58.29 %H,58.14 %H
2026-03-29 06:30:43,58.13 %H,58.15 %H,58.08 %H
2026-03-29 07:00:49,57.83 %H,58.06 %H,57.60 %H
2026-03-29 07:30:56,57.32 %H,57.61 %H,56.99 %H
2026-03-29 08:01:02,56.65 %H,57.01 %H,56.25 %H
2026-03-29 08:31:08,56.11 %H,56.27 %H,55.87 %H
2026-03-29 09:01:14,55.64 %H,55.85 %H,55.38 %H
2026-03-29 09:31:20,55.27 %H,55.42 %H,55.03 %H
2026-03-29 10:01:27,55.07 %H,55.15 %H,54.99 %H
2026-03-29 10:31:33,55.14 %H,55.19 %H,55.07 %H
2026-03-29 10:31:33,55.14 %H,55.19 %H,55.07 %H
2026-03-29 11:01:39,55.17 %H,55.28 %H,55.10 %H
2026-03-29 11:01:39,55.17 %H,55.28 %H,55.10 %H
2026-03-29 11:31:45,55.25 %H,55.31 %H,55.17 %H
2026-03-29 12:01:51,55.25 %H,55.30 %H,55.20 %H
2026-03-29 12:31:58,55.31 %H,55.36 %H,55.25 %H
2026-03-29 13:32:10,55.13 %H,55.22 %H,55.04 %H
2026-03-29 14:02:16,55.00 %H,55.03 %H,54.96 %H
2026-03-29 14:02:16,55.00 %H,55.03 %H,54.96 %H
2026-03-29 14:32:23,55.06 %H,55.10 %H,55.02 %H
2026-03-29 15:02:29,55.04 %H,55.10 %H,54.99 %H
2026-03-29 15:32:35,55.14 %H,55.19 %H,55.07 %H
2026-03-29 15:32:35,55.14 %H,55.19 %H,55.07 %H
2026-03-29 15:32:35,55.14 %H,55.19 %H,55.07 %H
2026-03-29 16:02:52,55.16 %H,55.23 %H,55.09 %H
2026-03-29 16:32:58,55.25 %H,55.33 %H,55.17 %H
2026-03-29 17:33:11,55.52 %H,55.63 %H,55.42 %H
2026-03-29 18:03:17,55.76 %H,55.89 %H,55.61 %H
2026-03-29 18:03:17,55.76 %H,55.89 %H,55.61 %H
2026-03-29 18:33:23,56.09 %H,56.27 %H,55.90 %H
2026-03-29 19:03:30,56.46 %H,56.63 %H,56.27 %H
2026-03-29 19:33:36,56.70 %H,56.77 %H,56.63 %H
2026-03-29 19:33:36,56.70 %H,56.77 %H,56.63 %H
2026-03-29 20:03:42,56.83 %H,56.90 %H,56.77 %H
2026-03-29 20:33:48,56.95 %H,57.00 %H,56.87 %H
2026-03-29 21:03:54,57.08 %H,57.14 %H,57.01 %H
2026-03-29 21:34:01,57.14 %H,57.21 %H,57.10 %H
2026-03-29 22:04:07,57.25 %H,57.35 %H,57.19 %H
2026-03-29 22:34:13,57.42 %H,57.49 %H,57.33 %H
2026-03-29 23:04:19,57.57 %H,57.70 %H,57.46 %H
2026-03-29 23:34:26,57.73 %H,57.78 %H,57.68 %H
2026-03-29 23:34:26,57.73 %H,57.78 %H,57.68 %H
2026-03-30 00:34:38,57.95 %H,57.99 %H,57.91 %H
2026-03-30 01:04:50,58.01 %H,58.05 %H,57.97 %H
2026-03-30 01:35:03,58.04 %H,58.08 %H,58.00 %H
2026-03-30 02:05:16,58.08 %H,58.11 %H,58.06 %H
2026-03-30 02:05:16,58.08 %H,58.11 %H,58.06 %H
2026-03-30 02:35:28,58.13 %H,58.15 %H,58.10 %H
2026-03-30 02:35:28,58.13 %H,58.15 %H,58.10 %H
2026-03-30 03:05:48,58.11 %H,58.13 %H,58.09 %H
2026-03-30 03:36:00,58.08 %H,58.13 %H,57.99 %H
2026-03-30 04:36:12,57.87 %H,57.90 %H,57.81 %H
2026-03-30 05:06:18,57.81 %H,57.84 %H,57.75 %H
2026-03-30 05:36:25,57.77 %H,57.80 %H,57.74 %H
2026-03-30 06:06:31,57.81 %H,57.90 %H,57.71 %H
2026-03-30 06:06:31,57.81 %H,57.90 %H,57.71 %H
2026-03-30 06:36:37,58.04 %H,58.11 %H,57.91 %H
2026-03-30 07:06:43,57.92 %H,58.07 %H,57.66 %H
2026-03-30 07:36:49,57.55 %H,57.71 %H,57.32 %H
2026-03-30 07:36:49,57.55 %H,57.71 %H,57.32 %H
2026-03-30 08:06:56,57.03 %H,57.29 %H,56.89 %H
2026-03-30 08:37:02,56.77 %H,56.86 %H,56.71 %H
2026-03-30 08:37:02,56.77 %H,56.86 %H,56.71 %H
2026-03-30 09:07:08,56.59 %H,56.74 %H,56.46 %H
2026-03-30 09:37:14,56.28 %H,56.45 %H,56.17 %H
2026-03-30 09:37:14,56.28 %H,56.45 %H,56.17 %H
2026-03-30 09:37:14,56.28 %H,56.45 %H,56.17 %H
2026-03-30 10:07:21,56.22 %H,56.29 %H,56.06 %H
2026-03-30 11:07:33,55.89 %H,55.93 %H,55.83 %H
2026-03-30 11:37:45,55.88 %H,55.98 %H,55.56 %H
2026-03-30 12:07:58,55.40 %H,55.56 %H,55.02 %H
2026-03-30 12:38:11,55.52 %H,55.60 %H,55.45 %H
2026-03-30 13:08:23,55.31 %H,55.47 %H,55.10 %H
2026-03-30 13:38:36,54.97 %H,55.12 %H,54.78 %H
2026-03-30 13:38:36,54.97 %H,55.12 %H,54.78 %H
2026-03-30 14:08:48,54.44 %H,54.76 %H,54.08 %H
2026-03-30 15:09:01,53.38 %H,53.67 %H,53.12 %H
2026-03-30 16:09:13,52.19 %H,52.51 %H,51.86 %H
2026-03-30 16:09:13,52.19 %H,52.51 %H,51.86 %H
2026-03-30 16:39:25,51.88 %H,51.96 %H,51.76 %H
2026-03-30 17:09:31,51.97 %H,52.23 %H,51.76 %H
2026-03-30 17:09:31,51.97 %H,52.23 %H,51.76 %H
2026-03-30 17:09:31,51.97 %H,52.23 %H,51.76 %H
2026-03-30 17:39:37,52.50 %H,52.79 %H,52.24 %H
2026-03-30 17:39:37,52.50 %H,52.79 %H,52.24 %H
2026-03-30 17:39:37,52.50 %H,52.79 %H,52.24 %H
2026-03-30 18:09:43,52.99 %H,53.09 %H,52.77 %H
2026-03-30 18:39:50,52.79 %H,53.15 %H,52.37 %H
2026-03-30 19:10:01,53.26 %H,53.55 %H,53.06 %H
2026-03-30 19:40:14,53.72 %H,53.78 %H,53.54 %H
2026-03-30 20:10:27,53.69 %H,53.76 %H,53.63 %H
2026-03-30 20:40:40,53.55 %H,53.73 %H,53.23 %H
2026-03-30 21:10:53,53.13 %H,53.24 %H,53.04 %H
2026-03-30 21:10:53,53.13 %H,53.24 %H,53.04 %H
2026-03-30 21:41:05,53.01 %H,53.07 %H,52.96 %H
2026-03-30 22:11:16,53.03 %H,53.13 %H,52.90 %H
2026-03-30 22:41:36,53.01 %H,53.17 %H,52.96 %H
2026-03-30 23:11:56,52.87 %H,52.98 %H,52.81 %H
2026-03-30 23:42:15,52.99 %H,53.04 %H,52.90 %H
2026-03-31 00:12:34,52.97 %H,53.06 %H,52.93 %H
2026-03-31 00:12:34,52.97 %H,53.06 %H,52.93 %H
2026-03-31 11:47:20,53.74 %H,54.08 %H,53.41 %H
2026-03-31 12:47:33,53.94 %H,53.99 %H,53.91 %H
2026-03-31 12:47:33,53.94 %H,53.99 %H,53.91 %H
2026-03-31 12:47:33,53.94 %H,53.99 %H,53.91 %H
2026-03-31 13:17:39,53.86 %H,53.93 %H,53.79 %H
2026-03-31 13:17:39,53.86 %H,53.93 %H,53.79 %H
2026-03-31 13:17:39,53.86 %H,53.93 %H,53.79 %H
2026-03-31 13:47:45,53.57 %H,53.80 %H,53.19 %H
2026-03-31 13:47:45,53.57 %H,53.80 %H,53.19 %H
2026-03-31 14:17:51,53.52 %H,53.57 %H,53.43 %H
2026-03-31 14:17:51,53.52 %H,53.57 %H,53.43 %H
2026-03-31 14:47:57,53.56 %H,53.85 %H,53.41 %H
2026-03-31 14:47:57,53.56 %H,53.85 %H,53.41 %H
2026-03-31 15:18:04,54.22 %H,54.57 %H,53.87 %H
2026-03-31 15:18:04,54.22 %H,54.57 %H,53.87 %H
2026-03-31 15:18:04,54.22 %H,54.57 %H,53.87 %H
2026-03-31 15:48:10,55.43 %H,56.42 %H,54.56 %H
2026-03-31 15:48:10,55.43 %H,56.42 %H,54.56 %H
2026-03-31 16:18:16,56.62 %H,57.00 %H,56.39 %H
2026-03-31 16:18:16,56.62 %H,57.00 %H,56.39 %H
2026-03-31 16:48:28,56.89 %H,57.04 %H,56.60 %H
2026-03-31 16:48:28,56.89 %H,57.04 %H,56.60 %H
2026-03-31 16:48:28,56.89 %H,57.04 %H,56.60 %H
2026-03-31 17:18:34,56.17 %H,56.57 %H,55.73 %H
2026-03-31 18:18:47,55.31 %H,55.55 %H,55.12 %H
2026-03-31 18:18:47,55.31 %H,55.55 %H,55.12 %H
2026-03-31 18:48:53,55.04 %H,55.15 %H,54.95 %H
2026-03-31 18:48:53,55.04 %H,55.15 %H,54.95 %H
2026-03-31 19:19:04,55.48 %H,55.83 %H,55.12 %H
2026-03-31 19:19:04,55.48 %H,55.83 %H,55.12 %H
2026-03-31 19:49:11,55.90 %H,55.94 %H,55.82 %H
2026-03-31 19:49:11,55.90 %H,55.94 %H,55.82 %H
2026-03-31 19:49:11,55.90 %H,55.94 %H,55.82 %H
2026-03-31 20:19:17,56.17 %H,56.32 %H,55.93 %H
2026-03-31 20:19:17,56.17 %H,56.32 %H,55.93 %H
2026-03-31 20:49:23,56.28 %H,56.40 %H,56.21 %H
2026-03-31 20:49:23,56.28 %H,56.40 %H,56.21 %H
2026-03-31 21:19:29,56.57 %H,56.69 %H,56.41 %H
2026-03-31 21:19:29,56.57 %H,56.69 %H,56.41 %H
2026-03-31 22:49:48,55.88 %H,56.21 %H,55.46 %H
2026-03-31 23:19:54,55.53 %H,55.58 %H,55.48 %H
2026-03-31 23:50:00,55.44 %H,55.49 %H,55.40 %H
2026-03-31 23:50:00,55.44 %H,55.49 %H,55.40 %H
2026-03-31 23:50:00,55.44 %H,55.49 %H,55.40 %H
2026-04-01 00:20:07,55.55 %H,55.60 %H,55.49 %H
2026-04-01 00:20:07,55.55 %H,55.60 %H,55.49 %H
2026-04-01 00:50:25,55.48 %H,55.58 %H,55.36 %H
2026-04-01 00:50:25,55.48 %H,55.58 %H,55.36 %H
2026-04-01 01:20:31,55.22 %H,55.36 %H,55.11 %H
2026-04-01 01:20:31,55.22 %H,55.36 %H,55.11 %H
2026-04-01 01:50:44,55.39 %H,55.63 %H,55.18 %H
2026-04-01 01:50:44,55.39 %H,55.63 %H,55.18 %H
2026-04-01 02:21:04,55.78 %H,55.93 %H,55.62 %H
2026-04-01 02:21:04,55.78 %H,55.93 %H,55.62 %H
2026-04-01 02:51:10,56.05 %H,56.13 %H,55.93 %H
2026-04-01 02:51:10,56.05 %H,56.13 %H,55.93 %H
2026-04-01 03:21:23,56.17 %H,56.21 %H,56.12 %H
2026-04-01 04:21:46,56.18 %H,56.22 %H,56.13 %H
2026-04-01 04:51:52,56.13 %H,56.15 %H,56.09 %H
2026-04-01 05:21:59,56.05 %H,56.09 %H,55.97 %H
2026-04-01 05:21:59,56.05 %H,56.09 %H,55.97 %H
2026-04-01 05:52:05,56.04 %H,56.07 %H,56.01 %H
2026-04-01 06:22:11,56.00 %H,56.03 %H,55.97 %H
2026-04-01 06:22:11,56.00 %H,56.03 %H,55.97 %H
2026-04-01 07:22:24,55.79 %H,55.84 %H,55.75 %H
2026-04-01 07:52:30,55.84 %H,55.91 %H,55.77 %H
2026-04-01 07:52:30,55.84 %H,55.91 %H,55.77 %H
2026-04-01 08:22:36,55.73 %H,55.81 %H,55.61 %H
2026-04-01 09:22:48,55.80 %H,55.88 %H,55.67 %H
2026-04-01 09:53:00,55.92 %H,56.00 %H,55.87 %H
2026-04-01 10:23:13,56.13 %H,56.25 %H,55.96 %H
2026-04-01 10:53:26,56.21 %H,56.37 %H,56.04 %H
2026-04-01 11:23:39,56.36 %H,56.47 %H,56.24 %H
2026-04-01 11:23:39,56.36 %H,56.47 %H,56.24 %H
2026-04-01 11:23:39,56.36 %H,56.47 %H,56.24 %H
2026-04-01 11:53:52,56.19 %H,56.25 %H,56.08 %H
2026-04-01 12:24:03,55.92 %H,56.06 %H,55.81 %H
2026-04-01 12:54:10,55.80 %H,55.88 %H,55.69 %H
2026-04-01 12:54:10,55.80 %H,55.88 %H,55.69 %H
2026-04-01 13:24:16,55.92 %H,56.26 %H,55.69 %H
2026-04-01 13:54:22,56.53 %H,56.82 %H,55.80 %H
2026-04-01 13:54:22,56.53 %H,56.82 %H,55.80 %H
2026-04-01 13:54:22,56.53 %H,56.82 %H,55.80 %H
2026-04-01 14:24:28,56.84 %H,56.95 %H,56.75 %H
2026-04-01 14:54:35,53.42 %H,57.01 %H,46.77 %H
2026-04-01 14:54:35,53.42 %H,57.01 %H,46.77 %H
2026-04-01 15:24:41,45.72 %H,46.38 %H,44.82 %H
2026-04-01 15:24:41,45.72 %H,46.38 %H,44.82 %H
2026-04-01 15:24:41,45.72 %H,46.38 %H,44.82 %H
2026-04-01 15:54:47,44.45 %H,44.87 %H,44.01 %H
2026-04-01 16:24:53,45.79 %H,46.55 %H,44.92 %H
2026-04-01 16:55:05,47.15 %H,47.90 %H,46.53 %H
2026-04-01 17:25:11,48.67 %H,49.19 %H,47.98 %H
2026-04-01 17:55:17,49.70 %H,50.16 %H,49.23 %H
2026-04-01 18:25:23,50.63 %H,51.13 %H,50.19 %H
2026-04-01 18:55:30,51.70 %H,52.39 %H,50.76 %H
2026-04-01 19:25:36,52.64 %H,52.89 %H,52.31 %H
2026-04-01 19:55:42,53.23 %H,53.49 %H,52.90 %H
2026-04-01 20:25:49,53.57 %H,53.69 %H,53.43 %H
2026-04-01 20:55:55,53.89 %H,54.13 %H,53.69 %H
2026-04-01 21:26:07,54.11 %H,54.31 %H,53.98 %H
2026-04-01 21:56:13,54.41 %H,54.64 %H,54.11 %H
2026-04-01 21:56:13,54.41 %H,54.64 %H,54.11 %H
2026-04-01 22:26:19,54.87 %H,55.05 %H,54.67 %H
2026-04-01 23:26:31,55.37 %H,55.51 %H,55.20 %H
2026-04-01 23:56:38,55.71 %H,56.00 %H,55.48 %H
2026-04-02 00:26:44,56.34 %H,56.64 %H,56.05 %H
2026-04-02 00:26:44,56.34 %H,56.64 %H,56.05 %H
2026-04-02 00:56:50,56.86 %H,57.02 %H,56.65 %H
2026-04-02 01:26:56,57.29 %H,57.51 %H,57.05 %H
2026-04-02 01:26:56,57.29 %H,57.51 %H,57.05 %H
2026-04-02 01:57:03,57.76 %H,57.94 %H,57.52 %H
2026-04-02 01:57:03,57.76 %H,57.94 %H,57.52 %H
2026-04-02 02:27:09,58.02 %H,58.11 %H,57.93 %H
2026-04-02 02:27:09,58.02 %H,58.11 %H,57.93 %H
2026-04-02 02:57:15,58.27 %H,58.39 %H,58.08 %H
2026-04-02 03:27:21,58.56 %H,58.71 %H,58.40 %H
2026-04-02 03:57:27,58.75 %H,58.82 %H,58.69 %H
2026-04-02 03:57:27,58.75 %H,58.82 %H,58.69 %H
2026-04-02 04:27:34,58.92 %H,58.99 %H,58.82 %H
2026-04-02 04:57:40,59.06 %H,59.13 %H,58.99 %H
2026-04-02 05:27:46,59.22 %H,59.41 %H,59.10 %H
2026-04-02 05:57:52,59.53 %H,59.63 %H,59.42 %H
2026-04-02 05:57:52,59.53 %H,59.63 %H,59.42 %H
2026-04-02 06:27:59,59.73 %H,59.83 %H,59.64 %H
2026-04-02 06:58:05,59.94 %H,60.00 %H,59.82 %H
2026-04-02 07:28:22,60.66 %H,62.53 %H,60.00 %H
2026-04-02 07:58:29,61.82 %H,61.89 %H,61.71 %H
2026-04-02 07:58:29,61.82 %H,61.89 %H,61.71 %H
2026-04-02 08:28:35,61.87 %H,62.26 %H,61.69 %H
2026-04-02 08:58:41,62.13 %H,62.39 %H,61.93 %H
2026-04-02 09:28:47,62.67 %H,62.82 %H,62.31 %H
2026-04-02 10:28:59,62.09 %H,62.34 %H,61.85 %H
2026-04-02 10:28:59,62.09 %H,62.34 %H,61.85 %H
2026-04-02 10:59:06,61.64 %H,61.85 %H,61.57 %H
2026-04-02 10:59:06,61.64 %H,61.85 %H,61.57 %H
2026-04-02 11:29:12,61.42 %H,61.64 %H,61.05 %H
2026-04-02 11:29:12,61.42 %H,61.64 %H,61.05 %H
2026-04-02 11:59:18,60.76 %H,61.03 %H,60.51 %H
2026-04-02 12:29:24,60.41 %H,60.49 %H,60.31 %H
2026-04-02 12:59:30,60.45 %H,60.57 %H,60.23 %H
2026-04-02 12:59:30,60.45 %H,60.57 %H,60.23 %H
2026-04-02 13:29:37,60.21 %H,60.37 %H,60.03 %H
2026-04-02 13:59:43,59.87 %H,60.04 %H,59.71 %H
2026-04-02 14:29:49,59.67 %H,59.75 %H,59.56 %H
2026-04-02 14:29:49,59.67 %H,59.75 %H,59.56 %H
2026-04-02 14:59:55,59.64 %H,59.69 %H,59.57 %H
2026-04-02 15:30:02,59.64 %H,59.69 %H,59.50 %H
2026-04-02 16:00:08,59.32 %H,59.45 %H,59.25 %H
2026-04-02 16:30:14,59.33 %H,59.45 %H,59.24 %H
2026-04-02 17:00:31,59.52 %H,59.64 %H,59.43 %H
2026-04-02 17:30:38,59.64 %H,59.73 %H,59.58 %H
2026-04-02 18:00:44,59.72 %H,59.83 %H,59.57 %H
2026-04-02 18:00:44,59.72 %H,59.83 %H,59.57 %H
2026-04-02 18:30:50,59.97 %H,60.15 %H,59.84 %H
2026-04-02 19:00:56,60.32 %H,60.47 %H,60.14 %H
2026-04-02 19:31:02,60.61 %H,60.71 %H,60.53 %H
2026-04-02 20:01:08,60.60 %H,60.70 %H,60.29 %H
2026-04-02 20:31:15,60.47 %H,60.71 %H,60.27 %H
2026-04-02 20:31:15,60.47 %H,60.71 %H,60.27 %H
2026-04-02 20:31:15,60.47 %H,60.71 %H,60.27 %H
2026-04-02 21:01:21,60.71 %H,60.74 %H,60.61 %H
2026-04-02 21:31:27,60.64 %H,60.76 %H,60.56 %H
2026-04-02 21:31:27,60.64 %H,60.76 %H,60.56 %H
2026-04-02 22:31:40,60.79 %H,61.09 %H,60.63 %H
2026-04-02 23:01:46,60.73 %H,60.80 %H,60.66 %H
2026-04-02 23:01:46,60.73 %H,60.80 %H,60.66 %H
2026-04-02 23:31:52,60.82 %H,60.85 %H,60.80 %H
2026-04-03 00:01:58,60.86 %H,60.91 %H,60.82 %H
2026-04-03 00:32:04,60.97 %H,61.04 %H,60.89 %H
2026-04-03 01:02:11,61.11 %H,61.15 %H,61.05 %H
2026-04-03 01:02:11,61.11 %H,61.15 %H,61.05 %H
2026-04-03 01:32:17,61.11 %H,61.14 %H,61.08 %H
2026-04-03 01:32:17,61.11 %H,61.14 %H,61.08 %H
2026-04-03 01:32:17,61.11 %H,61.14 %H,61.08 %H
2026-04-03 02:02:23,61.06 %H,61.11 %H,61.04 %H
2026-04-03 02:32:29,61.06 %H,61.08 %H,61.03 %H
2026-04-03 02:32:29,61.06 %H,61.08 %H,61.03 %H
2026-04-03 03:02:46,61.07 %H,61.10 %H,61.04 %H
2026-04-03 03:32:53,61.14 %H,61.17 %H,61.10 %H
2026-04-03 03:32:53,61.14 %H,61.17 %H,61.10 %H
2026-04-03 04:02:59,61.19 %H,61.22 %H,61.16 %H
2026-04-03 04:33:05,61.25 %H,61.30 %H,61.21 %H
2026-04-03 05:03:11,61.35 %H,61.44 %H,61.27 %H
2026-04-03 05:33:18,61.46 %H,61.49 %H,61.40 %H
2026-04-03 06:03:24,61.54 %H,61.61 %H,61.47 %H
2026-04-03 06:03:24,61.54 %H,61.61 %H,61.47 %H
2026-04-03 06:33:30,61.63 %H,61.65 %H,61.59 %H
2026-04-03 07:03:36,61.68 %H,61.72 %H,61.63 %H
2026-04-03 07:33:42,61.73 %H,61.77 %H,61.69 %H
2026-04-03 07:33:42,61.73 %H,61.77 %H,61.69 %H
2026-04-03 08:03:49,61.67 %H,61.73 %H,61.59 %H
2026-04-03 08:33:55,61.57 %H,61.63 %H,61.50 %H
2026-04-03 09:04:01,61.50 %H,61.62 %H,61.41 %H
2026-04-03 09:04:01,61.50 %H,61.62 %H,61.41 %H
2026-04-03 09:34:07,61.42 %H,61.52 %H,61.33 %H
2026-04-03 10:04:14,61.25 %H,61.43 %H,61.10 %H
2026-04-03 11:04:26,60.78 %H,60.92 %H,60.69 %H
2026-04-03 11:04:26,60.78 %H,60.92 %H,60.69 %H
2026-04-03 11:04:26,60.78 %H,60.92 %H,60.69 %H
2026-04-03 11:34:32,60.58 %H,60.70 %H,60.47 %H
2026-04-03 12:04:39,60.42 %H,60.50 %H,60.34 %H
2026-04-03 12:34:45,60.30 %H,60.36 %H,60.20 %H
2026-04-03 13:04:57,60.02 %H,60.22 %H,59.85 %H
2026-04-03 13:04:57,60.02 %H,60.22 %H,59.85 %H
2026-04-03 13:35:03,59.73 %H,59.84 %H,59.60 %H
2026-04-03 14:05:09,59.50 %H,59.60 %H,59.43 %H
2026-04-03 14:35:15,59.34 %H,59.45 %H,59.26 %H
2026-04-03 14:35:15,59.34 %H,59.45 %H,59.26 %H
2026-04-03 15:35:28,59.10 %H,59.17 %H,59.06 %H
2026-04-03 16:05:34,59.03 %H,59.08 %H,59.00 %H
2026-04-03 16:05:34,59.03 %H,59.08 %H,59.00 %H
2026-04-03 16:35:40,59.04 %H,59.07 %H,59.00 %H
2026-04-03 17:05:52,59.10 %H,59.15 %H,59.05 %H
2026-04-03 17:35:58,59.31 %H,59.47 %H,59.16 %H
2026-04-03 18:06:05,59.63 %H,59.76 %H,59.50 %H
2026-04-03 18:06:05,59.63 %H,59.76 %H,59.50 %H
2026-04-03 18:36:11,59.95 %H,60.13 %H,59.78 %H
2026-04-03 19:06:17,60.28 %H,60.42 %H,60.13 %H
2026-04-03 19:36:24,60.52 %H,60.60 %H,60.44 %H
2026-04-03 20:06:29,60.65 %H,60.71 %H,60.59 %H
2026-04-03 20:06:29,60.65 %H,60.71 %H,60.59 %H
2026-04-03 20:36:36,60.82 %H,60.92 %H,60.69 %H
2026-04-03 21:06:42,60.96 %H,61.00 %H,60.93 %H
2026-04-03 21:06:42,60.96 %H,61.00 %H,60.93 %H
2026-04-03 22:06:54,61.16 %H,61.33 %H,61.09 %H
2026-04-03 22:37:01,61.33 %H,61.38 %H,61.29 %H
2026-04-03 22:37:01,61.33 %H,61.38 %H,61.29 %H
2026-04-03 23:07:18,61.38 %H,61.42 %H,61.34 %H
2026-04-03 23:37:24,61.49 %H,61.52 %H,61.44 %H
2026-04-03 23:37:24,61.49 %H,61.52 %H,61.44 %H
2026-04-04 00:07:30,61.47 %H,61.49 %H,61.44 %H
2026-04-04 00:37:36,61.45 %H,61.50 %H,61.42 %H
2026-04-04 00:37:36,61.45 %H,61.50 %H,61.42 %H
2026-04-04 01:07:43,61.45 %H,61.49 %H,61.40 %H
2026-04-04 01:37:49,61.45 %H,61.49 %H,61.41 %H
2026-04-04 02:07:55,61.45 %H,61.50 %H,61.42 %H
2026-04-04 02:38:01,61.43 %H,61.46 %H,61.40 %H
2026-04-04 03:08:08,61.42 %H,61.45 %H,61.39 %H
2026-04-04 03:08:08,61.42 %H,61.45 %H,61.39 %H
2026-04-04 03:38:14,61.44 %H,61.47 %H,61.41 %H
2026-04-04 04:08:20,61.44 %H,61.47 %H,61.42 %H
2026-04-04 04:38:27,61.46 %H,61.48 %H,61.44 %H
2026-04-04 05:08:33,61.47 %H,61.51 %H,61.45 %H
2026-04-04 05:08:33,61.47 %H,61.51 %H,61.45 %H
2026-04-04 05:38:39,61.53 %H,61.59 %H,61.48 %H
2026-04-04 06:08:45,61.60 %H,61.64 %H,61.56 %H
2026-04-04 06:38:51,61.68 %H,61.73 %H,61.62 %H
2026-04-04 06:38:51,61.68 %H,61.73 %H,61.62 %H
2026-04-04 07:08:58,61.71 %H,61.74 %H,61.66 %H
2026-04-04 07:08:58,61.71 %H,61.74 %H,61.66 %H
2026-04-04 07:39:03,61.59 %H,61.67 %H,61.51 %H
2026-04-04 08:09:10,61.35 %H,61.49 %H,61.25 %H
2026-04-04 08:39:22,61.14 %H,61.26 %H,61.02 %H
2026-04-04 09:09:28,60.88 %H,61.01 %H,60.74 %H
2026-04-04 09:09:28,60.88 %H,61.01 %H,60.74 %H
2026-04-04 10:09:41,60.38 %H,60.50 %H,60.26 %H
2026-04-04 11:09:53,59.89 %H,60.00 %H,59.78 %H
2026-04-04 11:39:59,59.69 %H,59.79 %H,59.61 %H
2026-04-04 12:10:05,59.54 %H,59.64 %H,59.45 %H
2026-04-04 12:10:05,59.54 %H,59.64 %H,59.45 %H
2026-04-04 12:10:05,59.54 %H,59.64 %H,59.45 %H
2026-04-04 12:40:11,59.32 %H,59.43 %H,59.19 %H
2026-04-04 12:40:11,59.32 %H,59.43 %H,59.19 %H
2026-04-04 13:10:17,59.09 %H,59.20 %H,59.02 %H
2026-04-04 13:10:17,59.09 %H,59.20 %H,59.02 %H
2026-04-04 13:40:24,58.94 %H,59.04 %H,58.81 %H
2026-04-04 14:10:35,58.71 %H,58.83 %H,58.58 %H
2026-04-04 14:10:36,58.71 %H,58.83 %H,58.58 %H
2026-04-04 14:40:48,58.52 %H,58.56 %H,58.48 %H
2026-04-04 15:11:01,58.51 %H,58.53 %H,58.47 %H
2026-04-04 15:41:14,58.36 %H,58.46 %H,58.31 %H
2026-04-04 15:41:14,58.36 %H,58.46 %H,58.31 %H
2026-04-04 15:41:14,58.36 %H,58.46 %H,58.31 %H
2026-04-04 16:11:27,58.28 %H,58.31 %H,58.25 %H
2026-04-04 16:11:27,58.28 %H,58.31 %H,58.25 %H
2026-04-04 16:41:46,58.34 %H,58.40 %H,58.29 %H
2026-04-04 17:11:57,58.56 %H,58.73 %H,58.38 %H
2026-04-04 17:11:57,58.56 %H,58.73 %H,58.38 %H
2026-04-04 17:42:04,58.89 %H,59.02 %H,58.73 %H
2026-04-04 17:42:04,58.89 %H,59.02 %H,58.73 %H
2026-04-04 18:12:10,59.13 %H,59.27 %H,59.01 %H
2026-04-04 18:42:16,59.41 %H,59.56 %H,59.28 %H
2026-04-04 19:12:22,59.47 %H,59.62 %H,59.29 %H
2026-04-04 19:42:28,59.23 %H,59.37 %H,59.12 %H
2026-04-04 19:42:28,59.23 %H,59.37 %H,59.12 %H
2026-04-04 19:42:28,59.23 %H,59.37 %H,59.12 %H
2026-04-04 20:12:34,59.26 %H,59.39 %H,59.15 %H
2026-04-04 20:42:41,59.51 %H,59.61 %H,59.39 %H
2026-04-04 21:12:47,59.74 %H,59.84 %H,59.60 %H
2026-04-04 21:12:47,59.74 %H,59.84 %H,59.60 %H
2026-04-04 21:12:47,59.74 %H,59.84 %H,59.60 %H
2026-04-04 21:42:53,59.92 %H,60.00 %H,59.85 %H
2026-04-04 21:42:53,59.92 %H,60.00 %H,59.85 %H
2026-04-04 21:42:53,59.92 %H,60.00 %H,59.85 %H
2026-04-04 22:13:00,59.97 %H,60.02 %H,59.90 %H
2026-04-04 22:43:06,60.04 %H,60.11 %H,59.94 %H
2026-04-04 23:13:12,60.12 %H,60.15 %H,60.10 %H
2026-04-04 23:13:12,60.12 %H,60.15 %H,60.10 %H
2026-04-04 23:43:18,60.14 %H,60.20 %H,60.09 %H
2026-04-04 23:43:18,60.14 %H,60.20 %H,60.09 %H
2026-04-04 23:43:18,60.14 %H,60.20 %H,60.09 %H
2026-04-05 00:13:24,60.24 %H,60.29 %H,60.20 %H
2026-04-05 00:13:24,60.24 %H,60.29 %H,60.20 %H
2026-04-05 00:43:30,60.34 %H,60.38 %H,60.28 %H
2026-04-05 01:13:37,60.41 %H,60.44 %H,60.35 %H
2026-04-05 01:43:43,60.48 %H,60.52 %H,60.43 %H
2026-04-05 01:43:43,60.48 %H,60.52 %H,60.43 %H
2026-04-05 01:43:43,60.48 %H,60.52 %H,60.43 %H
2026-04-05 02:13:49,60.54 %H,60.59 %H,60.50 %H
2026-04-05 02:43:55,60.62 %H,60.65 %H,60.58 %H
2026-04-05 03:14:07,60.66 %H,60.69 %H,60.64 %H
2026-04-05 04:14:20,60.75 %H,60.78 %H,60.72 %H
2026-04-05 04:14:20,60.75 %H,60.78 %H,60.72 %H
2026-04-05 05:14:32,60.63 %H,60.68 %H,60.60 %H
2026-04-05 05:14:32,60.63 %H,60.68 %H,60.60 %H
2026-04-05 05:44:38,60.65 %H,60.67 %H,60.64 %H
2026-04-05 06:14:44,60.69 %H,60.71 %H,60.67 %H
2026-04-05 06:44:51,60.67 %H,60.70 %H,60.64 %H
2026-04-05 06:44:51,60.67 %H,60.70 %H,60.64 %H
2026-04-05 06:44:51,60.67 %H,60.70 %H,60.64 %H
2026-04-05 07:14:57,60.59 %H,60.68 %H,60.47 %H
2026-04-05 07:45:03,60.36 %H,60.47 %H,60.22 %H
2026-04-05 07:45:03,60.36 %H,60.47 %H,60.22 %H
2026-04-05 08:15:09,59.98 %H,60.19 %H,59.80 %H
2026-04-05 08:45:27,59.64 %H,59.78 %H,59.53 %H
2026-04-05 09:15:39,59.28 %H,59.52 %H,59.07 %H
2026-04-05 09:45:53,59.04 %H,59.09 %H,58.95 %H
2026-04-05 10:16:05,58.80 %H,58.94 %H,58.62 %H
2026-04-05 10:46:18,58.41 %H,58.62 %H,58.24 %H
2026-04-05 11:16:36,58.10 %H,58.24 %H,57.98 %H
2026-04-05 11:16:36,58.10 %H,58.24 %H,57.98 %H
2026-04-05 11:46:43,57.94 %H,58.00 %H,57.88 %H
2026-04-05 12:16:49,57.83 %H,57.89 %H,57.77 %H
2026-04-05 12:46:55,57.71 %H,57.79 %H,57.65 %H
2026-04-05 13:17:01,57.48 %H,57.62 %H,57.33 %H
2026-04-05 13:47:08,57.07 %H,57.31 %H,56.82 %H
2026-04-05 14:17:14,56.63 %H,56.79 %H,56.46 %H
2026-04-05 14:47:20,56.28 %H,56.46 %H,56.11 %H
2026-04-05 14:47:20,56.28 %H,56.46 %H,56.11 %H
2026-04-05 15:17:26,56.07 %H,56.12 %H,56.02 %H
2026-04-05 15:17:26,56.07 %H,56.12 %H,56.02 %H
2026-04-05 15:47:33,55.96 %H,56.03 %H,55.87 %H
2026-04-05 16:17:39,55.77 %H,55.88 %H,55.69 %H
2026-04-05 16:47:45,55.75 %H,55.84 %H,55.68 %H
2026-04-05 17:17:57,55.96 %H,56.07 %H,55.84 %H
2026-04-05 17:17:57,55.96 %H,56.07 %H,55.84 %H
2026-04-05 17:48:03,56.25 %H,56.43 %H,56.07 %H
2026-04-05 17:48:03,56.25 %H,56.43 %H,56.07 %H
2026-04-05 18:18:09,56.58 %H,56.75 %H,56.43 %H
2026-04-05 18:48:15,57.12 %H,57.38 %H,56.80 %H
2026-04-05 18:48:15,57.12 %H,57.38 %H,56.80 %H
2026-04-05 19:18:22,57.58 %H,57.70 %H,57.40 %H
2026-04-05 19:48:28,57.75 %H,57.80 %H,57.70 %H
2026-04-05 19:48:28,57.75 %H,57.80 %H,57.70 %H
2026-04-05 20:18:39,57.67 %H,57.79 %H,57.52 %H
2026-04-05 20:48:46,57.51 %H,57.58 %H,57.44 %H
2026-04-05 20:48:46,57.51 %H,57.58 %H,57.44 %H
2026-04-05 21:18:52,57.70 %H,57.84 %H,57.58 %H
2026-04-05 21:48:58,57.94 %H,58.01 %H,57.84 %H
2026-04-05 21:48:58,57.94 %H,58.01 %H,57.84 %H
2026-04-05 22:19:04,58.16 %H,58.27 %H,58.02 %H
2026-04-05 22:49:11,58.32 %H,58.38 %H,58.27 %H
2026-04-05 23:19:17,58.32 %H,58.41 %H,58.25 %H
2026-04-05 23:49:23,58.21 %H,58.40 %H,58.01 %H
2026-04-05 23:49:23,58.21 %H,58.40 %H,58.01 %H
2026-04-06 00:19:29,58.15 %H,58.20 %H,58.12 %H
2026-04-06 00:19:29,58.15 %H,58.20 %H,58.12 %H
2026-04-06 00:49:35,57.96 %H,58.10 %H,57.82 %H
2026-04-06 01:19:42,57.72 %H,57.84 %H,57.65 %H
2026-04-06 01:49:48,57.52 %H,57.64 %H,57.38 %H
2026-04-06 02:19:54,57.38 %H,57.43 %H,57.32 %H
2026-04-06 02:50:00,57.25 %H,57.32 %H,57.21 %H
2026-04-06 02:50:00,57.25 %H,57.32 %H,57.21 %H
2026-04-06 02:50:00,57.25 %H,57.32 %H,57.21 %H
2026-04-06 03:20:07,57.18 %H,57.24 %H,57.06 %H
2026-04-06 03:50:13,57.10 %H,57.16 %H,57.07 %H
2026-04-06 04:20:19,57.11 %H,57.16 %H,57.08 %H
2026-04-06 04:50:25,57.20 %H,57.26 %H,57.15 %H
2026-04-06 04:50:25,57.20 %H,57.26 %H,57.15 %H
2026-04-06 05:20:31,57.33 %H,57.41 %H,57.27 %H
2026-04-06 05:50:49,57.48 %H,57.57 %H,57.40 %H
2026-04-06 06:20:55,57.64 %H,57.71 %H,57.56 %H
2026-04-06 06:51:01,57.76 %H,57.81 %H,57.69 %H
2026-04-06 07:21:07,57.83 %H,57.86 %H,57.80 %H
2026-04-06 07:51:14,57.80 %H,57.86 %H,57.74 %H
2026-04-06 08:21:20,57.75 %H,57.83 %H,57.71 %H
2026-04-06 08:51:26,57.98 %H,58.12 %H,57.84 %H
2026-04-06 09:21:32,58.18 %H,58.22 %H,58.12 %H
2026-04-06 10:21:45,58.06 %H,58.15 %H,57.87 %H
2026-04-06 10:51:51,57.97 %H,58.15 %H,57.81 %H
2026-04-06 10:51:51,57.97 %H,58.15 %H,57.81 %H
2026-04-06 11:21:57,57.86 %H,57.97 %H,57.70 %H
2026-04-06 11:21:57,57.86 %H,57.97 %H,57.70 %H
2026-04-06 11:52:03,57.91 %H,58.14 %H,57.32 %H
2026-04-06 12:22:10,57.61 %H,58.01 %H,57.17 %H
2026-04-06 12:52:16,58.03 %H,58.15 %H,57.81 %H
2026-04-06 13:22:22,57.92 %H,58.03 %H,57.85 %H
2026-04-06 13:52:28,57.89 %H,58.05 %H,57.79 %H
2026-04-06 14:22:34,57.72 %H,57.91 %H,57.46 %H
2026-04-06 14:52:41,57.45 %H,57.61 %H,57.32 %H
2026-04-06 15:22:47,57.21 %H,57.32 %H,57.12 %H
2026-04-06 15:52:59,57.40 %H,57.59 %H,57.25 %H
2026-04-06 16:23:05,57.48 %H,57.61 %H,57.27 %H
2026-04-06 16:23:05,57.48 %H,57.61 %H,57.27 %H
2026-04-06 16:53:11,57.38 %H,57.67 %H,56.97 %H
2026-04-06 16:53:11,57.38 %H,57.67 %H,56.97 %H
2026-04-06 17:23:23,57.86 %H,57.95 %H,57.71 %H
2026-04-06 18:23:36,57.93 %H,57.99 %H,57.87 %H
2026-04-06 18:53:42,57.48 %H,58.01 %H,57.00 %H
2026-04-06 19:23:48,57.90 %H,58.11 %H,57.45 %H
2026-04-06 19:53:54,58.19 %H,58.27 %H,58.08 %H
2026-04-06 20:24:00,58.53 %H,58.67 %H,58.26 %H
2026-04-06 20:24:00,58.53 %H,58.67 %H,58.26 %H
2026-04-06 20:54:06,58.50 %H,58.65 %H,57.97 %H
2026-04-06 20:54:06,58.50 %H,58.65 %H,57.97 %H
2026-04-06 21:54:19,58.13 %H,58.17 %H,58.09 %H
2026-04-06 22:24:37,57.98 %H,58.08 %H,57.89 %H
2026-04-06 22:54:43,57.92 %H,57.96 %H,57.89 %H
2026-04-06 23:24:57,57.76 %H,57.94 %H,57.66 %H
2026-04-06 23:55:09,57.99 %H,58.13 %H,57.78 %H
2026-04-07 00:25:22,58.18 %H,58.23 %H,58.14 %H
2026-04-07 00:55:42,58.29 %H,58.38 %H,58.22 %H
2026-04-07 01:25:54,58.49 %H,58.60 %H,58.37 %H
2026-04-07 01:56:05,58.69 %H,58.79 %H,58.61 %H
2026-04-07 02:26:32,58.92 %H,59.03 %H,58.79 %H
2026-04-07 02:56:45,59.19 %H,59.35 %H,59.05 %H
2026-04-07 03:27:04,59.45 %H,59.55 %H,59.34 %H
2026-04-07 03:57:16,59.69 %H,59.79 %H,59.57 %H
2026-04-07 04:27:29,59.90 %H,59.99 %H,59.79 %H
2026-04-07 04:57:42,60.04 %H,60.10 %H,59.98 %H
2026-04-07 04:57:42,60.04 %H,60.10 %H,59.98 %H
2026-04-07 05:27:54,60.15 %H,60.25 %H,60.09 %H
2026-04-07 05:27:54,60.15 %H,60.25 %H,60.09 %H
2026-04-07 05:58:07,60.31 %H,60.39 %H,60.23 %H
2026-04-07 06:28:19,60.45 %H,60.55 %H,60.40 %H
2026-04-07 06:58:25,60.65 %H,60.71 %H,60.56 %H
2026-04-07 07:28:32,60.79 %H,61.04 %H,60.69 %H
2026-04-07 07:58:38,60.80 %H,61.01 %H,60.62 %H
2026-04-07 08:28:44,60.60 %H,60.68 %H,60.55 %H
2026-04-07 08:58:50,60.72 %H,60.84 %H,60.62 %H
2026-04-07 08:58:50,60.72 %H,60.84 %H,60.62 %H
2026-04-07 09:28:56,60.98 %H,61.07 %H,60.82 %H
2026-04-07 09:59:03,60.96 %H,61.06 %H,60.84 %H
2026-04-07 10:59:15,60.88 %H,60.99 %H,60.75 %H
2026-04-07 11:29:21,60.50 %H,60.71 %H,60.29 %H
2026-04-07 11:29:21,60.50 %H,60.71 %H,60.29 %H
2026-04-07 11:59:28,60.01 %H,60.38 %H,59.60 %H
2026-04-07 12:29:34,59.84 %H,60.19 %H,59.67 %H
2026-04-07 12:59:40,59.52 %H,59.81 %H,59.30 %H
2026-04-07 13:29:46,59.18 %H,59.29 %H,59.08 %H
2026-04-07 13:59:53,58.99 %H,59.08 %H,58.78 %H
2026-04-07 14:29:59,58.98 %H,59.12 %H,58.78 %H
2026-04-07 15:00:05,59.04 %H,59.18 %H,58.90 %H
2026-04-07 15:30:11,58.92 %H,59.03 %H,58.86 %H
2026-04-07 16:00:17,59.08 %H,59.13 %H,59.03 %H
2026-04-07 16:30:30,58.97 %H,59.17 %H,58.63 %H
2026-04-07 17:00:36,59.56 %H,59.90 %H,59.14 %H
2026-04-07 17:00:36,59.56 %H,59.90 %H,59.14 %H
2026-04-07 17:00:36,59.56 %H,59.90 %H,59.14 %H
2026-04-07 17:30:47,60.23 %H,60.44 %H,59.91 %H
2026-04-07 18:00:54,60.71 %H,60.90 %H,60.46 %H
2026-04-07 18:00:54,60.71 %H,60.90 %H,60.46 %H
2026-04-07 18:31:00,61.06 %H,61.18 %H,60.90 %H
2026-04-07 19:31:12,61.57 %H,61.69 %H,61.39 %H
2026-04-07 20:01:18,61.68 %H,61.79 %H,61.62 %H
2026-04-07 20:31:25,61.60 %H,61.65 %H,61.57 %H
2026-04-07 21:01:31,61.46 %H,61.61 %H,61.34 %H
2026-04-07 21:31:37,61.56 %H,61.78 %H,61.38 %H
2026-04-07 22:01:43,61.88 %H,61.97 %H,61.77 %H
2026-04-07 22:31:50,62.05 %H,62.13 %H,61.96 %H
2026-04-07 22:31:50,62.05 %H,62.13 %H,61.96 %H
2026-04-07 23:01:56,62.12 %H,62.19 %H,62.06 %H
2026-04-07 23:32:02,62.07 %H,62.22 %H,61.97 %H
2026-04-08 00:02:08,62.40 %H,62.55 %H,62.25 %H
2026-04-08 00:32:14,62.67 %H,62.73 %H,62.56 %H
2026-04-08 01:02:20,62.83 %H,62.97 %H,62.71 %H
2026-04-08 01:32:27,63.08 %H,63.17 %H,62.96 %H
2026-04-08 01:32:27,63.08 %H,63.17 %H,62.96 %H
2026-04-08 02:02:38,63.25 %H,63.33 %H,63.15 %H
2026-04-08 02:02:38,63.25 %H,63.33 %H,63.15 %H
2026-04-08 02:32:45,63.19 %H,63.24 %H,63.12 %H
2026-04-08 03:02:51,63.06 %H,63.12 %H,63.00 %H
2026-04-08 03:32:57,63.00 %H,63.03 %H,62.97 %H
2026-04-08 04:03:03,63.22 %H,63.36 %H,63.00 %H
2026-04-08 04:33:10,63.39 %H,63.41 %H,63.36 %H
2026-04-08 05:03:16,63.32 %H,63.41 %H,63.22 %H
2026-04-08 05:03:16,63.32 %H,63.41 %H,63.22 %H
2026-04-08 05:33:22,63.17 %H,63.23 %H,63.12 %H
2026-04-08 05:33:22,63.17 %H,63.23 %H,63.12 %H
2026-04-08 06:03:28,63.08 %H,63.13 %H,63.01 %H
2026-04-08 06:33:35,62.98 %H,63.03 %H,62.92 %H
2026-04-08 06:33:35,62.98 %H,63.03 %H,62.92 %H
2026-04-08 07:33:47,62.85 %H,62.89 %H,62.81 %H
2026-04-08 08:03:53,62.81 %H,62.87 %H,62.74 %H
2026-04-08 08:03:53,62.81 %H,62.87 %H,62.74 %H
2026-04-08 08:33:59,62.71 %H,62.77 %H,62.66 %H
2026-04-08 09:04:06,62.53 %H,62.66 %H,62.40 %H
2026-04-08 09:04:06,62.53 %H,62.66 %H,62.40 %H
2026-04-08 09:34:12,62.21 %H,62.39 %H,61.98 %H
2026-04-08 10:34:24,61.65 %H,61.91 %H,61.27 %H
2026-04-08 10:34:24,61.65 %H,61.91 %H,61.27 %H
2026-04-08 10:34:24,61.65 %H,61.91 %H,61.27 %H
2026-04-08 11:04:42,61.11 %H,61.24 %H,61.05 %H
2026-04-08 11:34:55,61.02 %H,61.10 %H,60.96 %H
2026-04-08 11:34:55,61.02 %H,61.10 %H,60.96 %H
2026-04-08 12:05:07,60.88 %H,61.04 %H,60.77 %H
2026-04-08 12:35:20,60.62 %H,60.79 %H,60.36 %H
2026-04-08 13:05:33,60.33 %H,60.41 %H,60.18 %H
2026-04-08 13:35:52,59.99 %H,60.19 %H,59.76 %H
2026-04-08 14:05:58,59.58 %H,59.81 %H,59.29 %H
2026-04-08 14:36:04,58.98 %H,59.30 %H,58.73 %H
2026-04-08 15:06:10,58.91 %H,59.06 %H,58.85 %H
2026-04-08 15:06:10,58.91 %H,59.06 %H,58.85 %H
2026-04-08 15:36:17,58.80 %H,58.92 %H,58.53 %H
2026-04-08 16:06:23,58.84 %H,58.96 %H,58.71 %H
2026-04-08 17:06:35,58.39 %H,58.53 %H,58.30 %H
2026-04-08 18:06:53,58.68 %H,58.76 %H,58.63 %H
2026-04-08 18:37:05,58.82 %H,58.92 %H,58.75 %H
2026-04-08 19:07:18,58.90 %H,58.98 %H,58.85 %H
2026-04-08 19:37:31,59.22 %H,59.41 %H,58.97 %H
2026-04-08 20:07:51,59.54 %H,59.65 %H,59.43 %H
2026-04-08 20:07:51,59.54 %H,59.65 %H,59.43 %H
2026-04-08 20:37:57,59.65 %H,59.68 %H,59.61 %H
2026-04-08 21:38:21,59.77 %H,59.79 %H,59.75 %H
2026-04-08 22:08:27,59.68 %H,59.76 %H,59.59 %H
2026-04-08 22:38:34,59.76 %H,59.89 %H,59.64 %H
2026-04-08 23:38:46,60.04 %H,60.06 %H,60.01 %H
2026-04-08 23:38:46,60.04 %H,60.06 %H,60.01 %H
2026-04-09 00:08:52,59.97 %H,60.01 %H,59.94 %H
2026-04-09 00:08:52,59.97 %H,60.01 %H,59.94 %H
2026-04-09 00:38:59,59.94 %H,59.97 %H,59.92 %H
2026-04-09 01:09:05,59.89 %H,59.95 %H,59.85 %H
2026-04-09 01:09:05,59.89 %H,59.95 %H,59.85 %H
2026-04-09 01:09:05,59.89 %H,59.95 %H,59.85 %H
2026-04-09 01:39:11,59.80 %H,59.86 %H,59.75 %H
2026-04-09 02:39:24,59.82 %H,59.92 %H,59.74 %H
2026-04-09 03:09:35,60.01 %H,60.14 %H,59.91 %H
2026-04-09 03:39:48,60.24 %H,60.31 %H,60.13 %H
2026-04-09 04:10:08,60.42 %H,60.53 %H,60.31 %H
2026-04-09 04:10:08,60.42 %H,60.53 %H,60.31 %H
2026-04-09 04:40:14,60.62 %H,60.67 %H,60.53 %H
2026-04-09 04:40:14,60.62 %H,60.67 %H,60.53 %H
2026-04-09 05:10:27,60.70 %H,60.74 %H,60.65 %H
2026-04-09 05:40:46,60.69 %H,60.72 %H,60.64 %H
2026-04-09 06:10:51,60.63 %H,60.67 %H,60.61 %H
2026-04-09 07:11:04,60.75 %H,60.77 %H,60.71 %H
2026-04-09 07:41:10,60.79 %H,60.83 %H,60.74 %H
2026-04-09 08:11:16,62.08 %H,63.74 %H,60.69 %H
2026-04-09 08:41:22,62.26 %H,62.82 %H,61.81 %H
2026-04-09 09:11:29,61.42 %H,61.77 %H,61.05 %H
2026-04-09 09:11:29,61.42 %H,61.77 %H,61.05 %H