TIME,Temperatura Média,Temperatura Máxima,Temperatura Mínima
2026-03-18 16:58:37,25.98 °C,26.17 °C,25.78 °C
2026-03-18 17:28:43,25.61 °C,25.79 °C,25.49 °C
2026-03-18 17:59:00,25.36 °C,25.50 °C,25.22 °C
2026-03-18 18:29:07,25.11 °C,25.24 °C,24.99 °C
2026-03-18 18:59:13,24.90 °C,25.00 °C,24.81 °C
2026-03-18 19:29:19,24.85 °C,25.14 °C,24.74 °C
2026-03-18 19:59:25,25.53 °C,25.84 °C,25.15 °C
2026-03-18 20:59:38,26.25 °C,26.35 °C,26.15 °C
2026-03-18 21:29:44,26.40 °C,26.46 °C,26.33 °C
2026-03-18 21:59:50,26.48 °C,26.51 °C,26.44 °C
2026-03-18 22:29:56,26.54 °C,26.57 °C,26.50 °C
2026-03-18 23:00:03,26.58 °C,26.61 °C,26.55 °C
2026-03-18 23:30:09,26.62 °C,26.65 °C,26.60 °C
2026-03-19 00:00:15,26.65 °C,26.68 °C,26.63 °C
2026-03-19 00:30:21,26.67 °C,26.70 °C,26.65 °C
2026-03-19 01:00:27,26.69 °C,26.71 °C,26.67 °C
2026-03-19 01:30:34,26.70 °C,26.72 °C,26.68 °C
2026-03-19 02:00:40,26.70 °C,26.73 °C,26.69 °C
2026-03-19 02:30:46,26.71 °C,26.73 °C,26.70 °C
2026-03-19 03:00:52,26.71 °C,26.73 °C,26.70 °C
2026-03-19 03:30:58,26.71 °C,26.72 °C,26.69 °C
2026-03-19 04:01:10,26.70 °C,26.71 °C,26.68 °C
2026-03-19 05:01:22,26.67 °C,26.69 °C,26.65 °C
2026-03-19 05:31:28,26.66 °C,26.67 °C,26.64 °C
2026-03-19 06:01:35,26.64 °C,26.66 °C,26.63 °C
2026-03-19 06:31:41,26.62 °C,26.64 °C,26.60 °C
2026-03-19 07:01:47,26.61 °C,26.62 °C,26.59 °C
2026-03-19 07:31:53,26.64 °C,26.67 °C,26.60 °C
2026-03-19 08:02:00,26.72 °C,26.78 °C,26.67 °C
2026-03-19 08:32:06,26.83 °C,26.90 °C,26.77 °C
2026-03-19 09:02:12,26.94 °C,27.01 °C,26.89 °C
2026-03-19 09:32:18,27.08 °C,27.15 °C,27.00 °C
2026-03-19 10:02:24,27.22 °C,27.32 °C,27.14 °C
2026-03-19 10:32:30,27.38 °C,27.47 °C,27.30 °C
2026-03-19 11:02:37,27.55 °C,27.64 °C,27.46 °C
2026-03-19 11:32:43,27.71 °C,27.84 °C,27.62 °C
2026-03-19 12:02:49,27.99 °C,28.13 °C,27.83 °C
2026-03-19 12:32:55,28.19 °C,28.24 °C,28.13 °C
2026-03-19 13:03:01,28.27 °C,28.31 °C,28.24 °C
2026-03-19 13:33:08,28.21 °C,28.28 °C,28.17 °C
2026-03-19 14:03:25,28.15 °C,28.19 °C,28.12 °C
2026-03-19 14:33:37,28.26 °C,28.35 °C,28.14 °C
2026-03-19 15:03:43,28.46 °C,28.54 °C,28.35 °C
2026-03-19 15:33:49,28.45 °C,28.51 °C,28.41 °C
2026-03-19 16:03:55,28.37 °C,28.43 °C,28.32 °C
2026-03-19 16:34:01,28.41 °C,28.48 °C,28.34 °C
2026-03-19 17:04:08,28.54 °C,28.62 °C,28.46 °C
2026-03-19 17:34:14,28.61 °C,28.64 °C,28.59 °C
2026-03-19 18:04:20,28.55 °C,28.60 °C,28.50 °C
2026-03-19 18:34:26,28.47 °C,28.52 °C,28.40 °C
2026-03-19 19:04:33,28.36 °C,28.42 °C,28.30 °C
2026-03-19 19:34:39,28.27 °C,28.32 °C,28.23 °C
2026-03-19 20:04:45,28.22 °C,28.25 °C,28.20 °C
2026-03-19 20:34:51,28.19 °C,28.22 °C,28.17 °C
2026-03-19 21:04:57,28.17 °C,28.19 °C,28.15 °C
2026-03-19 21:35:04,28.14 °C,28.17 °C,28.12 °C
2026-03-19 22:05:10,28.12 °C,28.14 °C,28.10 °C
2026-03-19 23:05:22,28.07 °C,28.09 °C,28.04 °C
2026-03-19 23:35:34,28.04 °C,28.07 °C,28.02 °C
2026-03-20 00:05:40,28.02 °C,28.04 °C,28.00 °C
2026-03-20 00:35:46,28.00 °C,28.02 °C,27.99 °C
2026-03-20 01:05:53,27.99 °C,28.01 °C,27.95 °C
2026-03-20 01:35:59,27.95 °C,27.98 °C,27.92 °C
2026-03-20 02:06:05,27.92 °C,27.95 °C,27.89 °C
2026-03-20 02:36:11,27.89 °C,27.91 °C,27.86 °C
2026-03-20 03:06:17,27.87 °C,27.89 °C,27.85 °C
2026-03-20 03:36:23,27.86 °C,27.88 °C,27.85 °C
2026-03-20 04:06:30,27.85 °C,27.87 °C,27.83 °C
2026-03-20 04:36:36,27.84 °C,27.85 °C,27.82 °C
2026-03-20 05:06:42,27.82 °C,27.84 °C,27.80 °C
2026-03-20 05:36:49,27.79 °C,27.82 °C,27.76 °C
2026-03-20 06:06:54,27.77 °C,27.79 °C,27.75 °C
2026-03-20 06:37:01,27.74 °C,27.76 °C,27.71 °C
2026-03-20 07:07:07,27.72 °C,27.74 °C,27.70 °C
2026-03-20 07:37:13,27.76 °C,27.80 °C,27.72 °C
2026-03-20 08:07:19,27.83 °C,27.89 °C,27.77 °C
2026-03-20 08:37:26,27.92 °C,27.97 °C,27.87 °C
2026-03-20 09:07:37,28.01 °C,28.06 °C,27.97 °C
2026-03-20 09:37:49,28.13 °C,28.19 °C,28.06 °C
2026-03-20 10:07:55,28.26 °C,28.34 °C,28.19 °C
2026-03-20 10:38:01,28.40 °C,28.48 °C,28.33 °C
2026-03-20 11:08:08,28.55 °C,28.62 °C,28.47 °C
2026-03-20 11:38:14,28.66 °C,28.73 °C,28.60 °C
2026-03-20 12:08:20,28.80 °C,28.89 °C,28.72 °C
2026-03-20 12:38:26,28.97 °C,29.04 °C,28.89 °C
2026-03-20 13:08:32,29.13 °C,29.24 °C,29.02 °C
2026-03-20 13:38:39,29.35 °C,29.47 °C,29.24 °C
2026-03-20 14:08:45,29.50 °C,29.55 °C,29.45 °C
2026-03-20 14:38:56,29.07 °C,29.55 °C,28.22 °C
2026-03-20 15:09:03,27.70 °C,28.21 °C,27.33 °C
2026-03-20 15:39:09,27.08 °C,27.33 °C,26.89 °C
2026-03-20 16:09:15,26.75 °C,26.90 °C,26.58 °C
2026-03-20 16:39:21,26.39 °C,26.59 °C,26.23 °C
2026-03-20 17:09:28,26.10 °C,26.23 °C,25.98 °C
2026-03-20 17:39:34,26.12 °C,26.54 °C,25.93 °C
2026-03-20 18:09:40,26.95 °C,27.28 °C,26.55 °C
2026-03-20 18:39:52,27.46 °C,27.61 °C,27.27 °C
2026-03-20 19:09:58,27.69 °C,27.77 °C,27.60 °C
2026-03-20 19:40:04,27.83 °C,27.91 °C,27.76 °C
2026-03-20 20:10:10,27.95 °C,28.02 °C,27.89 °C
2026-03-20 20:40:16,28.05 °C,28.10 °C,27.99 °C
2026-03-20 21:10:23,28.13 °C,28.18 °C,28.08 °C
2026-03-20 21:40:29,28.21 °C,28.25 °C,28.16 °C
2026-03-20 22:10:35,28.27 °C,28.31 °C,28.24 °C
2026-03-20 23:10:47,28.37 °C,28.40 °C,28.34 °C
2026-03-20 23:40:54,28.40 °C,28.43 °C,28.38 °C
2026-03-21 00:11:00,28.43 °C,28.45 °C,28.41 °C
2026-03-21 00:41:06,28.46 °C,28.48 °C,28.43 °C
2026-03-21 01:11:12,28.48 °C,28.51 °C,28.46 °C
2026-03-21 01:41:18,28.49 °C,28.52 °C,28.48 °C
2026-03-21 02:11:25,28.50 °C,28.51 °C,28.48 °C
2026-03-21 02:41:31,28.50 °C,28.52 °C,28.49 °C
2026-03-21 03:11:37,28.50 °C,28.52 °C,28.48 °C
2026-03-21 03:41:43,28.50 °C,28.52 °C,28.48 °C
2026-03-21 04:11:49,28.50 °C,28.52 °C,28.48 °C
2026-03-21 04:42:01,28.49 °C,28.51 °C,28.48 °C
2026-03-21 05:12:07,28.48 °C,28.51 °C,28.46 °C
2026-03-21 05:42:13,28.46 °C,28.48 °C,28.44 °C
2026-03-21 06:12:20,28.44 °C,28.46 °C,28.42 °C
2026-03-21 06:42:26,28.43 °C,28.45 °C,28.41 °C
2026-03-21 07:12:32,28.43 °C,28.47 °C,28.41 °C
2026-03-21 07:42:38,28.50 °C,28.56 °C,28.45 °C
2026-03-21 08:12:44,28.64 °C,28.72 °C,28.56 °C
2026-03-21 08:42:51,28.78 °C,28.83 °C,28.71 °C
2026-03-21 09:12:57,28.87 °C,28.97 °C,28.81 °C
2026-03-21 09:43:03,29.01 °C,29.10 °C,28.78 °C
2026-03-21 10:13:09,28.18 °C,28.77 °C,27.93 °C
2026-03-21 10:43:16,28.46 °C,28.75 °C,28.14 °C
2026-03-21 11:13:22,28.91 °C,29.08 °C,28.74 °C
2026-03-21 11:43:28,29.24 °C,29.37 °C,29.07 °C
2026-03-21 12:13:34,29.49 °C,29.60 °C,29.37 °C
2026-03-21 12:43:41,29.07 °C,29.60 °C,28.62 °C
2026-03-21 13:55:11,27.42 °C,27.97 °C,27.02 °C
2026-03-21 14:25:22,28.42 °C,28.79 °C,27.97 °C
2026-03-21 14:55:34,29.06 °C,29.25 °C,28.79 °C
2026-03-21 15:25:40,29.32 °C,29.40 °C,29.25 °C
2026-03-21 15:55:47,29.49 °C,29.62 °C,29.39 °C
2026-03-21 16:25:53,29.75 °C,29.89 °C,29.61 °C
2026-03-21 16:55:59,29.92 °C,29.95 °C,29.88 °C
2026-03-21 17:26:05,29.88 °C,29.93 °C,29.82 °C
2026-03-21 17:56:11,29.80 °C,29.85 °C,29.75 °C
2026-03-21 18:26:18,29.73 °C,29.77 °C,29.70 °C
2026-03-21 18:56:24,29.71 °C,29.73 °C,29.70 °C
2026-03-21 19:26:30,29.70 °C,29.73 °C,29.67 °C
2026-03-21 19:56:36,29.67 °C,29.69 °C,29.65 °C
2026-03-21 20:26:43,29.67 °C,29.69 °C,29.66 °C
2026-03-21 20:56:49,29.67 °C,29.69 °C,29.66 °C
2026-03-21 21:26:55,29.68 °C,29.70 °C,29.67 °C
2026-03-21 21:57:01,29.69 °C,29.70 °C,29.67 °C
2026-03-21 22:27:08,29.69 °C,29.71 °C,29.67 °C
2026-03-21 22:57:14,29.70 °C,29.72 °C,29.68 °C
2026-03-21 23:27:20,29.70 °C,29.71 °C,29.68 °C
2026-03-21 23:57:26,29.70 °C,29.72 °C,29.68 °C
2026-03-22 00:27:38,29.71 °C,29.73 °C,29.69 °C
2026-03-22 00:57:44,29.72 °C,29.74 °C,29.70 °C
2026-03-22 01:27:50,29.72 °C,29.74 °C,29.70 °C
2026-03-22 01:57:57,29.71 °C,29.73 °C,29.70 °C
2026-03-22 02:28:03,29.70 °C,29.72 °C,29.69 °C
2026-03-22 02:58:09,29.69 °C,29.71 °C,29.67 °C
2026-03-22 03:28:15,29.67 °C,29.69 °C,29.64 °C
2026-03-22 03:58:21,29.63 °C,29.67 °C,29.61 °C
2026-03-22 04:28:27,29.59 °C,29.62 °C,29.55 °C
2026-03-22 04:58:34,29.54 °C,29.58 °C,29.51 °C
2026-03-22 05:28:40,29.50 °C,29.53 °C,29.48 °C
2026-03-22 05:58:46,29.47 °C,29.50 °C,29.45 °C
2026-03-22 06:28:52,29.44 °C,29.47 °C,29.41 °C
2026-03-22 06:58:59,29.40 °C,29.43 °C,29.38 °C
2026-03-22 07:29:05,29.39 °C,29.42 °C,29.37 °C
2026-03-22 07:59:11,29.45 °C,29.52 °C,29.40 °C
2026-03-22 08:29:17,29.56 °C,29.61 °C,29.49 °C
2026-03-22 08:59:23,29.68 °C,29.80 °C,29.60 °C
2026-03-22 09:29:30,29.87 °C,29.95 °C,29.80 °C
2026-03-22 09:59:36,30.01 °C,30.10 °C,29.93 °C
2026-03-22 10:29:42,30.20 °C,30.29 °C,30.10 °C
2026-03-22 10:59:54,30.36 °C,30.44 °C,30.28 °C
2026-03-22 11:30:00,30.47 °C,30.56 °C,30.41 °C
2026-03-22 12:00:06,30.63 °C,30.79 °C,30.54 °C
2026-03-22 12:30:12,30.96 °C,31.09 °C,30.78 °C
2026-03-22 13:00:19,31.13 °C,31.20 °C,31.08 °C
2026-03-22 13:30:25,31.28 °C,31.38 °C,31.18 °C
2026-03-22 14:00:31,31.47 °C,31.57 °C,31.36 °C
2026-03-22 14:30:37,31.65 °C,31.70 °C,31.56 °C
2026-03-22 15:30:55,31.70 °C,31.75 °C,31.65 °C
2026-03-22 16:31:08,31.75 °C,31.79 °C,31.70 °C
2026-03-22 17:01:25,31.70 °C,31.72 °C,31.68 °C
2026-03-22 17:31:38,31.65 °C,31.72 °C,31.58 °C
2026-03-22 18:01:51,31.46 °C,31.59 °C,31.33 °C
2026-03-22 18:32:03,31.22 °C,31.34 °C,31.12 °C
2026-03-22 19:02:17,31.03 °C,31.13 °C,30.93 °C
2026-03-22 19:32:28,30.86 °C,30.95 °C,30.79 °C
2026-03-22 20:02:34,30.75 °C,30.80 °C,30.70 °C
2026-03-22 20:32:41,30.67 °C,30.72 °C,30.64 °C
2026-03-22 21:02:47,30.62 °C,30.65 °C,30.58 °C
2026-03-22 21:32:53,30.56 °C,30.60 °C,30.52 °C
2026-03-22 22:02:59,30.50 °C,30.53 °C,30.47 °C
2026-03-22 22:33:06,30.45 °C,30.48 °C,30.42 °C
2026-03-22 23:03:12,30.42 °C,30.44 °C,30.39 °C
2026-03-22 23:33:18,30.37 °C,30.40 °C,30.32 °C
2026-03-23 00:33:30,30.18 °C,30.23 °C,30.14 °C
2026-03-23 01:03:37,30.12 °C,30.16 °C,30.09 °C
2026-03-23 01:33:43,30.07 °C,30.11 °C,30.04 °C
2026-03-23 02:03:49,30.02 °C,30.06 °C,29.99 °C
2026-03-23 02:33:55,29.97 °C,30.01 °C,29.93 °C
2026-03-23 03:04:02,29.92 °C,29.95 °C,29.88 °C
2026-03-23 03:34:08,29.85 °C,29.89 °C,29.81 °C
2026-03-23 04:04:14,29.79 °C,29.83 °C,29.76 °C
2026-03-23 04:34:21,29.74 °C,29.78 °C,29.71 °C
2026-03-23 05:04:27,29.69 °C,29.73 °C,29.66 °C
2026-03-23 05:34:39,29.64 °C,29.67 °C,29.60 °C
2026-03-23 06:04:45,29.59 °C,29.62 °C,29.56 °C
2026-03-23 06:34:51,29.51 °C,29.58 °C,29.48 °C
2026-03-23 07:04:57,29.47 °C,29.49 °C,29.45 °C
2026-03-23 07:35:04,29.48 °C,29.53 °C,29.46 °C
2026-03-23 08:05:10,29.58 °C,29.65 °C,29.51 °C
2026-03-23 08:35:16,29.72 °C,29.83 °C,29.63 °C
2026-03-23 09:05:22,29.90 °C,29.96 °C,29.82 °C
2026-03-23 09:35:28,30.00 °C,30.05 °C,29.95 °C
2026-03-23 10:05:34,30.06 °C,30.10 °C,30.03 °C
2026-03-23 10:35:41,30.13 °C,30.20 °C,30.08 °C
2026-03-23 11:05:47,30.25 °C,30.33 °C,30.18 °C
2026-03-23 11:35:53,30.37 °C,30.43 °C,30.30 °C
2026-03-23 12:05:59,30.52 °C,30.67 °C,30.42 °C
2026-03-23 12:36:06,30.77 °C,30.88 °C,30.66 °C
2026-03-23 13:06:12,30.93 °C,30.99 °C,30.86 °C
2026-03-23 13:36:18,31.03 °C,31.07 °C,30.98 °C
2026-03-23 14:06:24,31.05 °C,31.08 °C,31.03 °C
2026-03-23 14:36:30,31.09 °C,31.13 °C,31.06 °C
2026-03-23 15:06:48,31.17 °C,31.24 °C,31.11 °C
2026-03-23 15:36:54,31.27 °C,31.31 °C,31.22 °C
2026-03-23 16:07:00,31.33 °C,31.37 °C,31.29 °C
2026-03-23 16:37:06,31.35 °C,31.37 °C,31.33 °C
2026-03-23 17:37:19,31.25 °C,31.34 °C,31.16 °C
2026-03-23 18:07:25,31.07 °C,31.17 °C,30.97 °C
2026-03-23 18:37:31,30.90 °C,30.99 °C,30.82 °C
2026-03-23 19:07:38,30.77 °C,30.84 °C,30.70 °C
2026-03-23 19:37:44,30.67 °C,30.71 °C,30.62 °C
2026-03-23 20:07:50,30.58 °C,30.63 °C,30.52 °C
2026-03-23 20:37:56,30.51 °C,30.55 °C,30.47 °C
2026-03-23 21:08:02,30.45 °C,30.49 °C,30.41 °C
2026-03-23 21:38:09,30.40 °C,30.43 °C,30.37 °C
2026-03-23 22:08:15,30.37 °C,30.39 °C,30.35 °C
2026-03-23 22:38:21,30.34 °C,30.36 °C,30.32 °C
2026-03-23 23:08:27,30.33 °C,30.35 °C,30.31 °C
2026-03-23 23:38:33,30.32 °C,30.34 °C,30.30 °C
2026-03-24 00:08:40,30.27 °C,30.33 °C,30.22 °C
2026-03-24 00:38:46,30.20 °C,30.24 °C,30.15 °C
2026-03-24 01:08:58,30.11 °C,30.17 °C,30.04 °C
2026-03-24 01:39:04,29.97 °C,30.05 °C,29.88 °C
2026-03-24 02:09:10,29.81 °C,29.89 °C,29.73 °C
2026-03-24 02:39:16,29.70 °C,29.75 °C,29.67 °C
2026-03-24 03:09:23,29.66 °C,29.69 °C,29.64 °C
2026-03-24 03:39:29,29.65 °C,29.67 °C,29.62 °C
2026-03-24 04:09:35,29.62 °C,29.64 °C,29.60 °C
2026-03-24 04:39:41,29.60 °C,29.63 °C,29.58 °C
2026-03-24 05:09:47,29.56 °C,29.60 °C,29.52 °C
2026-03-24 05:39:54,29.53 °C,29.55 °C,29.51 °C
2026-03-24 06:10:00,29.52 °C,29.53 °C,29.50 °C
2026-03-24 06:40:06,29.50 °C,29.52 °C,29.48 °C
2026-03-24 07:10:13,29.47 °C,29.49 °C,29.45 °C
2026-03-24 07:40:19,29.49 °C,29.56 °C,29.46 °C
2026-03-24 08:10:25,29.62 °C,29.69 °C,29.54 °C
2026-03-24 08:40:31,29.74 °C,29.82 °C,29.67 °C
2026-03-24 09:10:37,29.94 °C,30.06 °C,29.80 °C
2026-03-24 09:40:43,30.11 °C,30.16 °C,30.06 °C
2026-03-24 10:10:49,30.18 °C,30.22 °C,30.15 °C
2026-03-24 10:41:07,30.34 °C,30.42 °C,30.20 °C
2026-03-24 11:11:13,30.46 °C,30.51 °C,30.40 °C
2026-03-24 11:41:19,30.61 °C,30.74 °C,30.49 °C
2026-03-24 12:11:26,30.78 °C,30.85 °C,30.73 °C
2026-03-24 12:41:32,30.87 °C,30.95 °C,30.82 °C
2026-03-24 13:11:38,30.97 °C,31.02 °C,30.92 °C
2026-03-24 13:41:44,30.86 °C,30.93 °C,30.80 °C
2026-03-24 14:11:51,30.80 °C,30.82 °C,30.78 °C
2026-03-24 14:41:57,30.83 °C,30.85 °C,30.81 °C
2026-03-24 15:12:08,30.86 °C,30.89 °C,30.83 °C
2026-03-24 15:42:15,30.89 °C,30.92 °C,30.86 °C
2026-03-24 16:12:21,30.90 °C,30.92 °C,30.88 °C
2026-03-24 16:42:27,30.89 °C,30.91 °C,30.87 °C
2026-03-24 17:12:34,30.86 °C,30.90 °C,30.82 °C
2026-03-24 17:42:40,30.75 °C,30.83 °C,30.67 °C
2026-03-24 18:12:46,30.59 °C,30.67 °C,30.51 °C
2026-03-24 18:42:52,30.46 °C,30.53 °C,30.39 °C
2026-03-24 19:12:58,30.32 °C,30.40 °C,30.25 °C
2026-03-24 19:43:10,30.21 °C,30.26 °C,30.16 °C
2026-03-24 20:13:16,30.14 °C,30.18 °C,30.12 °C
2026-03-24 20:43:22,30.12 °C,30.14 °C,30.09 °C
2026-03-24 21:13:29,30.07 °C,30.11 °C,30.03 °C
2026-03-24 21:43:35,30.00 °C,30.04 °C,29.95 °C
2026-03-24 22:13:41,29.91 °C,29.96 °C,29.86 °C
2026-03-24 22:43:47,29.83 °C,29.88 °C,29.79 °C
2026-03-24 23:13:54,29.77 °C,29.80 °C,29.73 °C
2026-03-24 23:44:00,29.71 °C,29.76 °C,29.68 °C
2026-03-25 00:14:06,29.67 °C,29.70 °C,29.65 °C
2026-03-25 00:44:12,29.63 °C,29.67 °C,29.59 °C
2026-03-25 01:14:18,29.58 °C,29.61 °C,29.54 °C
2026-03-25 01:44:24,29.54 °C,29.57 °C,29.51 °C
2026-03-25 02:14:31,29.50 °C,29.53 °C,29.46 °C
2026-03-25 02:44:37,29.45 °C,29.49 °C,29.42 °C
2026-03-25 03:14:43,29.40 °C,29.43 °C,29.37 °C
2026-03-25 03:44:49,29.35 °C,29.39 °C,29.32 °C
2026-03-25 04:14:56,29.31 °C,29.34 °C,29.28 °C
2026-03-25 04:45:02,29.26 °C,29.29 °C,29.23 °C
2026-03-25 05:15:13,29.21 °C,29.24 °C,29.18 °C
2026-03-25 05:45:20,29.17 °C,29.20 °C,29.15 °C
2026-03-25 06:15:26,29.14 °C,29.16 °C,29.11 °C
2026-03-25 06:45:32,29.09 °C,29.12 °C,29.05 °C
2026-03-25 07:15:38,29.05 °C,29.07 °C,29.03 °C
2026-03-25 07:45:45,29.04 °C,29.06 °C,29.02 °C
2026-03-25 08:15:51,29.07 °C,29.12 °C,29.04 °C
2026-03-25 08:45:57,29.15 °C,29.22 °C,29.10 °C
2026-03-25 09:16:03,29.27 °C,29.34 °C,29.17 °C
2026-03-25 09:46:10,28.53 °C,29.16 °C,28.03 °C
2026-03-25 10:16:16,27.69 °C,28.04 °C,27.38 °C
2026-03-25 10:46:22,27.17 °C,27.39 °C,26.95 °C
2026-03-25 11:16:28,26.90 °C,26.97 °C,26.86 °C
2026-03-25 11:38:02,0.00 °C,0.00 °C,0.00 °C
2026-03-25 11:40:07,0.00 °C,0.00 °C,0.00 °C
2026-03-25 11:42:07,0.00 °C,0.00 °C,0.00 °C
2026-03-25 11:49:55,26.05 °C,26.10 °C,25.97 °C
2026-03-25 11:51:06,26.12 °C,26.14 °C,26.11 °C
2026-03-25 11:52:12,26.16 °C,26.18 °C,26.15 °C
2026-03-25 11:53:18,26.19 °C,26.21 °C,26.17 °C
2026-03-25 11:54:25,26.22 °C,26.24 °C,26.21 °C
2026-03-25 11:55:31,26.24 °C,26.26 °C,26.23 °C
2026-03-25 11:56:37,26.27 °C,26.28 °C,26.25 °C
2026-03-25 11:57:43,26.29 °C,26.30 °C,26.27 °C
2026-03-25 11:58:49,26.31 °C,26.33 °C,26.30 °C
2026-03-25 11:59:56,26.33 °C,26.34 °C,26.32 °C
2026-03-25 12:02:22,26.29 °C,26.33 °C,26.25 °C
2026-03-25 12:03:33,26.34 °C,26.36 °C,26.32 °C
2026-03-25 12:05:44,0.00 °C,0.00 °C,0.00 °C
2026-03-25 12:07:45,0.00 °C,0.00 °C,0.00 °C
2026-03-25 12:14:00,26.19 °C,26.27 °C,26.04 °C
2026-03-25 12:15:18,26.28 °C,26.30 °C,26.27 °C
2026-03-25 12:16:24,26.31 °C,26.32 °C,26.29 °C
2026-03-25 12:17:30,26.33 °C,26.35 °C,26.32 °C
2026-03-25 12:18:36,26.34 °C,26.35 °C,26.33 °C
2026-03-25 12:19:43,26.35 °C,26.36 °C,26.34 °C
2026-03-25 12:20:49,26.36 °C,26.37 °C,26.35 °C
2026-03-25 12:21:55,26.36 °C,26.38 °C,26.36 °C
2026-03-25 12:43:21,26.26 °C,26.57 °C,25.94 °C
2026-03-25 12:53:32,26.82 °C,27.09 °C,26.56 °C
2026-03-25 13:03:38,27.31 °C,27.52 °C,27.08 °C
2026-03-25 13:13:45,27.71 °C,27.87 °C,27.53 °C
2026-03-25 13:23:51,28.00 °C,28.10 °C,27.88 °C
2026-03-25 13:33:57,28.18 °C,28.26 °C,28.10 °C
2026-03-25 13:44:04,28.31 °C,28.38 °C,28.25 °C
2026-03-25 13:54:10,28.44 °C,28.50 °C,28.38 °C
2026-03-25 14:04:16,28.55 °C,28.61 °C,28.49 °C
2026-03-25 14:14:28,28.65 °C,28.69 °C,28.59 °C
2026-03-25 14:24:34,28.72 °C,28.75 °C,28.68 °C
2026-03-25 14:34:40,28.77 °C,28.82 °C,28.73 °C
2026-03-25 14:44:47,28.85 °C,28.91 °C,28.81 °C
2026-03-25 14:54:58,28.91 °C,28.94 °C,28.82 °C
2026-03-25 15:05:33,27.99 °C,28.00 °C,27.96 °C
2026-03-25 18:11:02,,,
2026-03-25 18:41:40,28.40 °C,28.42 °C,28.38 °C
2026-03-25 18:41:40,28.40 °C,28.42 °C,28.38 °C
2026-03-25 19:11:46,28.43 °C,28.45 °C,28.41 °C
2026-03-25 19:11:46,28.43 °C,28.45 °C,28.41 °C
2026-03-25 19:41:52,28.47 °C,28.49 °C,28.44 °C
2026-03-25 19:41:52,28.47 °C,28.49 °C,28.44 °C
2026-03-25 20:11:58,28.51 °C,28.53 °C,28.49 °C
2026-03-25 20:11:58,28.51 °C,28.53 °C,28.49 °C
2026-03-25 20:42:04,28.56 °C,28.59 °C,28.53 °C
2026-03-25 21:12:10,28.60 °C,28.62 °C,28.58 °C
2026-03-25 21:42:17,28.63 °C,28.65 °C,28.61 °C
2026-03-25 21:42:17,28.63 °C,28.65 °C,28.61 °C
2026-03-25 22:12:23,28.66 °C,28.68 °C,28.64 °C
2026-03-25 22:42:29,28.68 °C,28.70 °C,28.67 °C
2026-03-25 22:42:29,28.68 °C,28.70 °C,28.67 °C
2026-03-25 23:12:35,28.71 °C,28.73 °C,28.70 °C
2026-03-25 23:12:35,28.71 °C,28.73 °C,28.70 °C
2026-03-25 23:42:42,28.73 °C,28.75 °C,28.72 °C
2026-03-26 00:12:48,28.73 °C,28.75 °C,28.68 °C
2026-03-26 00:12:48,28.73 °C,28.75 °C,28.68 °C
2026-03-26 00:42:54,28.64 °C,28.68 °C,28.62 °C
2026-03-26 00:42:54,28.64 °C,28.68 °C,28.62 °C
2026-03-26 01:13:00,28.63 °C,28.64 °C,28.62 °C
2026-03-26 01:13:00,28.63 °C,28.64 °C,28.62 °C
2026-03-26 01:43:07,28.62 °C,28.64 °C,28.60 °C
2026-03-26 01:43:07,28.62 °C,28.64 °C,28.60 °C
2026-03-26 02:13:13,28.60 °C,28.62 °C,28.58 °C
2026-03-26 02:43:19,28.58 °C,28.59 °C,28.57 °C
2026-03-26 02:43:19,28.58 °C,28.59 °C,28.57 °C
2026-03-26 03:13:31,28.57 °C,28.59 °C,28.56 °C
2026-03-26 03:43:37,28.56 °C,28.58 °C,28.55 °C
2026-03-26 04:13:43,28.55 °C,28.56 °C,28.54 °C
2026-03-26 04:13:43,28.55 °C,28.56 °C,28.54 °C
2026-03-26 05:13:56,28.52 °C,28.54 °C,28.50 °C
2026-03-26 05:13:56,28.52 °C,28.54 °C,28.50 °C
2026-03-26 05:44:02,28.49 °C,28.52 °C,28.47 °C
2026-03-26 05:44:02,28.49 °C,28.52 °C,28.47 °C
2026-03-26 06:14:08,28.46 °C,28.48 °C,28.44 °C
2026-03-26 06:14:08,28.46 °C,28.48 °C,28.44 °C
2026-03-26 06:44:14,28.44 °C,28.45 °C,28.42 °C
2026-03-26 06:44:14,28.44 °C,28.45 °C,28.42 °C
2026-03-26 07:14:20,28.43 °C,28.44 °C,28.42 °C
2026-03-26 07:14:20,28.43 °C,28.44 °C,28.42 °C
2026-03-26 07:44:27,28.45 °C,28.46 °C,28.43 °C
2026-03-26 08:44:39,28.57 °C,28.61 °C,28.53 °C
2026-03-26 08:44:39,28.57 °C,28.61 °C,28.53 °C
2026-03-26 09:14:57,28.65 °C,28.70 °C,28.61 °C
2026-03-26 09:14:57,28.65 °C,28.70 °C,28.61 °C
2026-03-26 09:45:04,28.64 °C,28.74 °C,28.26 °C
2026-03-26 10:15:17,27.58 °C,28.20 °C,27.11 °C
2026-03-26 10:45:30,26.78 °C,27.09 °C,26.57 °C
2026-03-26 11:15:43,26.44 °C,26.57 °C,26.31 °C
2026-03-26 11:46:01,26.22 °C,26.31 °C,26.14 °C
2026-03-26 12:16:07,25.96 °C,26.13 °C,25.81 °C
2026-03-26 12:46:13,25.71 °C,25.82 °C,25.61 °C
2026-03-26 13:16:20,25.55 °C,25.60 °C,25.50 °C
2026-03-26 14:16:32,25.58 °C,25.60 °C,25.54 °C
2026-03-26 14:46:38,25.57 °C,25.61 °C,25.53 °C
2026-03-26 15:16:44,25.56 °C,25.59 °C,25.52 °C
2026-03-26 15:46:56,25.43 °C,25.53 °C,25.31 °C
2026-03-26 16:17:02,25.20 °C,25.32 °C,25.10 °C
2026-03-26 16:47:09,25.71 °C,26.31 °C,25.14 °C
2026-03-26 16:47:09,25.71 °C,26.31 °C,25.14 °C
2026-03-26 17:17:15,26.75 °C,27.09 °C,26.34 °C
2026-03-26 17:47:21,27.13 °C,27.30 °C,26.99 °C
2026-03-26 18:17:27,27.16 °C,27.33 °C,27.00 °C
2026-03-26 18:17:27,27.16 °C,27.33 °C,27.00 °C
2026-03-26 18:47:34,27.19 °C,27.34 °C,27.06 °C
2026-03-26 19:17:40,27.20 °C,27.35 °C,27.09 °C
2026-03-26 19:17:40,27.20 °C,27.35 °C,27.09 °C
2026-03-26 19:47:46,27.34 °C,27.44 °C,27.26 °C
2026-03-26 20:17:52,27.50 °C,27.55 °C,27.43 °C
2026-03-26 21:18:04,27.65 °C,27.69 °C,27.62 °C
2026-03-26 21:18:04,27.65 °C,27.69 °C,27.62 °C
2026-03-26 21:48:11,27.70 °C,27.72 °C,27.68 °C
2026-03-26 21:48:11,27.70 °C,27.72 °C,27.68 °C
2026-03-26 22:18:17,27.74 °C,27.77 °C,27.71 °C
2026-03-26 22:18:17,27.74 °C,27.77 °C,27.71 °C
2026-03-26 22:48:23,27.79 °C,27.81 °C,27.76 °C
2026-03-26 22:48:23,27.79 °C,27.81 °C,27.76 °C
2026-03-26 23:18:29,27.81 °C,27.83 °C,27.79 °C
2026-03-26 23:48:36,27.84 °C,27.86 °C,27.82 °C
2026-03-27 00:18:42,27.81 °C,27.84 °C,27.80 °C
2026-03-27 00:48:48,27.83 °C,27.85 °C,27.81 °C
2026-03-27 01:18:54,27.86 °C,27.87 °C,27.84 °C
2026-03-27 01:49:12,27.86 °C,27.88 °C,27.85 °C
2026-03-27 17:52:42,28.90 °C,28.93 °C,28.87 °C
2026-03-27 17:52:42,28.90 °C,28.93 °C,28.87 °C
2026-03-27 18:22:48,28.86 °C,28.87 °C,28.84 °C
2026-03-27 18:52:54,28.83 °C,28.86 °C,28.77 °C
2026-03-27 18:52:54,28.83 °C,28.86 °C,28.77 °C
2026-03-27 18:52:54,28.83 °C,28.86 °C,28.77 °C
2026-03-27 19:23:00,28.72 °C,28.78 °C,28.69 °C
2026-03-27 19:23:00,28.72 °C,28.78 °C,28.69 °C
2026-03-27 19:23:00,28.72 °C,28.78 °C,28.69 °C
2026-03-27 19:53:06,28.67 °C,28.69 °C,28.64 °C
2026-03-27 20:23:13,28.63 °C,28.65 °C,28.61 °C
2026-03-27 20:53:19,28.61 °C,28.63 °C,28.59 °C
2026-03-27 21:23:25,28.56 °C,28.59 °C,28.54 °C
2026-03-27 21:23:25,28.56 °C,28.59 °C,28.54 °C
2026-03-27 21:53:31,28.54 °C,28.56 °C,28.51 °C
2026-03-27 21:53:31,28.54 °C,28.56 °C,28.51 °C
2026-03-27 22:23:37,28.51 °C,28.53 °C,28.50 °C
2026-03-27 22:23:37,28.51 °C,28.53 °C,28.50 °C
2026-03-27 22:23:37,28.51 °C,28.53 °C,28.50 °C
2026-03-27 22:53:44,28.51 °C,28.52 °C,28.49 °C
2026-03-27 23:23:50,28.49 °C,28.51 °C,28.46 °C
2026-03-27 23:23:50,28.49 °C,28.51 °C,28.46 °C
2026-03-27 23:53:56,28.46 °C,28.47 °C,28.44 °C
2026-03-27 23:53:56,28.46 °C,28.47 °C,28.44 °C
2026-03-28 00:24:02,28.43 °C,28.46 °C,28.41 °C
2026-03-28 00:54:08,28.40 °C,28.42 °C,28.38 °C
2026-03-28 00:54:08,28.40 °C,28.42 °C,28.38 °C
2026-03-28 00:54:08,28.40 °C,28.42 °C,28.38 °C
2026-03-28 01:24:14,28.37 °C,28.38 °C,28.36 °C
2026-03-28 01:24:14,28.37 °C,28.38 °C,28.36 °C
2026-03-28 01:24:14,28.37 °C,28.38 °C,28.36 °C
2026-03-28 01:54:21,28.36 °C,28.38 °C,28.34 °C
2026-03-28 01:54:21,28.36 °C,28.38 °C,28.34 °C
2026-03-28 02:24:27,28.34 °C,28.36 °C,28.33 °C
2026-03-28 02:54:34,28.32 °C,28.34 °C,28.31 °C
2026-03-28 02:54:34,28.32 °C,28.34 °C,28.31 °C
2026-03-28 02:54:34,28.32 °C,28.34 °C,28.31 °C
2026-03-28 03:24:39,28.30 °C,28.32 °C,28.29 °C
2026-03-28 03:24:39,28.30 °C,28.32 °C,28.29 °C
2026-03-28 03:54:46,28.29 °C,28.30 °C,28.27 °C
2026-03-28 03:54:46,28.29 °C,28.30 °C,28.27 °C
2026-03-28 04:24:52,28.27 °C,28.29 °C,28.25 °C
2026-03-28 04:24:52,28.27 °C,28.29 °C,28.25 °C
2026-03-28 04:54:58,28.25 °C,28.27 °C,28.24 °C
2026-03-28 04:54:58,28.25 °C,28.27 °C,28.24 °C
2026-03-28 05:25:04,28.23 °C,28.25 °C,28.21 °C
2026-03-28 05:25:04,28.23 °C,28.25 °C,28.21 °C
2026-03-28 05:25:04,28.23 °C,28.25 °C,28.21 °C
2026-03-28 05:55:11,28.20 °C,28.22 °C,28.18 °C
2026-03-28 05:55:11,28.20 °C,28.22 °C,28.18 °C
2026-03-28 06:25:17,28.17 °C,28.20 °C,28.14 °C
2026-03-28 06:25:17,28.17 °C,28.20 °C,28.14 °C
2026-03-28 06:55:23,28.14 °C,28.16 °C,28.12 °C
2026-03-28 07:25:29,28.14 °C,28.15 °C,28.12 °C
2026-03-28 07:55:36,28.19 °C,28.24 °C,28.16 °C
2026-03-28 08:25:42,28.28 °C,28.33 °C,28.23 °C
2026-03-28 08:55:48,28.39 °C,28.45 °C,28.33 °C
2026-03-28 09:25:54,28.49 °C,28.54 °C,28.45 °C
2026-03-28 09:25:54,28.49 °C,28.54 °C,28.45 °C
2026-03-28 09:25:54,28.49 °C,28.54 °C,28.45 °C
2026-03-28 09:56:00,28.58 °C,28.64 °C,28.53 °C
2026-03-28 10:26:18,28.68 °C,28.74 °C,28.63 °C
2026-03-28 10:56:24,28.79 °C,28.85 °C,28.74 °C
2026-03-28 11:26:31,28.90 °C,28.95 °C,28.85 °C
2026-03-28 11:56:37,29.03 °C,29.09 °C,28.96 °C
2026-03-28 11:56:37,29.03 °C,29.09 °C,28.96 °C
2026-03-28 12:26:43,29.14 °C,29.19 °C,29.09 °C
2026-03-28 12:56:49,29.25 °C,29.30 °C,29.20 °C
2026-03-28 12:56:49,29.25 °C,29.30 °C,29.20 °C
2026-03-28 13:26:56,29.39 °C,29.48 °C,29.30 °C
2026-03-28 13:57:01,29.59 °C,29.69 °C,29.49 °C
2026-03-28 14:27:08,29.76 °C,29.82 °C,29.69 °C
2026-03-28 14:27:08,29.76 °C,29.82 °C,29.69 °C
2026-03-28 15:27:20,29.88 °C,29.91 °C,29.85 °C
2026-03-28 15:57:32,29.91 °C,29.93 °C,29.89 °C
2026-03-28 15:57:32,29.91 °C,29.93 °C,29.89 °C
2026-03-28 16:27:38,29.94 °C,29.95 °C,29.93 °C
2026-03-28 16:27:38,29.94 °C,29.95 °C,29.93 °C
2026-03-28 16:57:44,29.94 °C,29.96 °C,29.93 °C
2026-03-28 16:57:44,29.94 °C,29.96 °C,29.93 °C
2026-03-28 17:27:51,29.94 °C,29.95 °C,29.93 °C
2026-03-28 17:57:57,29.90 °C,29.93 °C,29.86 °C
2026-03-28 18:28:03,29.82 °C,29.87 °C,29.78 °C
2026-03-28 18:28:03,29.82 °C,29.87 °C,29.78 °C
2026-03-28 19:28:15,29.63 °C,29.68 °C,29.59 °C
2026-03-28 19:58:21,29.58 °C,29.60 °C,29.55 °C
2026-03-28 20:28:33,29.55 °C,29.56 °C,29.53 °C
2026-03-28 20:28:33,29.55 °C,29.56 °C,29.53 °C
2026-03-28 20:58:40,29.52 °C,29.55 °C,29.51 °C
2026-03-28 21:28:46,29.49 °C,29.52 °C,29.47 °C
2026-03-28 21:58:52,29.46 °C,29.48 °C,29.45 °C
2026-03-28 21:58:52,29.46 °C,29.48 °C,29.45 °C
2026-03-28 21:58:52,29.46 °C,29.48 °C,29.45 °C
2026-03-28 22:28:58,29.45 °C,29.47 °C,29.43 °C
2026-03-28 22:59:04,29.42 °C,29.44 °C,29.41 °C
2026-03-28 22:59:04,29.42 °C,29.44 °C,29.41 °C
2026-03-28 22:59:04,29.42 °C,29.44 °C,29.41 °C
2026-03-28 23:29:11,29.41 °C,29.42 °C,29.40 °C
2026-03-28 23:59:17,29.39 °C,29.41 °C,29.37 °C
2026-03-29 00:29:23,29.37 °C,29.39 °C,29.34 °C
2026-03-29 00:59:29,29.33 °C,29.35 °C,29.31 °C
2026-03-29 01:29:36,29.31 °C,29.32 °C,29.29 °C
2026-03-29 01:29:36,29.31 °C,29.32 °C,29.29 °C
2026-03-29 01:29:36,29.31 °C,29.32 °C,29.29 °C
2026-03-29 01:59:42,29.27 °C,29.29 °C,29.25 °C
2026-03-29 02:29:48,29.24 °C,29.25 °C,29.21 °C
2026-03-29 02:59:54,29.20 °C,29.23 °C,29.18 °C
2026-03-29 02:59:54,29.20 °C,29.23 °C,29.18 °C
2026-03-29 03:30:00,29.15 °C,29.18 °C,29.11 °C
2026-03-29 04:00:07,29.10 °C,29.13 °C,29.07 °C
2026-03-29 04:30:13,29.06 °C,29.07 °C,29.04 °C
2026-03-29 04:30:13,29.06 °C,29.07 °C,29.04 °C
2026-03-29 05:00:19,29.04 °C,29.05 °C,29.02 °C
2026-03-29 05:30:25,29.01 °C,29.03 °C,28.99 °C
2026-03-29 06:00:37,28.97 °C,29.00 °C,28.94 °C
2026-03-29 06:00:37,28.97 °C,29.00 °C,28.94 °C
2026-03-29 06:30:43,28.91 °C,28.95 °C,28.88 °C
2026-03-29 07:00:49,28.85 °C,28.88 °C,28.83 °C
2026-03-29 07:30:56,28.83 °C,28.84 °C,28.82 °C
2026-03-29 08:01:02,28.87 °C,28.91 °C,28.84 °C
2026-03-29 08:31:08,28.97 °C,29.02 °C,28.91 °C
2026-03-29 09:01:14,29.09 °C,29.14 °C,29.03 °C
2026-03-29 09:31:20,29.18 °C,29.23 °C,29.14 °C
2026-03-29 10:01:27,29.27 °C,29.33 °C,29.22 °C
2026-03-29 10:31:33,29.38 °C,29.43 °C,29.32 °C
2026-03-29 10:31:33,29.38 °C,29.43 °C,29.32 °C
2026-03-29 11:01:39,29.48 °C,29.54 °C,29.43 °C
2026-03-29 11:01:39,29.48 °C,29.54 °C,29.43 °C
2026-03-29 11:31:45,29.60 °C,29.66 °C,29.52 °C
2026-03-29 12:01:51,29.71 °C,29.77 °C,29.66 °C
2026-03-29 12:31:58,29.83 °C,29.89 °C,29.76 °C
2026-03-29 13:32:10,30.16 °C,30.24 °C,30.07 °C
2026-03-29 14:02:16,30.30 °C,30.35 °C,30.25 °C
2026-03-29 14:02:16,30.30 °C,30.35 °C,30.25 °C
2026-03-29 14:32:23,30.38 °C,30.45 °C,30.31 °C
2026-03-29 15:02:29,30.48 °C,30.50 °C,30.45 °C
2026-03-29 15:32:35,30.52 °C,30.56 °C,30.50 °C
2026-03-29 15:32:35,30.52 °C,30.56 °C,30.50 °C
2026-03-29 15:32:35,30.52 °C,30.56 °C,30.50 °C
2026-03-29 16:02:52,30.56 °C,30.58 °C,30.53 °C
2026-03-29 16:32:58,30.60 °C,30.61 °C,30.58 °C
2026-03-29 17:33:11,30.62 °C,30.63 °C,30.61 °C
2026-03-29 18:03:17,30.59 °C,30.63 °C,30.55 °C
2026-03-29 18:03:17,30.59 °C,30.63 °C,30.55 °C
2026-03-29 18:33:23,30.52 °C,30.56 °C,30.47 °C
2026-03-29 19:03:30,30.42 °C,30.47 °C,30.36 °C
2026-03-29 19:33:36,30.34 °C,30.38 °C,30.32 °C
2026-03-29 19:33:36,30.34 °C,30.38 °C,30.32 °C
2026-03-29 20:03:42,30.30 °C,30.32 °C,30.28 °C
2026-03-29 20:33:48,30.27 °C,30.29 °C,30.26 °C
2026-03-29 21:03:54,30.24 °C,30.27 °C,30.23 °C
2026-03-29 21:34:01,30.22 °C,30.24 °C,30.20 °C
2026-03-29 22:04:07,30.20 °C,30.22 °C,30.18 °C
2026-03-29 22:34:13,30.17 °C,30.18 °C,30.15 °C
2026-03-29 23:04:19,30.14 °C,30.16 °C,30.11 °C
2026-03-29 23:34:26,30.10 °C,30.12 °C,30.09 °C
2026-03-29 23:34:26,30.10 °C,30.12 °C,30.09 °C
2026-03-30 00:34:38,30.05 °C,30.06 °C,30.03 °C
2026-03-30 01:04:50,30.02 °C,30.04 °C,30.01 °C
2026-03-30 01:35:03,29.99 °C,30.01 °C,29.98 °C
2026-03-30 02:05:16,29.96 °C,29.99 °C,29.93 °C
2026-03-30 02:05:16,29.96 °C,29.99 °C,29.93 °C
2026-03-30 02:35:28,29.91 °C,29.94 °C,29.88 °C
2026-03-30 02:35:28,29.91 °C,29.94 °C,29.88 °C
2026-03-30 03:05:48,29.86 °C,29.89 °C,29.84 °C
2026-03-30 03:36:00,29.82 °C,29.85 °C,29.80 °C
2026-03-30 04:36:12,29.73 °C,29.77 °C,29.70 °C
2026-03-30 05:06:18,29.68 °C,29.71 °C,29.65 °C
2026-03-30 05:36:25,29.64 °C,29.66 °C,29.61 °C
2026-03-30 06:06:31,29.59 °C,29.62 °C,29.56 °C
2026-03-30 06:06:31,29.59 °C,29.62 °C,29.56 °C
2026-03-30 06:36:37,29.55 °C,29.57 °C,29.52 °C
2026-03-30 07:06:43,29.52 °C,29.54 °C,29.50 °C
2026-03-30 07:36:49,29.52 °C,29.54 °C,29.50 °C
2026-03-30 07:36:49,29.52 °C,29.54 °C,29.50 °C
2026-03-30 08:06:56,29.56 °C,29.59 °C,29.52 °C
2026-03-30 08:37:02,29.62 °C,29.68 °C,29.58 °C
2026-03-30 08:37:02,29.62 °C,29.68 °C,29.58 °C
2026-03-30 09:07:08,29.73 °C,29.78 °C,29.67 °C
2026-03-30 09:37:14,29.82 °C,29.86 °C,29.78 °C
2026-03-30 09:37:14,29.82 °C,29.86 °C,29.78 °C
2026-03-30 09:37:14,29.82 °C,29.86 °C,29.78 °C
2026-03-30 10:07:21,29.92 °C,29.99 °C,29.86 °C
2026-03-30 11:07:33,30.17 °C,30.23 °C,30.11 °C
2026-03-30 11:37:45,30.30 °C,30.37 °C,30.23 °C
2026-03-30 12:07:58,30.41 °C,30.48 °C,30.36 °C
2026-03-30 12:38:11,30.54 °C,30.60 °C,30.47 °C
2026-03-30 13:08:23,30.67 °C,30.74 °C,30.61 °C
2026-03-30 13:38:36,30.82 °C,30.89 °C,30.74 °C
2026-03-30 13:38:36,30.82 °C,30.89 °C,30.74 °C
2026-03-30 14:08:48,30.96 °C,31.04 °C,30.88 °C
2026-03-30 15:09:01,31.10 °C,31.15 °C,31.06 °C
2026-03-30 16:09:13,31.17 °C,31.20 °C,31.13 °C
2026-03-30 16:09:13,31.17 °C,31.20 °C,31.13 °C
2026-03-30 16:39:25,31.12 °C,31.13 °C,31.10 °C
2026-03-30 17:09:31,31.13 °C,31.16 °C,31.11 °C
2026-03-30 17:09:31,31.13 °C,31.16 °C,31.11 °C
2026-03-30 17:09:31,31.13 °C,31.16 °C,31.11 °C
2026-03-30 17:39:37,31.11 °C,31.13 °C,31.07 °C
2026-03-30 17:39:37,31.11 °C,31.13 °C,31.07 °C
2026-03-30 17:39:37,31.11 °C,31.13 °C,31.07 °C
2026-03-30 18:09:43,31.03 °C,31.08 °C,30.98 °C
2026-03-30 18:39:50,30.92 °C,30.98 °C,30.85 °C
2026-03-30 19:10:01,30.78 °C,30.84 °C,30.72 °C
2026-03-30 19:40:14,30.68 °C,30.73 °C,30.66 °C
2026-03-30 20:10:27,30.62 °C,30.65 °C,30.60 °C
2026-03-30 20:40:40,30.58 °C,30.61 °C,30.55 °C
2026-03-30 21:10:53,30.52 °C,30.55 °C,30.50 °C
2026-03-30 21:10:53,30.52 °C,30.55 °C,30.50 °C
2026-03-30 21:41:05,30.48 °C,30.50 °C,30.46 °C
2026-03-30 22:11:16,30.44 °C,30.46 °C,30.41 °C
2026-03-30 22:41:36,30.39 °C,30.42 °C,30.35 °C
2026-03-30 23:11:56,30.33 °C,30.36 °C,30.29 °C
2026-03-30 23:42:15,30.28 °C,30.30 °C,30.25 °C
2026-03-31 00:12:34,30.24 °C,30.26 °C,30.22 °C
2026-03-31 00:12:34,30.24 °C,30.26 °C,30.22 °C
2026-03-31 11:47:20,30.35 °C,30.39 °C,30.32 °C
2026-03-31 12:47:33,30.53 °C,30.57 °C,30.48 °C
2026-03-31 12:47:33,30.53 °C,30.57 °C,30.48 °C
2026-03-31 12:47:33,30.53 °C,30.57 °C,30.48 °C
2026-03-31 13:17:39,30.64 °C,30.72 °C,30.57 °C
2026-03-31 13:17:39,30.64 °C,30.72 °C,30.57 °C
2026-03-31 13:17:39,30.64 °C,30.72 °C,30.57 °C
2026-03-31 13:47:45,30.83 °C,30.93 °C,30.72 °C
2026-03-31 13:47:45,30.83 °C,30.93 °C,30.72 °C
2026-03-31 14:17:51,31.01 °C,31.11 °C,30.93 °C
2026-03-31 14:17:51,31.01 °C,31.11 °C,30.93 °C
2026-03-31 14:47:57,31.11 °C,31.15 °C,30.98 °C
2026-03-31 14:47:57,31.11 °C,31.15 °C,30.98 °C
2026-03-31 15:18:04,30.81 °C,30.97 °C,30.68 °C
2026-03-31 15:18:04,30.81 °C,30.97 °C,30.68 °C
2026-03-31 15:18:04,30.81 °C,30.97 °C,30.68 °C
2026-03-31 15:48:10,30.55 °C,30.67 °C,30.40 °C
2026-03-31 15:48:10,30.55 °C,30.67 °C,30.40 °C
2026-03-31 16:18:16,30.28 °C,30.40 °C,30.19 °C
2026-03-31 16:18:16,30.28 °C,30.40 °C,30.19 °C
2026-03-31 16:48:28,30.11 °C,30.19 °C,30.07 °C
2026-03-31 16:48:28,30.11 °C,30.19 °C,30.07 °C
2026-03-31 16:48:28,30.11 °C,30.19 °C,30.07 °C
2026-03-31 17:18:34,30.03 °C,30.07 °C,30.00 °C
2026-03-31 18:18:47,29.87 °C,29.92 °C,29.79 °C
2026-03-31 18:18:47,29.87 °C,29.92 °C,29.79 °C
2026-03-31 18:48:53,29.70 °C,29.78 °C,29.62 °C
2026-03-31 18:48:53,29.70 °C,29.78 °C,29.62 °C
2026-03-31 19:19:04,29.54 °C,29.61 °C,29.48 °C
2026-03-31 19:19:04,29.54 °C,29.61 °C,29.48 °C
2026-03-31 19:49:11,29.48 °C,29.49 °C,29.47 °C
2026-03-31 19:49:11,29.48 °C,29.49 °C,29.47 °C
2026-03-31 19:49:11,29.48 °C,29.49 °C,29.47 °C
2026-03-31 20:19:17,29.46 °C,29.48 °C,29.42 °C
2026-03-31 20:19:17,29.46 °C,29.48 °C,29.42 °C
2026-03-31 20:49:23,29.41 °C,29.43 °C,29.39 °C
2026-03-31 20:49:23,29.41 °C,29.43 °C,29.39 °C
2026-03-31 21:19:29,29.37 °C,29.39 °C,29.34 °C
2026-03-31 21:19:29,29.37 °C,29.39 °C,29.34 °C
2026-03-31 22:49:48,29.22 °C,29.26 °C,29.19 °C
2026-03-31 23:19:54,29.15 °C,29.19 °C,29.12 °C
2026-03-31 23:50:00,29.08 °C,29.12 °C,29.04 °C
2026-03-31 23:50:00,29.08 °C,29.12 °C,29.04 °C
2026-03-31 23:50:00,29.08 °C,29.12 °C,29.04 °C
2026-04-01 00:20:07,28.99 °C,29.04 °C,28.94 °C
2026-04-01 00:20:07,28.99 °C,29.04 °C,28.94 °C
2026-04-01 00:50:25,28.90 °C,28.95 °C,28.86 °C
2026-04-01 00:50:25,28.90 °C,28.95 °C,28.86 °C
2026-04-01 01:20:31,28.79 °C,28.86 °C,28.72 °C
2026-04-01 01:20:31,28.79 °C,28.86 °C,28.72 °C
2026-04-01 01:50:44,28.66 °C,28.72 °C,28.61 °C
2026-04-01 01:50:44,28.66 °C,28.72 °C,28.61 °C
2026-04-01 02:21:04,28.56 °C,28.61 °C,28.51 °C
2026-04-01 02:21:04,28.56 °C,28.61 °C,28.51 °C
2026-04-01 02:51:10,28.47 °C,28.51 °C,28.42 °C
2026-04-01 02:51:10,28.47 °C,28.51 °C,28.42 °C
2026-04-01 03:21:23,28.38 °C,28.42 °C,28.34 °C
2026-04-01 04:21:46,28.22 °C,28.25 °C,28.17 °C
2026-04-01 04:51:52,28.13 °C,28.18 °C,28.09 °C
2026-04-01 05:21:59,28.03 °C,28.09 °C,27.99 °C
2026-04-01 05:21:59,28.03 °C,28.09 °C,27.99 °C
2026-04-01 05:52:05,27.96 °C,27.98 °C,27.93 °C
2026-04-01 06:22:11,27.89 °C,27.92 °C,27.86 °C
2026-04-01 06:22:11,27.89 °C,27.92 °C,27.86 °C
2026-04-01 07:22:24,27.77 °C,27.80 °C,27.75 °C
2026-04-01 07:52:30,27.75 °C,27.78 °C,27.74 °C
2026-04-01 07:52:30,27.75 °C,27.78 °C,27.74 °C
2026-04-01 08:22:36,27.83 °C,27.86 °C,27.78 °C
2026-04-01 09:22:48,27.94 °C,27.98 °C,27.90 °C
2026-04-01 09:53:00,27.99 °C,28.03 °C,27.96 °C
2026-04-01 10:23:13,28.05 °C,28.12 °C,28.02 °C
2026-04-01 10:53:26,28.17 °C,28.23 °C,28.13 °C
2026-04-01 11:23:39,28.30 °C,28.37 °C,28.22 °C
2026-04-01 11:23:39,28.30 °C,28.37 °C,28.22 °C
2026-04-01 11:23:39,28.30 °C,28.37 °C,28.22 °C
2026-04-01 11:53:52,28.39 °C,28.43 °C,28.37 °C
2026-04-01 12:24:03,28.48 °C,28.50 °C,28.42 °C
2026-04-01 12:54:10,28.51 °C,28.54 °C,28.48 °C
2026-04-01 12:54:10,28.51 °C,28.54 °C,28.48 °C
2026-04-01 13:24:16,28.46 °C,28.53 °C,28.38 °C
2026-04-01 13:54:22,28.31 °C,28.36 °C,28.28 °C
2026-04-01 13:54:22,28.31 °C,28.36 °C,28.28 °C
2026-04-01 13:54:22,28.31 °C,28.36 °C,28.28 °C
2026-04-01 14:24:28,28.35 °C,28.37 °C,28.32 °C
2026-04-01 14:54:35,28.24 °C,28.40 °C,27.79 °C
2026-04-01 14:54:35,28.24 °C,28.40 °C,27.79 °C
2026-04-01 15:24:41,27.22 °C,27.75 °C,26.79 °C
2026-04-01 15:24:41,27.22 °C,27.75 °C,26.79 °C
2026-04-01 15:24:41,27.22 °C,27.75 °C,26.79 °C
2026-04-01 15:54:47,26.38 °C,26.77 °C,26.06 °C
2026-04-01 16:24:53,26.27 °C,26.69 °C,25.99 °C
2026-04-01 16:55:05,27.03 °C,27.30 °C,26.70 °C
2026-04-01 17:25:11,27.49 °C,27.61 °C,27.32 °C
2026-04-01 17:55:17,27.69 °C,27.74 °C,27.63 °C
2026-04-01 18:25:23,27.71 °C,27.74 °C,27.66 °C
2026-04-01 18:55:30,27.62 °C,27.66 °C,27.59 °C
2026-04-01 19:25:36,27.60 °C,27.61 °C,27.59 °C
2026-04-01 19:55:42,27.61 °C,27.62 °C,27.59 °C
2026-04-01 20:25:49,27.61 °C,27.62 °C,27.60 °C
2026-04-01 20:55:55,27.62 °C,27.63 °C,27.61 °C
2026-04-01 21:26:07,27.60 °C,27.62 °C,27.57 °C
2026-04-01 21:56:13,27.55 °C,27.57 °C,27.53 °C
2026-04-01 21:56:13,27.55 °C,27.57 °C,27.53 °C
2026-04-01 22:26:19,27.53 °C,27.54 °C,27.51 °C
2026-04-01 23:26:31,27.50 °C,27.52 °C,27.49 °C
2026-04-01 23:56:38,27.46 °C,27.50 °C,27.40 °C
2026-04-02 00:26:44,27.32 °C,27.39 °C,27.26 °C
2026-04-02 00:26:44,27.32 °C,27.39 °C,27.26 °C
2026-04-02 00:56:50,27.21 °C,27.26 °C,27.16 °C
2026-04-02 01:26:56,27.12 °C,27.16 °C,27.08 °C
2026-04-02 01:26:56,27.12 °C,27.16 °C,27.08 °C
2026-04-02 01:57:03,27.04 °C,27.09 °C,27.01 °C
2026-04-02 01:57:03,27.04 °C,27.09 °C,27.01 °C
2026-04-02 02:27:09,26.98 °C,27.01 °C,26.95 °C
2026-04-02 02:27:09,26.98 °C,27.01 °C,26.95 °C
2026-04-02 02:57:15,26.93 °C,26.96 °C,26.89 °C
2026-04-02 03:27:21,26.87 °C,26.91 °C,26.85 °C
2026-04-02 03:57:27,26.82 °C,26.85 °C,26.80 °C
2026-04-02 03:57:27,26.82 °C,26.85 °C,26.80 °C
2026-04-02 04:27:34,26.77 °C,26.80 °C,26.73 °C
2026-04-02 04:57:40,26.71 °C,26.74 °C,26.67 °C
2026-04-02 05:27:46,26.64 °C,26.67 °C,26.62 °C
2026-04-02 05:57:52,26.60 °C,26.62 °C,26.57 °C
2026-04-02 05:57:52,26.60 °C,26.62 °C,26.57 °C
2026-04-02 06:27:59,26.55 °C,26.57 °C,26.52 °C
2026-04-02 06:58:05,26.50 °C,26.53 °C,26.47 °C
2026-04-02 07:28:22,26.47 °C,26.49 °C,26.46 °C
2026-04-02 07:58:29,26.51 °C,26.54 °C,26.47 °C
2026-04-02 07:58:29,26.51 °C,26.54 °C,26.47 °C
2026-04-02 08:28:35,26.56 °C,26.59 °C,26.53 °C
2026-04-02 08:58:41,26.63 °C,26.67 °C,26.58 °C
2026-04-02 09:28:47,26.74 °C,26.85 °C,26.67 °C
2026-04-02 10:28:59,27.14 °C,27.22 °C,27.05 °C
2026-04-02 10:28:59,27.14 °C,27.22 °C,27.05 °C
2026-04-02 10:59:06,27.24 °C,27.27 °C,27.21 °C
2026-04-02 10:59:06,27.24 °C,27.27 °C,27.21 °C
2026-04-02 11:29:12,27.30 °C,27.41 °C,27.25 °C
2026-04-02 11:29:12,27.30 °C,27.41 °C,27.25 °C
2026-04-02 11:59:18,27.51 °C,27.61 °C,27.42 °C
2026-04-02 12:29:24,27.61 °C,27.63 °C,27.59 °C
2026-04-02 12:59:30,27.62 °C,27.71 °C,27.59 °C
2026-04-02 12:59:30,27.62 °C,27.71 °C,27.59 °C
2026-04-02 13:29:37,27.70 °C,27.72 °C,27.67 °C
2026-04-02 13:59:43,27.76 °C,27.81 °C,27.69 °C
2026-04-02 14:29:49,27.85 °C,27.88 °C,27.80 °C
2026-04-02 14:29:49,27.85 °C,27.88 °C,27.80 °C
2026-04-02 14:59:55,27.86 °C,27.88 °C,27.84 °C
2026-04-02 15:30:02,27.87 °C,27.92 °C,27.85 °C
2026-04-02 16:00:08,27.97 °C,28.01 °C,27.92 °C
2026-04-02 16:30:14,28.01 °C,28.02 °C,28.00 °C
2026-04-02 17:00:31,27.97 °C,28.00 °C,27.95 °C
2026-04-02 17:30:38,27.93 °C,27.96 °C,27.88 °C
2026-04-02 18:00:44,27.81 °C,27.88 °C,27.74 °C
2026-04-02 18:00:44,27.81 °C,27.88 °C,27.74 °C
2026-04-02 18:30:50,27.68 °C,27.75 °C,27.61 °C
2026-04-02 19:00:56,27.56 °C,27.62 °C,27.51 °C
2026-04-02 19:31:02,27.48 °C,27.51 °C,27.45 °C
2026-04-02 20:01:08,27.43 °C,27.46 °C,27.40 °C
2026-04-02 20:31:15,27.36 °C,27.40 °C,27.33 °C
2026-04-02 20:31:15,27.36 °C,27.40 °C,27.33 °C
2026-04-02 20:31:15,27.36 °C,27.40 °C,27.33 °C
2026-04-02 21:01:21,27.31 °C,27.34 °C,27.30 °C
2026-04-02 21:31:27,27.28 °C,27.30 °C,27.26 °C
2026-04-02 21:31:27,27.28 °C,27.30 °C,27.26 °C
2026-04-02 22:31:40,27.20 °C,27.23 °C,27.17 °C
2026-04-02 23:01:46,27.15 °C,27.17 °C,27.14 °C
2026-04-02 23:01:46,27.15 °C,27.17 °C,27.14 °C
2026-04-02 23:31:52,27.14 °C,27.15 °C,27.12 °C
2026-04-03 00:01:58,27.12 °C,27.14 °C,27.10 °C
2026-04-03 00:32:04,27.09 °C,27.11 °C,27.07 °C
2026-04-03 01:02:11,27.06 °C,27.08 °C,27.05 °C
2026-04-03 01:02:11,27.06 °C,27.08 °C,27.05 °C
2026-04-03 01:32:17,27.04 °C,27.05 °C,27.02 °C
2026-04-03 01:32:17,27.04 °C,27.05 °C,27.02 °C
2026-04-03 01:32:17,27.04 °C,27.05 °C,27.02 °C
2026-04-03 02:02:23,27.01 °C,27.03 °C,26.99 °C
2026-04-03 02:32:29,26.98 °C,27.00 °C,26.96 °C
2026-04-03 02:32:29,26.98 °C,27.00 °C,26.96 °C
2026-04-03 03:02:46,26.94 °C,26.96 °C,26.92 °C
2026-04-03 03:32:53,26.91 °C,26.93 °C,26.90 °C
2026-04-03 03:32:53,26.91 °C,26.93 °C,26.90 °C
2026-04-03 04:02:59,26.87 °C,26.89 °C,26.85 °C
2026-04-03 04:33:05,26.83 °C,26.86 °C,26.80 °C
2026-04-03 05:03:11,26.79 °C,26.81 °C,26.76 °C
2026-04-03 05:33:18,26.74 °C,26.77 °C,26.71 °C
2026-04-03 06:03:24,26.69 °C,26.72 °C,26.66 °C
2026-04-03 06:03:24,26.69 °C,26.72 °C,26.66 °C
2026-04-03 06:33:30,26.65 °C,26.67 °C,26.63 °C
2026-04-03 07:03:36,26.63 °C,26.64 °C,26.62 °C
2026-04-03 07:33:42,26.64 °C,26.67 °C,26.63 °C
2026-04-03 07:33:42,26.64 °C,26.67 °C,26.63 °C
2026-04-03 08:03:49,26.69 °C,26.74 °C,26.65 °C
2026-04-03 08:33:55,26.78 °C,26.84 °C,26.72 °C
2026-04-03 09:04:01,26.88 °C,26.93 °C,26.83 °C
2026-04-03 09:04:01,26.88 °C,26.93 °C,26.83 °C
2026-04-03 09:34:07,26.99 °C,27.05 °C,26.93 °C
2026-04-03 10:04:14,27.11 °C,27.17 °C,27.05 °C
2026-04-03 11:04:26,27.35 °C,27.41 °C,27.30 °C
2026-04-03 11:04:26,27.35 °C,27.41 °C,27.30 °C
2026-04-03 11:04:26,27.35 °C,27.41 °C,27.30 °C
2026-04-03 11:34:32,27.48 °C,27.55 °C,27.41 °C
2026-04-03 12:04:39,27.62 °C,27.69 °C,27.55 °C
2026-04-03 12:34:45,27.76 °C,27.82 °C,27.69 °C
2026-04-03 13:04:57,27.90 °C,27.95 °C,27.84 °C
2026-04-03 13:04:57,27.90 °C,27.95 °C,27.84 °C
2026-04-03 13:35:03,28.03 °C,28.12 °C,27.94 °C
2026-04-03 14:05:09,28.17 °C,28.21 °C,28.13 °C
2026-04-03 14:35:15,28.26 °C,28.31 °C,28.21 °C
2026-04-03 14:35:15,28.26 °C,28.31 °C,28.21 °C
2026-04-03 15:35:28,28.37 °C,28.40 °C,28.34 °C
2026-04-03 16:05:34,28.43 °C,28.45 °C,28.40 °C
2026-04-03 16:05:34,28.43 °C,28.45 °C,28.40 °C
2026-04-03 16:35:40,28.47 °C,28.50 °C,28.44 °C
2026-04-03 17:05:52,28.50 °C,28.52 °C,28.48 °C
2026-04-03 17:35:58,28.45 °C,28.50 °C,28.40 °C
2026-04-03 18:06:05,28.38 °C,28.40 °C,28.35 °C
2026-04-03 18:06:05,28.38 °C,28.40 °C,28.35 °C
2026-04-03 18:36:11,28.31 °C,28.35 °C,28.26 °C
2026-04-03 19:06:17,28.21 °C,28.26 °C,28.17 °C
2026-04-03 19:36:24,28.15 °C,28.17 °C,28.12 °C
2026-04-03 20:06:29,28.12 °C,28.14 °C,28.11 °C
2026-04-03 20:06:29,28.12 °C,28.14 °C,28.11 °C
2026-04-03 20:36:36,28.11 °C,28.12 °C,28.09 °C
2026-04-03 21:06:42,28.09 °C,28.10 °C,28.07 °C
2026-04-03 21:06:42,28.09 °C,28.10 °C,28.07 °C
2026-04-03 22:06:54,28.05 °C,28.07 °C,28.03 °C
2026-04-03 22:37:01,28.04 °C,28.05 °C,28.03 °C
2026-04-03 22:37:01,28.04 °C,28.05 °C,28.03 °C
2026-04-03 23:07:18,28.02 °C,28.03 °C,28.01 °C
2026-04-03 23:37:24,28.01 °C,28.02 °C,28.00 °C
2026-04-03 23:37:24,28.01 °C,28.02 °C,28.00 °C
2026-04-04 00:07:30,27.99 °C,28.00 °C,27.97 °C
2026-04-04 00:37:36,27.97 °C,27.98 °C,27.96 °C
2026-04-04 00:37:36,27.97 °C,27.98 °C,27.96 °C
2026-04-04 01:07:43,27.96 °C,27.97 °C,27.94 °C
2026-04-04 01:37:49,27.94 °C,27.96 °C,27.92 °C
2026-04-04 02:07:55,27.92 °C,27.93 °C,27.90 °C
2026-04-04 02:38:01,27.90 °C,27.92 °C,27.87 °C
2026-04-04 03:08:08,27.88 °C,27.90 °C,27.86 °C
2026-04-04 03:08:08,27.88 °C,27.90 °C,27.86 °C
2026-04-04 03:38:14,27.86 °C,27.87 °C,27.84 °C
2026-04-04 04:08:20,27.84 °C,27.86 °C,27.82 °C
2026-04-04 04:38:27,27.81 °C,27.82 °C,27.79 °C
2026-04-04 05:08:33,27.78 °C,27.80 °C,27.76 °C
2026-04-04 05:08:33,27.78 °C,27.80 °C,27.76 °C
2026-04-04 05:38:39,27.74 °C,27.77 °C,27.72 °C
2026-04-04 06:08:45,27.71 °C,27.73 °C,27.68 °C
2026-04-04 06:38:51,27.67 °C,27.69 °C,27.64 °C
2026-04-04 06:38:51,27.67 °C,27.69 °C,27.64 °C
2026-04-04 07:08:58,27.65 °C,27.67 °C,27.63 °C
2026-04-04 07:08:58,27.65 °C,27.67 °C,27.63 °C
2026-04-04 07:39:03,27.67 °C,27.71 °C,27.65 °C
2026-04-04 08:09:10,27.75 °C,27.80 °C,27.70 °C
2026-04-04 08:39:22,27.86 °C,27.92 °C,27.81 °C
2026-04-04 09:09:28,27.97 °C,28.03 °C,27.91 °C
2026-04-04 09:09:28,27.97 °C,28.03 °C,27.91 °C
2026-04-04 10:09:41,28.20 °C,28.26 °C,28.14 °C
2026-04-04 11:09:53,28.43 °C,28.49 °C,28.37 °C
2026-04-04 11:39:59,28.55 °C,28.60 °C,28.50 °C
2026-04-04 12:10:05,28.68 °C,28.74 °C,28.61 °C
2026-04-04 12:10:05,28.68 °C,28.74 °C,28.61 °C
2026-04-04 12:10:05,28.68 °C,28.74 °C,28.61 °C
2026-04-04 12:40:11,28.81 °C,28.87 °C,28.75 °C
2026-04-04 12:40:11,28.81 °C,28.87 °C,28.75 °C
2026-04-04 13:10:17,28.91 °C,28.95 °C,28.86 °C
2026-04-04 13:10:17,28.91 °C,28.95 °C,28.86 °C
2026-04-04 13:40:24,29.00 °C,29.07 °C,28.94 °C
2026-04-04 14:10:35,29.15 °C,29.24 °C,29.07 °C
2026-04-04 14:10:36,29.15 °C,29.24 °C,29.07 °C
2026-04-04 14:40:48,29.30 °C,29.35 °C,29.23 °C
2026-04-04 15:11:01,29.38 °C,29.44 °C,29.35 °C
2026-04-04 15:41:14,29.51 °C,29.56 °C,29.43 °C
2026-04-04 15:41:14,29.51 °C,29.56 °C,29.43 °C
2026-04-04 15:41:14,29.51 °C,29.56 °C,29.43 °C
2026-04-04 16:11:27,29.61 °C,29.66 °C,29.56 °C
2026-04-04 16:11:27,29.61 °C,29.66 °C,29.56 °C
2026-04-04 16:41:46,29.67 °C,29.71 °C,29.63 °C
2026-04-04 17:11:57,29.66 °C,29.70 °C,29.63 °C
2026-04-04 17:11:57,29.66 °C,29.70 °C,29.63 °C
2026-04-04 17:42:04,29.62 °C,29.64 °C,29.59 °C
2026-04-04 17:42:04,29.62 °C,29.64 °C,29.59 °C
2026-04-04 18:12:10,29.56 °C,29.61 °C,29.51 °C
2026-04-04 18:42:16,29.46 °C,29.51 °C,29.42 °C
2026-04-04 19:12:22,29.37 °C,29.42 °C,29.33 °C
2026-04-04 19:42:28,29.32 °C,29.34 °C,29.29 °C
2026-04-04 19:42:28,29.32 °C,29.34 °C,29.29 °C
2026-04-04 19:42:28,29.32 °C,29.34 °C,29.29 °C
2026-04-04 20:12:34,29.27 °C,29.30 °C,29.24 °C
2026-04-04 20:42:41,29.22 °C,29.24 °C,29.20 °C
2026-04-04 21:12:47,29.18 °C,29.20 °C,29.16 °C
2026-04-04 21:12:47,29.18 °C,29.20 °C,29.16 °C
2026-04-04 21:12:47,29.18 °C,29.20 °C,29.16 °C
2026-04-04 21:42:53,29.15 °C,29.17 °C,29.13 °C
2026-04-04 21:42:53,29.15 °C,29.17 °C,29.13 °C
2026-04-04 21:42:53,29.15 °C,29.17 °C,29.13 °C
2026-04-04 22:13:00,29.13 °C,29.14 °C,29.12 °C
2026-04-04 22:43:06,29.12 °C,29.13 °C,29.10 °C
2026-04-04 23:13:12,29.10 °C,29.12 °C,29.08 °C
2026-04-04 23:13:12,29.10 °C,29.12 °C,29.08 °C
2026-04-04 23:43:18,29.07 °C,29.10 °C,29.05 °C
2026-04-04 23:43:18,29.07 °C,29.10 °C,29.05 °C
2026-04-04 23:43:18,29.07 °C,29.10 °C,29.05 °C
2026-04-05 00:13:24,29.03 °C,29.06 °C,29.01 °C
2026-04-05 00:13:24,29.03 °C,29.06 °C,29.01 °C
2026-04-05 00:43:30,29.00 °C,29.01 °C,28.98 °C
2026-04-05 01:13:37,28.97 °C,29.00 °C,28.95 °C
2026-04-05 01:43:43,28.94 °C,28.96 °C,28.93 °C
2026-04-05 01:43:43,28.94 °C,28.96 °C,28.93 °C
2026-04-05 01:43:43,28.94 °C,28.96 °C,28.93 °C
2026-04-05 02:13:49,28.92 °C,28.93 °C,28.90 °C
2026-04-05 02:43:55,28.89 °C,28.92 °C,28.87 °C
2026-04-05 03:14:07,28.85 °C,28.88 °C,28.83 °C
2026-04-05 04:14:20,28.77 °C,28.80 °C,28.74 °C
2026-04-05 04:14:20,28.77 °C,28.80 °C,28.74 °C
2026-04-05 05:14:32,28.71 °C,28.74 °C,28.68 °C
2026-04-05 05:14:32,28.71 °C,28.74 °C,28.68 °C
2026-04-05 05:44:38,28.65 °C,28.69 °C,28.62 °C
2026-04-05 06:14:44,28.59 °C,28.63 °C,28.55 °C
2026-04-05 06:44:51,28.54 °C,28.56 °C,28.51 °C
2026-04-05 06:44:51,28.54 °C,28.56 °C,28.51 °C
2026-04-05 06:44:51,28.54 °C,28.56 °C,28.51 °C
2026-04-05 07:14:57,28.51 °C,28.52 °C,28.50 °C
2026-04-05 07:45:03,28.54 °C,28.58 °C,28.52 °C
2026-04-05 07:45:03,28.54 °C,28.58 °C,28.52 °C
2026-04-05 08:15:09,28.62 °C,28.67 °C,28.57 °C
2026-04-05 08:45:27,28.71 °C,28.77 °C,28.66 °C
2026-04-05 09:15:39,28.81 °C,28.89 °C,28.76 °C
2026-04-05 09:45:53,28.94 °C,29.01 °C,28.88 °C
2026-04-05 10:16:05,29.08 °C,29.16 °C,29.01 °C
2026-04-05 10:46:18,29.21 °C,29.27 °C,29.15 °C
2026-04-05 11:16:36,29.32 °C,29.38 °C,29.27 °C
2026-04-05 11:16:36,29.32 °C,29.38 °C,29.27 °C
2026-04-05 11:46:43,29.44 °C,29.49 °C,29.38 °C
2026-04-05 12:16:49,29.55 °C,29.60 °C,29.50 °C
2026-04-05 12:46:55,29.66 °C,29.72 °C,29.61 °C
2026-04-05 13:17:01,29.76 °C,29.81 °C,29.70 °C
2026-04-05 13:47:08,29.93 °C,30.04 °C,29.82 °C
2026-04-05 14:17:14,30.14 °C,30.24 °C,30.05 °C
2026-04-05 14:47:20,30.32 °C,30.39 °C,30.25 °C
2026-04-05 14:47:20,30.32 °C,30.39 °C,30.25 °C
2026-04-05 15:17:26,30.42 °C,30.47 °C,30.38 °C
2026-04-05 15:17:26,30.42 °C,30.47 °C,30.38 °C
2026-04-05 15:47:33,30.51 °C,30.54 °C,30.47 °C
2026-04-05 16:17:39,30.60 °C,30.64 °C,30.55 °C
2026-04-05 16:47:45,30.62 °C,30.65 °C,30.59 °C
2026-04-05 17:17:57,30.56 °C,30.60 °C,30.52 °C
2026-04-05 17:17:57,30.56 °C,30.60 °C,30.52 °C
2026-04-05 17:48:03,30.48 °C,30.53 °C,30.42 °C
2026-04-05 17:48:03,30.48 °C,30.53 °C,30.42 °C
2026-04-05 18:18:09,30.38 °C,30.43 °C,30.31 °C
2026-04-05 18:48:15,30.24 °C,30.32 °C,30.18 °C
2026-04-05 18:48:15,30.24 °C,30.32 °C,30.18 °C
2026-04-05 19:18:22,30.13 °C,30.18 °C,30.10 °C
2026-04-05 19:48:28,30.05 °C,30.09 °C,30.02 °C
2026-04-05 19:48:28,30.05 °C,30.09 °C,30.02 °C
2026-04-05 20:18:39,30.00 °C,30.03 °C,29.97 °C
2026-04-05 20:48:46,29.97 °C,29.99 °C,29.95 °C
2026-04-05 20:48:46,29.97 °C,29.99 °C,29.95 °C
2026-04-05 21:18:52,29.93 °C,29.96 °C,29.91 °C
2026-04-05 21:48:58,29.89 °C,29.92 °C,29.86 °C
2026-04-05 21:48:58,29.89 °C,29.92 °C,29.86 °C
2026-04-05 22:19:04,29.85 °C,29.89 °C,29.82 °C
2026-04-05 22:49:11,29.80 °C,29.83 °C,29.78 °C
2026-04-05 23:19:17,29.76 °C,29.79 °C,29.74 °C
2026-04-05 23:49:23,29.72 °C,29.74 °C,29.71 °C
2026-04-05 23:49:23,29.72 °C,29.74 °C,29.71 °C
2026-04-06 00:19:29,29.70 °C,29.72 °C,29.68 °C
2026-04-06 00:19:29,29.70 °C,29.72 °C,29.68 °C
2026-04-06 00:49:35,29.67 °C,29.69 °C,29.64 °C
2026-04-06 01:19:42,29.62 °C,29.65 °C,29.59 °C
2026-04-06 01:49:48,29.55 °C,29.59 °C,29.52 °C
2026-04-06 02:19:54,29.48 °C,29.51 °C,29.44 °C
2026-04-06 02:50:00,29.40 °C,29.44 °C,29.37 °C
2026-04-06 02:50:00,29.40 °C,29.44 °C,29.37 °C
2026-04-06 02:50:00,29.40 °C,29.44 °C,29.37 °C
2026-04-06 03:20:07,29.34 °C,29.38 °C,29.31 °C
2026-04-06 03:50:13,29.29 °C,29.32 °C,29.27 °C
2026-04-06 04:20:19,29.24 °C,29.28 °C,29.21 °C
2026-04-06 04:50:25,29.19 °C,29.21 °C,29.16 °C
2026-04-06 04:50:25,29.19 °C,29.21 °C,29.16 °C
2026-04-06 05:20:31,29.13 °C,29.18 °C,29.10 °C
2026-04-06 05:50:49,29.07 °C,29.12 °C,29.04 °C
2026-04-06 06:20:55,29.01 °C,29.05 °C,28.98 °C
2026-04-06 06:51:01,28.95 °C,28.99 °C,28.93 °C
2026-04-06 07:21:07,28.93 °C,28.95 °C,28.91 °C
2026-04-06 07:51:14,29.00 °C,29.07 °C,28.95 °C
2026-04-06 08:21:20,29.11 °C,29.14 °C,29.06 °C
2026-04-06 08:51:26,29.15 °C,29.16 °C,29.13 °C
2026-04-06 09:21:32,29.17 °C,29.20 °C,29.14 °C
2026-04-06 10:21:45,29.31 °C,29.35 °C,29.27 °C
2026-04-06 10:51:51,29.38 °C,29.42 °C,29.35 °C
2026-04-06 10:51:51,29.38 °C,29.42 °C,29.35 °C
2026-04-06 11:21:57,29.46 °C,29.51 °C,29.41 °C
2026-04-06 11:21:57,29.46 °C,29.51 °C,29.41 °C
2026-04-06 11:52:03,29.55 °C,29.62 °C,29.50 °C
2026-04-06 12:22:10,29.70 °C,29.77 °C,29.63 °C
2026-04-06 12:52:16,29.83 °C,29.91 °C,29.77 °C
2026-04-06 13:22:22,29.97 °C,30.02 °C,29.91 °C
2026-04-06 13:52:28,30.08 °C,30.12 °C,30.01 °C
2026-04-06 14:22:34,30.10 °C,30.14 °C,30.08 °C
2026-04-06 14:52:41,30.22 °C,30.29 °C,30.15 °C
2026-04-06 15:22:47,30.33 °C,30.37 °C,30.27 °C
2026-04-06 15:52:59,30.25 °C,30.32 °C,30.18 °C
2026-04-06 16:23:05,30.23 °C,30.29 °C,30.17 °C
2026-04-06 16:23:05,30.23 °C,30.29 °C,30.17 °C
2026-04-06 16:53:11,30.17 °C,30.28 °C,30.04 °C
2026-04-06 16:53:11,30.17 °C,30.28 °C,30.04 °C
2026-04-06 17:23:23,29.99 °C,30.06 °C,29.93 °C
2026-04-06 18:23:36,29.84 °C,29.88 °C,29.79 °C
2026-04-06 18:53:42,29.75 °C,29.80 °C,29.70 °C
2026-04-06 19:23:48,29.68 °C,29.71 °C,29.66 °C
2026-04-06 19:53:54,29.64 °C,29.66 °C,29.62 °C
2026-04-06 20:24:00,29.61 °C,29.63 °C,29.59 °C
2026-04-06 20:24:00,29.61 °C,29.63 °C,29.59 °C
2026-04-06 20:54:06,29.57 °C,29.59 °C,29.54 °C
2026-04-06 20:54:06,29.57 °C,29.59 °C,29.54 °C
2026-04-06 21:54:19,29.43 °C,29.47 °C,29.41 °C
2026-04-06 22:24:37,29.39 °C,29.42 °C,29.37 °C
2026-04-06 22:54:43,29.36 °C,29.37 °C,29.34 °C
2026-04-06 23:24:57,29.33 °C,29.36 °C,29.30 °C
2026-04-06 23:55:09,29.28 °C,29.31 °C,29.26 °C
2026-04-07 00:25:22,29.26 °C,29.28 °C,29.24 °C
2026-04-07 00:55:42,29.22 °C,29.25 °C,29.19 °C
2026-04-07 01:25:54,29.17 °C,29.20 °C,29.14 °C
2026-04-07 01:56:05,29.12 °C,29.14 °C,29.10 °C
2026-04-07 02:26:32,29.08 °C,29.10 °C,29.05 °C
2026-04-07 02:56:45,29.04 °C,29.07 °C,29.02 °C
2026-04-07 03:27:04,29.00 °C,29.03 °C,28.98 °C
2026-04-07 03:57:16,28.95 °C,28.99 °C,28.92 °C
2026-04-07 04:27:29,28.89 °C,28.92 °C,28.86 °C
2026-04-07 04:57:42,28.84 °C,28.87 °C,28.81 °C
2026-04-07 04:57:42,28.84 °C,28.87 °C,28.81 °C
2026-04-07 05:27:54,28.78 °C,28.81 °C,28.76 °C
2026-04-07 05:27:54,28.78 °C,28.81 °C,28.76 °C
2026-04-07 05:58:07,28.73 °C,28.76 °C,28.69 °C
2026-04-07 06:28:19,28.66 °C,28.69 °C,28.63 °C
2026-04-07 06:58:25,28.58 °C,28.62 °C,28.55 °C
2026-04-07 07:28:32,28.54 °C,28.56 °C,28.52 °C
2026-04-07 07:58:38,28.58 °C,28.66 °C,28.52 °C
2026-04-07 08:28:44,28.72 °C,28.77 °C,28.66 °C
2026-04-07 08:58:50,28.83 °C,28.88 °C,28.78 °C
2026-04-07 08:58:50,28.83 °C,28.88 °C,28.78 °C
2026-04-07 09:28:56,28.91 °C,28.93 °C,28.86 °C
2026-04-07 09:59:03,28.99 °C,29.04 °C,28.94 °C
2026-04-07 10:59:15,29.21 °C,29.26 °C,29.16 °C
2026-04-07 11:29:21,29.33 °C,29.38 °C,29.27 °C
2026-04-07 11:29:21,29.33 °C,29.38 °C,29.27 °C
2026-04-07 11:59:28,29.44 °C,29.50 °C,29.38 °C
2026-04-07 12:29:34,29.60 °C,29.73 °C,29.50 °C
2026-04-07 12:59:40,29.85 °C,29.95 °C,29.73 °C
2026-04-07 13:29:46,29.97 °C,29.99 °C,29.95 °C
2026-04-07 13:59:53,29.96 °C,29.99 °C,29.93 °C
2026-04-07 14:29:59,30.02 °C,30.06 °C,29.98 °C
2026-04-07 15:00:05,30.10 °C,30.16 °C,30.06 °C
2026-04-07 15:30:11,30.10 °C,30.15 °C,30.05 °C
2026-04-07 16:00:17,30.04 °C,30.06 °C,30.02 °C
2026-04-07 16:30:30,29.99 °C,30.04 °C,29.92 °C
2026-04-07 17:00:36,29.82 °C,29.93 °C,29.67 °C
2026-04-07 17:00:36,29.82 °C,29.93 °C,29.67 °C
2026-04-07 17:00:36,29.82 °C,29.93 °C,29.67 °C
2026-04-07 17:30:47,29.54 °C,29.68 °C,29.44 °C
2026-04-07 18:00:54,29.35 °C,29.44 °C,29.26 °C
2026-04-07 18:00:54,29.35 °C,29.44 °C,29.26 °C
2026-04-07 18:31:00,29.18 °C,29.27 °C,29.11 °C
2026-04-07 19:31:12,28.91 °C,28.95 °C,28.87 °C
2026-04-07 20:01:18,28.85 °C,28.88 °C,28.83 °C
2026-04-07 20:31:25,28.83 °C,28.85 °C,28.80 °C
2026-04-07 21:01:31,28.78 °C,28.81 °C,28.74 °C
2026-04-07 21:31:37,28.73 °C,28.75 °C,28.71 °C
2026-04-07 22:01:43,28.69 °C,28.71 °C,28.66 °C
2026-04-07 22:31:50,28.65 °C,28.67 °C,28.62 °C
2026-04-07 22:31:50,28.65 °C,28.67 °C,28.62 °C
2026-04-07 23:01:56,28.59 °C,28.63 °C,28.56 °C
2026-04-07 23:32:02,28.52 °C,28.55 °C,28.49 °C
2026-04-08 00:02:08,28.47 °C,28.50 °C,28.45 °C
2026-04-08 00:32:14,28.42 °C,28.45 °C,28.38 °C
2026-04-08 01:02:20,28.37 °C,28.39 °C,28.34 °C
2026-04-08 01:32:27,28.31 °C,28.34 °C,28.29 °C
2026-04-08 01:32:27,28.31 °C,28.34 °C,28.29 °C
2026-04-08 02:02:38,28.26 °C,28.30 °C,28.22 °C
2026-04-08 02:02:38,28.26 °C,28.30 °C,28.22 °C
2026-04-08 02:32:45,28.19 °C,28.23 °C,28.16 °C
2026-04-08 03:02:51,28.13 °C,28.17 °C,28.09 °C
2026-04-08 03:32:57,28.07 °C,28.10 °C,28.03 °C
2026-04-08 04:03:03,27.96 °C,28.04 °C,27.89 °C
2026-04-08 04:33:10,27.83 °C,27.88 °C,27.79 °C
2026-04-08 05:03:16,27.75 °C,27.78 °C,27.72 °C
2026-04-08 05:03:16,27.75 °C,27.78 °C,27.72 °C
2026-04-08 05:33:22,27.68 °C,27.73 °C,27.62 °C
2026-04-08 05:33:22,27.68 °C,27.73 °C,27.62 °C
2026-04-08 06:03:28,27.57 °C,27.62 °C,27.51 °C
2026-04-08 06:33:35,27.46 °C,27.52 °C,27.41 °C
2026-04-08 06:33:35,27.46 °C,27.52 °C,27.41 °C
2026-04-08 07:33:47,27.20 °C,27.26 °C,27.14 °C
2026-04-08 08:03:53,27.11 °C,27.15 °C,27.07 °C
2026-04-08 08:03:53,27.11 °C,27.15 °C,27.07 °C
2026-04-08 08:33:59,27.07 °C,27.09 °C,27.05 °C
2026-04-08 09:04:06,27.05 °C,27.07 °C,27.03 °C
2026-04-08 09:04:06,27.05 °C,27.07 °C,27.03 °C
2026-04-08 09:34:12,27.08 °C,27.10 °C,27.07 °C
2026-04-08 10:34:24,27.25 °C,27.44 °C,27.11 °C
2026-04-08 10:34:24,27.25 °C,27.44 °C,27.11 °C
2026-04-08 10:34:24,27.25 °C,27.44 °C,27.11 °C
2026-04-08 11:04:42,27.46 °C,27.49 °C,27.43 °C
2026-04-08 11:34:55,27.45 °C,27.48 °C,27.42 °C
2026-04-08 11:34:55,27.45 °C,27.48 °C,27.42 °C
2026-04-08 12:05:07,27.42 °C,27.47 °C,27.39 °C
2026-04-08 12:35:20,27.60 °C,27.72 °C,27.46 °C
2026-04-08 13:05:33,27.71 °C,27.73 °C,27.70 °C
2026-04-08 13:35:52,27.77 °C,27.83 °C,27.71 °C
2026-04-08 14:05:58,27.85 °C,27.87 °C,27.82 °C
2026-04-08 14:36:04,27.86 °C,27.87 °C,27.84 °C
2026-04-08 15:06:10,27.93 °C,27.95 °C,27.89 °C
2026-04-08 15:06:10,27.93 °C,27.95 °C,27.89 °C
2026-04-08 15:36:17,27.90 °C,27.94 °C,27.85 °C
2026-04-08 16:06:23,27.77 °C,27.84 °C,27.71 °C
2026-04-08 17:06:35,27.71 °C,27.74 °C,27.66 °C
2026-04-08 18:06:53,27.36 °C,27.46 °C,27.25 °C
2026-04-08 18:37:05,27.15 °C,27.26 °C,27.05 °C
2026-04-08 19:07:18,26.93 °C,27.04 °C,26.83 °C
2026-04-08 19:37:31,26.76 °C,26.82 °C,26.71 °C
2026-04-08 20:07:51,26.66 °C,26.70 °C,26.61 °C
2026-04-08 20:07:51,26.66 °C,26.70 °C,26.61 °C
2026-04-08 20:37:57,26.56 °C,26.62 °C,26.51 °C
2026-04-08 21:38:21,26.41 °C,26.44 °C,26.37 °C
2026-04-08 22:08:27,26.30 °C,26.37 °C,26.22 °C
2026-04-08 22:38:34,26.18 °C,26.22 °C,26.14 °C
2026-04-08 23:38:46,26.02 °C,26.06 °C,25.98 °C
2026-04-08 23:38:46,26.02 °C,26.06 °C,25.98 °C
2026-04-09 00:08:52,25.94 °C,25.99 °C,25.89 °C
2026-04-09 00:08:52,25.94 °C,25.99 °C,25.89 °C
2026-04-09 00:38:59,25.85 °C,25.90 °C,25.80 °C
2026-04-09 01:09:05,25.76 °C,25.81 °C,25.71 °C
2026-04-09 01:09:05,25.76 °C,25.81 °C,25.71 °C
2026-04-09 01:09:05,25.76 °C,25.81 °C,25.71 °C
2026-04-09 01:39:11,25.66 °C,25.71 °C,25.61 °C
2026-04-09 02:39:24,25.41 °C,25.47 °C,25.35 °C
2026-04-09 03:09:35,25.30 °C,25.35 °C,25.24 °C
2026-04-09 03:39:48,25.21 °C,25.25 °C,25.17 °C
2026-04-09 04:10:08,25.12 °C,25.18 °C,25.07 °C
2026-04-09 04:10:08,25.12 °C,25.18 °C,25.07 °C
2026-04-09 04:40:14,25.02 °C,25.06 °C,24.98 °C
2026-04-09 04:40:14,25.02 °C,25.06 °C,24.98 °C
2026-04-09 05:10:27,24.95 °C,24.99 °C,24.91 °C
2026-04-09 05:40:46,24.88 °C,24.91 °C,24.85 °C
2026-04-09 06:10:51,24.82 °C,24.85 °C,24.79 °C
2026-04-09 07:11:04,24.66 °C,24.70 °C,24.63 °C
2026-04-09 07:41:10,24.58 °C,24.62 °C,24.56 °C
2026-04-09 08:11:16,24.52 °C,24.57 °C,24.47 °C
2026-04-09 08:41:22,24.55 °C,24.61 °C,24.49 °C
2026-04-09 09:11:29,24.68 °C,24.78 °C,24.60 °C
2026-04-09 09:11:29,24.68 °C,24.78 °C,24.60 °C